identity_id,Player,Version,Pos,Pos2,Ht,Archetype,Board,NEED Takeover,NEED Pure shooter,NEED Driver / fouls,NEED Elite peri D,NEED Elite int D,NEED 2-way wing,NEED Glue,NEED Scoring PG,NEED Combo guard,NEED Stretch 4,NEED Rolling big,NEED Trade value,Flags,Mock S9,Pick S7,Pick S8,Pick S9,Value (mock - prod rank),Prod rank,Prod rank (pos grp),Prod decile,Pts/36 rank,Pts/36 rank (grp),3PM/36 rank (grp),Ast/36 rank (grp),Reb/36 rank (grp),Takeover,Scorer,Shooter,Driver,Fouls,Scoring PG,Combo G,Glue,Passer,Stretch 4/5,Roller,2-way D,Peri D,Int D,Speed,Stop driver,Stop shooter,Stop in/out,Stop post,Trade value,Pts/36,z Pts,TS%,3PM/36,3P%,FTA/36,FT%,Ast/36,Ast/TO,Reb/36,Stl/36,Blk/36,40+ games,Games,Min/g,OVR,Peri D rtg,Int D rtg,Speed rtg,Roll v Pop,,Outside Scoring,Close Shot,Mid-Range Shot,Three-Point Shot,Free Throw,Shot IQ,Offensive Consistency,Athleticism,Speed,Agility,Strength,Vertical,Stamina,Hustle,Overall Durability,Inside Scoring,Layup,Standing Dunk,Driving Dunk,Post Hook,Post Fade,Post Control,Draw Foul,Hands,Playmaking,Pass Accuracy,Ball Handle,Speed with Ball,Pass IQ,Pass Vision,Defending,Interior Defense,Perimeter Defense,Steal,Block,Help Defense IQ,Pass Perception,Defensive Consistency,Rebounding,Offensive Rebound,Defensive Rebound,Intangibles,Potential,Total Badges,Legendary Badges,Hall of Fame Badges,Gold Badges,Silver Badges,Bronze Badges,Deadeye,Limitless Range,Mini Marksman,Set Shot Specialist,Shifty Shooter,Aerial Wizard,Float Game,Hook Specialist,Layup Mixmaster,Paint Prodigy,Physical Finisher,Post Fade Phenom,Post Powerhouse,Posterizer,Post-Up Poet,Rise Up,Ankle Assassin,Bail Out,Break Starter,Dimer,Handles For Days,Lightning Launch,Strong Handle,Unpluckable,Versatile Visionary,Challenger,Glove,High Flying Denier,Interceptor,Immovable Enforcer,Off-Ball Pest,On-Ball Menace,Paint Patroller,Pick Dodger,Post Lockdown,Boxout Beast,Rebound Chaser,Brick Wall,Slippery Off-Ball,Pogo Stick, ,S9 Games Played,S9 Min,S9 Pts,S9 Reb,S9 Assts,S9 Stls,S9 Blk,S9 TO,S9 FGM,S9 FGA,S9 3PTM,S9 3PTA,S9 FTM,S9 FTA,S9 OR,S9 Def. Reb,S9 Foul,S9 Min Avg.,S9 Pts Avg,S9 Reb Avg,S9 Asst Avg,S9 Stl Avg,S9 Blk Avg,S9 TO Avg,S9 Off.Reb Avg,S9 Def.Reb Avg,S9 Foul Avg,S9 FG %,S9 2 PT %,S9 3 PT %,S9 FT %,S9 Pts Avg 36mins,S9 Reb Avg 36mins,S9 Asst Avg 36mins,S9 Stl Avg 36mins,S9 Blk Avg 36mins,S9 TO Avg 36mins,S9 Off.Reb Avg 36mins,S9 Def.Reb Avg 36mins,S9 Foul Avg 36mins,S9 Eligible FG %,S9 Eligible 2 PT %,S9 Eligible 3 PT %,S9 Eligible FT %,S9 Effective FG%,S9 True FG%,S9 Rebounds per Minute,S9 Points Per Minute,S9 Effective FG% Rank,S9 True FG% Rank,S9 Rebounds Per Minute Rank,S9 Points Per Minute Rank,S9 Min Avg Rank,S9 Pts Avg Rank,S9 Reb Avg Rank,S9 Asst Avg Rank,S9 Stl Avg Rank,S9 Blk Avg Rank,S9 TO Avg Rank,S9 Off.Reb Avg Rank,S9 Def.Reb Avg Rank,S9 Foul Avg Rank,S9 FG % Rank,S9 2 PT % Rank,S9 3 PT % Rank,S9 FT % Rank,S9 Pts Avg per 36mins Rank,S9 Reb Avg per 36mins Rank,S9 Asst Avg per 36mins Rank,S9 Stl Avg per 36mins Rank,S9 Blk Avg per 36mins Rank,S9 TO Avg per 36mins Rank,S9 Off.Reb Avg per 36mins Rank,S9 Def.Reb Avg per 36mins Rank,S9 Foul Avg per 36mins Rank
666,Kevin Durant,Thunder,SF,PF,"6'9""",,30.31,✅,✅,,,,,✅,,,,,✅,,18.0,,18.0,14.0,16.0,2.0,2.0,1.0,4.0,2.0,5.0,39.0,4.0,1 S9,1 S9,1 S9,2 S9,1 S9,,,1 S9,,,,,,,2,,,,,1,35.7,3.06,0.64,4.8,0.46,4.42,0.91,2.8,2.41,7.5,0.6,1.4,12.0,29.0,36.8,97.0,85.0,68.0,80.0,20.0,,96.0,98.0,98.0,95.0,90.0,99.0,98.0,82.0,80.0,85.0,63.0,77.0,94.0,85.0,89.0,86.0,95.0,60.0,90.0,76.0,88.0,82.0,95.0,98.0,83.0,75.0,92.0,80.0,92.0,77.0,74.0,68.0,85.0,47.0,73.0,85.0,75.0,85.0,70.0,60.0,79.0,83.0,99.0,19,0,0,7,5,7,3.0,3.0,,3.0,3.0,2.0,3.0,,3.0,,2.0,,,,,,1.0,1.0,2.0,,2.0,2.0,1.0,1.0,,1.0,,,,1.0,,1.0,,,,,,,3.0,,,29.0,1066.0,1057.0,221.0,82.0,18.0,40.0,34.0,398.0,762.0,142.0,306.0,119.0,131.0,10.0,211.0,54.0,36.8,36.4,7.6,2.8,0.6,1.4,1.2,0.3,7.3,1.9,0.52,0.56,0.46,0.91,35.7,7.5,2.8,0.6,1.4,1.1,0.3,7.1,1.8,0.52,0.56,0.46,0.91,0.62,0.64,0.21,0.99,70.0,64.0,75.0,3.0,7.0,2.0,51.0,98.0,90.0,21.0,187.0,96.0,45.0,208.0,85.0,116.0,14.0,28.0,4.0,75.0,136.0,154.0,33.0,151.0,118.0,74.0,153.0
776,LeBron James,Heat,SF,PF,"6'8""",,30.08,✅,,,✅,,,✅,,,,,✅,,3.0,,,1.0,2.0,1.0,1.0,1.0,2.0,1.0,9.0,2.0,32.0,1 S9,1 S9,2 S9,2 S9,,,,1 S9,1 S9,,,2,1,,1,1,1,,,1,35.8,3.08,0.61,3.4,0.39,5.31,0.73,6.3,3.2,4.4,1.0,0.5,12.0,29.0,37.7,99.0,96.0,80.0,86.0,15.0,,91.0,97.0,94.0,86.0,75.0,98.0,98.0,94.0,86.0,96.0,92.0,94.0,98.0,95.0,97.0,88.0,98.0,70.0,95.0,74.0,84.0,89.0,96.0,98.0,90.0,87.0,86.0,85.0,96.0,96.0,83.0,80.0,96.0,62.0,52.0,93.0,97.0,98.0,66.0,52.0,79.0,68.0,99.0,31,1,3,18,6,3,3.0,2.0,,4.0,3.0,2.0,3.0,,3.0,1.0,3.0,2.0,2.0,4.0,2.0,1.0,,3.0,3.0,3.0,,3.0,,,3.0,4.0,3.0,5.0,3.0,3.0,3.0,3.0,1.0,3.0,2.0,,,3.0,,3.0,,29.0,1092.0,1086.0,133.0,192.0,31.0,14.0,60.0,433.0,818.0,102.0,262.0,118.0,161.0,6.0,127.0,52.0,37.7,37.4,4.6,6.6,1.1,0.5,2.1,0.2,4.4,1.8,0.53,0.6,0.39,0.73,35.8,4.4,6.3,1.0,0.5,2.0,0.2,4.2,1.7,0.53,0.6,0.39,0.73,0.59,0.61,0.12,0.99,82.0,88.0,119.0,3.0,4.0,1.0,95.0,12.0,6.0,81.0,229.0,131.0,92.0,196.0,81.0,86.0,54.0,172.0,2.0,121.0,32.0,20.0,90.0,223.0,158.0,119.0,122.0
92,Gilbert Arenas,,PG,SG,"6'3""",,29.82,✅,✅,✅,,,,,✅,✅,,,,D<85,29.0,50.0,42.0,26.0,15.0,14.0,5.0,1.0,7.0,4.0,10.0,24.0,63.0,1 S9,1 S9,1 S9,1 S9,1 S9,1 S9,1 S9,,1 S9,,,,,,1,,,,,,32.7,2.61,0.61,4.9,0.4,5.26,0.81,6.4,3.04,2.6,0.3,0.2,9.0,37.0,35.7,93.0,79.0,67.0,94.0,25.0,,91.0,88.0,92.0,89.0,82.0,98.0,95.0,92.0,94.0,89.0,78.0,95.0,98.0,96.0,95.0,78.0,95.0,35.0,75.0,60.0,88.0,74.0,96.0,98.0,89.0,90.0,92.0,94.0,92.0,75.0,71.0,67.0,79.0,75.0,50.0,75.0,78.0,75.0,58.0,54.0,62.0,65.0,99.0,17,0,0,12,4,1,3.0,1.0,,3.0,3.0,,3.0,,3.0,,2.0,,,,,,3.0,3.0,2.0,3.0,3.0,2.0,3.0,3.0,3.0,,,,,,,,,,,,,,2.0,,,37.0,1320.0,1198.0,95.0,234.0,12.0,7.0,77.0,431.0,900.0,180.0,450.0,156.0,193.0,12.0,83.0,57.0,35.7,32.4,2.6,6.3,0.3,0.2,2.1,0.3,2.2,1.5,0.48,0.56,0.4,0.81,32.7,2.6,6.4,0.3,0.2,2.1,0.3,2.3,1.6,0.48,0.56,0.4,0.81,0.58,0.61,0.07,0.91,94.0,91.0,193.0,7.0,25.0,6.0,158.0,15.0,197.0,131.0,229.0,96.0,165.0,146.0,113.0,121.0,41.0,116.0,7.0,197.0,26.0,224.0,150.0,227.0,118.0,203.0,102.0
96,Shai Gilgeous-Alexander,,PG,SG,"6'6""",2-Way Mid-Paint Playmaker,27.21,✅,,✅,,,,,✅,✅,,,,faded:Shooter/Glue,7.0,26.0,13.0,7.0,-18.0,25.0,7.0,2.0,17.0,11.0,63.0,7.0,42.0,1 S8,1 S8,2 S7f,1 S9,1 S9,1 S7,1 S9,2 S8f,1 S9,,,,,,1,,2,,,2,26.5,1.69,0.59,1.6,0.27,4.64,0.86,8.6,3.7,2.9,0.5,0.4,4.0,34.0,35.1,98.0,86.0,69.0,86.0,0.0,,92.0,98.0,98.0,82.0,89.0,90.0,98.0,84.0,86.0,86.0,62.0,85.0,98.0,90.0,80.0,77.0,97.0,40.0,75.0,66.0,73.0,72.0,98.0,98.0,92.0,97.0,95.0,85.0,98.0,86.0,80.0,69.0,86.0,70.0,63.0,89.0,95.0,85.0,44.0,34.0,55.0,90.0,95.0,26,0,1,13,10,2,3.0,,2.0,3.0,3.0,,3.0,,3.0,2.0,4.0,,,,,,2.0,3.0,3.0,2.0,2.0,2.0,3.0,3.0,3.0,2.0,3.0,,3.0,1.0,2.0,2.0,,3.0,,,,,1.0,2.0,,34.0,1195.0,878.0,95.0,285.0,15.0,14.0,77.0,346.0,678.0,53.0,196.0,133.0,154.0,12.0,83.0,71.0,35.1,25.8,2.8,8.4,0.4,0.4,2.3,0.4,2.4,2.1,0.51,0.61,0.27,0.86,26.5,2.9,8.6,0.5,0.4,2.3,0.4,2.5,2.1,0.51,0.61,0.27,0.86,0.55,0.59,0.08,0.73,120.0,114.0,169.0,17.0,43.0,14.0,149.0,4.0,159.0,92.0,232.0,85.0,156.0,220.0,95.0,81.0,140.0,57.0,17.0,176.0,7.0,184.0,107.0,231.0,94.0,186.0,205.0
38,Carmelo Anthony,,SF,PF,"6'8""",,26.59,✅,✅,✅,,,,,,,,,,D<85,17.0,22.0,20.0,17.0,9.0,8.0,3.0,1.0,5.0,3.0,1.0,35.0,7.0,1 S9,1 S9,1 S9,1 S9,1 S9,,,,,,,,,,1,,,,,2,33.7,2.76,0.62,5.5,0.42,4.82,0.83,2.9,2.67,6.7,0.5,0.5,13.0,26.0,38.8,95.0,77.0,75.0,94.0,40.0,,92.0,88.0,96.0,87.0,86.0,98.0,98.0,88.0,94.0,74.0,85.0,74.0,98.0,98.0,95.0,83.0,78.0,55.0,85.0,82.0,93.0,85.0,90.0,98.0,86.0,85.0,93.0,87.0,85.0,81.0,76.0,75.0,77.0,69.0,55.0,85.0,83.0,85.0,83.0,81.0,84.0,45.0,99.0,15,0,2,5,8,0,4.0,2.0,,3.0,4.0,3.0,2.0,,2.0,,2.0,2.0,,3.0,2.0,,2.0,,,,3.0,2.0,,,,,,,,,,,,,,,,,3.0,,,26.0,1009.0,945.0,188.0,80.0,14.0,15.0,30.0,340.0,703.0,153.0,366.0,112.0,135.0,20.0,168.0,35.0,38.8,36.3,7.2,3.1,0.5,0.6,1.2,0.8,6.5,1.3,0.48,0.56,0.42,0.83,33.7,6.7,2.9,0.5,0.5,1.1,0.7,6.0,1.2,0.48,0.56,0.42,0.83,0.59,0.62,0.19,0.94,82.0,82.0,80.0,5.0,1.0,3.0,53.0,75.0,126.0,69.0,187.0,61.0,50.0,107.0,110.0,123.0,27.0,93.0,5.0,82.0,128.0,184.0,90.0,151.0,71.0,83.0,21.0
21,Oscar Robertson,Kings,PG,SG,"6'5""",,26.14,,,✅,,,,🟡,✅,✅,,,,,7.0,8.0,8.0,8.0,-6.0,13.0,4.0,1.0,16.0,10.0,63.0,33.0,3.0,2 S9,1 S7,,1 S9,1 S9,1 S8,1 S9,2 S9,1 S9,,,,2,,1,,,,,2,27.1,1.78,0.55,1.6,0.26,5.54,0.89,6.1,3.86,6.0,0.8,0.3,5.0,36.0,35.5,97.0,88.0,55.0,93.0,45.0,,94.0,95.0,94.0,90.0,87.0,98.0,98.0,88.0,93.0,80.0,75.0,86.0,98.0,83.0,98.0,73.0,98.0,25.0,50.0,70.0,82.0,71.0,95.0,90.0,95.0,98.0,89.0,91.0,98.0,97.0,78.0,55.0,88.0,72.0,45.0,95.0,95.0,95.0,85.0,82.0,88.0,80.0,99.0,19,0,2,17,0,0,3.0,,,,4.0,,3.0,,4.0,,3.0,,,,,,3.0,3.0,3.0,3.0,,3.0,3.0,3.0,3.0,3.0,3.0,3.0,3.0,,,,,3.0,,,3.0,,,,,36.0,1279.0,962.0,213.0,216.0,29.0,9.0,56.0,365.0,784.0,56.0,220.0,176.0,197.0,18.0,195.0,55.0,35.5,26.7,5.9,6.0,0.8,0.3,1.6,0.5,5.4,1.5,0.47,0.55,0.26,0.89,27.1,6.0,6.1,0.8,0.3,1.6,0.5,5.5,1.5,0.47,0.55,0.26,0.89,0.5,0.55,0.17,0.75,176.0,161.0,87.0,16.0,30.0,12.0,71.0,18.0,29.0,108.0,218.0,80.0,68.0,146.0,129.0,131.0,148.0,38.0,16.0,92.0,37.0,69.0,124.0,207.0,86.0,93.0,71.0
14,Stephen Curry,Warriors,PG,,"6'3""",,26.04,✅,✅,,,,,,,,,,,D<85 faded:Combo G/Passer,21.0,16.0,19.0,29.0,10.0,11.0,2.0,1.0,1.0,1.0,1.0,83.0,81.0,1 S9,1 S9,1 S9,2 S9,1 S9,,2 S8f,,2 S8f,,,,,,1,,,,,2,39.5,3.63,0.63,8.8,0.43,3.85,0.89,2.9,2.16,2.2,0.5,0.0,10.0,27.0,32.2,98.0,82.0,30.0,93.0,0.0,,95.0,90.0,93.0,99.0,91.0,98.0,98.0,84.0,93.0,85.0,48.0,78.0,98.0,98.0,86.0,58.0,97.0,25.0,36.0,35.0,52.0,35.0,84.0,98.0,94.0,96.0,97.0,93.0,97.0,88.0,69.0,30.0,82.0,77.0,37.0,82.0,95.0,80.0,46.0,38.0,53.0,69.0,99.0,19,3,1,10,2,3,4.0,5.0,5.0,3.0,5.0,,3.0,,3.0,,,,,,,,3.0,3.0,2.0,1.0,3.0,3.0,3.0,3.0,1.0,,2.0,,1.0,,,,,,,,,,3.0,,,27.0,869.0,953.0,52.0,69.0,12.0,0.0,32.0,329.0,716.0,212.0,497.0,83.0,93.0,1.0,51.0,42.0,32.2,35.3,1.9,2.6,0.4,0.0,1.2,0.0,1.9,1.6,0.46,0.53,0.43,0.89,39.5,2.2,2.9,0.5,0.0,1.3,0.0,2.1,1.7,0.46,0.53,0.43,0.89,0.61,0.63,0.06,1.1,74.0,74.0,213.0,1.0,98.0,4.0,187.0,104.0,159.0,195.0,187.0,217.0,178.0,165.0,137.0,143.0,21.0,39.0,1.0,216.0,128.0,184.0,206.0,183.0,224.0,213.0,122.0
54,Tracy McGrady,Magic,SG,PG,"6'8""",,25.05,✅,✅,,,,,🟡,,,,,,D<85 faded:Driver/Fouls/Combo G,46.0,32.0,50.0,44.0,37.0,9.0,1.0,1.0,2.0,2.0,5.0,77.0,8.0,1 S9,1 S9,1 S9,2 S7f,2 S8f,,2 S8f,2 S9,2 S8f,,,,,,1,,,,,2,35.8,3.08,0.61,6.0,0.4,3.03,0.7,3.1,3.52,4.2,0.8,0.3,11.0,29.0,32.4,95.0,82.0,66.0,91.0,25.0,,92.0,92.0,95.0,91.0,80.0,98.0,98.0,84.0,91.0,82.0,68.0,98.0,98.0,80.0,73.0,82.0,94.0,75.0,95.0,61.0,84.0,74.0,74.0,98.0,87.0,82.0,90.0,85.0,84.0,95.0,74.0,66.0,82.0,61.0,47.0,84.0,94.0,85.0,48.0,35.0,60.0,54.0,99.0,15,0,3,8,4,0,4.0,4.0,,,4.0,3.0,3.0,,3.0,,3.0,,,2.0,,,2.0,,3.0,2.0,,3.0,3.0,,2.0,,,,,,,,,,,,,,3.0,,,29.0,939.0,935.0,110.0,81.0,22.0,7.0,23.0,361.0,729.0,157.0,397.0,55.0,79.0,10.0,100.0,49.0,32.4,32.2,3.8,2.8,0.8,0.2,0.8,0.3,3.4,1.7,0.5,0.61,0.4,0.7,35.8,4.2,3.1,0.8,0.3,0.9,0.4,3.8,1.9,0.5,0.61,0.4,0.7,0.6,0.61,0.12,1.0,77.0,86.0,119.0,2.0,94.0,7.0,113.0,98.0,29.0,131.0,130.0,96.0,115.0,183.0,104.0,76.0,47.0,196.0,2.0,125.0,115.0,69.0,124.0,114.0,94.0,126.0,174.0
56,Jayson Tatum,,PF,SF,"6'8""",2-Way 3-Level Shot Creator,24.96,✅,,,,,,✅,,,✅,,,,22.0,24.0,24.0,22.0,-20.0,42.0,24.0,2.0,27.0,4.0,2.0,5.0,74.0,1 S9,2 S9,2 S9,2 S9,1 S8,,,1 S9,2 S9,1 S9,,2,2,,2,2,,,,2,24.6,1.4,0.56,3.9,0.38,3.67,0.77,4.0,2.57,6.8,1.0,0.2,5.0,29.0,36.2,94.0,87.0,81.0,82.0,10.0,,88.0,90.0,85.0,85.0,81.0,90.0,98.0,86.0,82.0,88.0,71.0,83.0,95.0,98.0,80.0,84.0,96.0,50.0,89.0,79.0,86.0,88.0,88.0,98.0,80.0,78.0,86.0,79.0,84.0,73.0,74.0,81.0,87.0,43.0,52.0,89.0,84.0,85.0,60.0,35.0,85.0,95.0,95.0,28,0,0,9,10,9,3.0,2.0,,2.0,3.0,1.0,3.0,,3.0,,3.0,2.0,,3.0,1.0,,2.0,3.0,1.0,1.0,2.0,1.0,3.0,,2.0,2.0,1.0,1.0,1.0,,2.0,2.0,,1.0,,,,,2.0,3.0,,29.0,1050.0,718.0,199.0,118.0,28.0,6.0,46.0,261.0,592.0,114.0,301.0,82.0,107.0,13.0,186.0,46.0,36.2,24.8,6.9,4.1,1.0,0.2,1.6,0.4,6.4,1.6,0.44,0.5,0.38,0.77,24.6,6.8,4.0,1.0,0.2,1.6,0.4,6.4,1.6,0.44,0.5,0.38,0.77,0.54,0.56,0.19,0.68,139.0,146.0,80.0,27.0,15.0,18.0,63.0,45.0,11.0,131.0,218.0,85.0,52.0,165.0,157.0,179.0,61.0,156.0,27.0,80.0,72.0,20.0,150.0,207.0,94.0,79.0,102.0
9,Kobe Bryant,Lakers,SG,SF,"6'6""",,22.83,✅,,,✅,,,,,,,,,faded:Shooter/Driver/Fouls,6.0,5.0,4.0,2.0,-29.0,35.0,12.0,2.0,6.0,3.0,3.0,79.0,42.0,1 S9,1 S9,2 S8f,1 S8f,1 S8f,,1 S7f,1 S8f,1 S7f,,,,1,,1,,1,,,2,33.1,2.67,0.55,6.2,0.36,2.73,0.91,3.0,2.97,2.9,0.6,0.2,6.0,29.0,35.4,99.0,97.0,62.0,93.0,25.0,,93.0,96.0,98.0,85.0,85.0,97.0,99.0,88.0,93.0,97.0,70.0,92.0,98.0,85.0,83.0,80.0,98.0,35.0,95.0,57.0,97.0,68.0,92.0,97.0,88.0,95.0,89.0,88.0,95.0,75.0,81.0,62.0,97.0,67.0,51.0,97.0,95.0,97.0,50.0,46.0,54.0,70.0,99.0,22,1,2,14,5,0,5.0,2.0,,,4.0,,3.0,,3.0,2.0,3.0,2.0,,3.0,2.0,,3.0,3.0,3.0,,,2.0,,,,4.0,3.0,,3.0,3.0,3.0,3.0,,3.0,,,,,3.0,,,29.0,1027.0,945.0,83.0,86.0,18.0,5.0,29.0,348.0,832.0,178.0,501.0,71.0,78.0,11.0,72.0,45.0,35.4,32.6,2.9,3.0,0.6,0.2,1.0,0.4,2.5,1.6,0.42,0.51,0.36,0.91,33.1,2.9,3.0,0.6,0.2,1.0,0.4,2.5,1.6,0.42,0.51,0.36,0.91,0.52,0.55,0.08,0.92,151.0,167.0,169.0,6.0,35.0,5.0,145.0,80.0,90.0,131.0,169.0,85.0,152.0,165.0,183.0,171.0,81.0,27.0,6.0,176.0,119.0,154.0,150.0,136.0,94.0,186.0,102.0
34,Vince Carter,Raptors,SF,SG,"6'6""",,22.75,✅,,✅,,,,,,,,,,D<85 faded:Shooter/Glue,21.0,12.0,11.0,16.0,-3.0,24.0,5.0,1.0,9.0,4.0,7.0,7.0,40.0,1 S7,1 S9,2 S7f,1 S9,1 S9,,,2 S7f,2 S9,,,,,,1,,,,,2,29.9,2.2,0.55,3.6,0.32,4.68,0.85,4.1,3.23,3.8,0.6,0.5,4.0,31.0,36.0,96.0,80.0,60.0,90.0,25.0,,92.0,91.0,92.0,90.0,83.0,98.0,98.0,87.0,90.0,85.0,65.0,99.0,98.0,95.0,79.0,81.0,93.0,80.0,99.0,46.0,78.0,67.0,88.0,98.0,82.0,82.0,86.0,85.0,85.0,70.0,74.0,60.0,80.0,63.0,66.0,82.0,88.0,80.0,62.0,59.0,65.0,98.0,99.0,17,1,1,11,4,0,3.0,2.0,,,3.0,4.0,3.0,,3.0,,3.0,,,5.0,,,3.0,,2.0,,2.0,3.0,,,,,2.0,3.0,,,,,,3.0,,,,,3.0,3.0,,31.0,1116.0,926.0,118.0,126.0,18.0,15.0,39.0,346.0,786.0,111.0,348.0,123.0,145.0,10.0,108.0,58.0,36.0,29.9,3.8,4.1,0.6,0.5,1.3,0.3,3.5,1.9,0.44,0.54,0.32,0.85,29.9,3.8,4.1,0.6,0.5,1.3,0.3,3.5,1.9,0.44,0.54,0.32,0.85,0.51,0.55,0.11,0.83,171.0,167.0,128.0,8.0,18.0,8.0,113.0,45.0,90.0,81.0,204.0,96.0,113.0,208.0,159.0,141.0,110.0,74.0,9.0,135.0,68.0,154.0,90.0,183.0,118.0,136.0,174.0
27,Kawhi Leonard,Raptors,SF,PF,"6'7""",,22.72,,,✅,✅,,,,,,,,✅,faded:Glue,14.0,20.0,,10.0,-2.0,16.0,4.0,1.0,14.0,6.0,8.0,18.0,34.0,2 S9,2 S9,2 S9,1 S9,1 S9,,,1 S7f,2 S9,,,2,1,,2,1,1,,,1,27.5,1.84,0.57,3.5,0.42,6.34,0.82,3.6,2.97,4.3,0.7,0.4,4.0,29.0,36.0,96.0,97.0,79.0,81.0,40.0,,91.0,94.0,87.0,83.0,85.0,98.0,98.0,87.0,81.0,97.0,75.0,79.0,98.0,98.0,82.0,83.0,93.0,55.0,86.0,68.0,88.0,85.0,88.0,98.0,83.0,83.0,86.0,79.0,90.0,78.0,87.0,79.0,97.0,92.0,50.0,97.0,97.0,98.0,71.0,70.0,72.0,65.0,99.0,20,0,3,7,4,6,3.0,1.0,,3.0,3.0,1.0,2.0,,2.0,1.0,2.0,,,1.0,,,,2.0,,,,,,,,3.0,4.0,1.0,3.0,4.0,3.0,4.0,,3.0,1.0,,,,,,,29.0,1044.0,798.0,126.0,104.0,21.0,11.0,35.0,273.0,620.0,102.0,243.0,150.0,184.0,7.0,119.0,42.0,36.0,27.5,4.3,3.6,0.7,0.4,1.2,0.2,4.1,1.4,0.44,0.45,0.42,0.82,27.5,4.3,3.6,0.7,0.4,1.2,0.2,4.1,1.4,0.44,0.45,0.42,0.82,0.52,0.57,0.12,0.76,155.0,136.0,119.0,14.0,18.0,10.0,100.0,60.0,59.0,92.0,187.0,131.0,99.0,129.0,159.0,213.0,26.0,109.0,14.0,123.0,91.0,109.0,107.0,166.0,158.0,122.0,55.0
667,Giannis Antetokounmpo,,PF,C,"6'11""",Crafty Slashing Board Enforcer,22.26,,,,,✅,✅,✅,,,,✅,,,5.0,,5.0,3.0,-2.0,7.0,5.0,1.0,19.0,1.0,25.0,1.0,38.0,2 S9,2 S9,,,,,,1 S9,1 S9,,1 S9,1,2,1,1,2,,1,1,2,25.8,1.58,0.65,0.4,0.18,4.57,0.6,8.0,2.71,11.6,0.7,1.7,3.0,29.0,34.2,97.0,87.0,90.0,89.0,80.0,,80.0,97.0,57.0,75.0,66.0,90.0,98.0,91.0,89.0,86.0,94.0,85.0,98.0,95.0,91.0,89.0,98.0,85.0,91.0,79.0,74.0,90.0,97.0,95.0,86.0,84.0,87.0,80.0,95.0,86.0,85.0,90.0,87.0,70.0,70.0,92.0,88.0,95.0,86.0,82.0,90.0,85.0,95.0,31,0,1,13,14,3,,,,,,3.0,2.0,2.0,3.0,3.0,4.0,2.0,3.0,3.0,2.0,1.0,,1.0,2.0,2.0,,2.0,3.0,,2.0,2.0,2.0,3.0,2.0,3.0,2.0,3.0,3.0,1.0,3.0,3.0,2.0,2.0,,3.0,,29.0,993.0,712.0,321.0,222.0,19.0,48.0,82.0,313.0,495.0,11.0,60.0,75.0,126.0,73.0,248.0,47.0,34.2,24.6,11.1,7.7,0.7,1.7,2.8,2.5,8.6,1.6,0.63,0.69,0.18,0.6,25.8,11.6,8.0,0.7,1.7,3.0,2.6,9.0,1.7,0.63,0.69,0.18,0.6,0.64,0.65,0.32,0.72,51.0,62.0,37.0,18.0,62.0,20.0,28.0,6.0,59.0,9.0,233.0,23.0,33.0,165.0,40.0,33.0,175.0,219.0,19.0,38.0,8.0,109.0,16.0,233.0,27.0,45.0,122.0
280,LaMelo Ball,,PG,SG,"6'7""",Table Setter,21.84,,✅,,,,,,✅,✅,,,,D<85,228.0,235.0,192.0,183.0,216.0,12.0,3.0,1.0,8.0,5.0,8.0,12.0,14.0,,1 S9,1 S9,2 S9,1 S9,1 S9,1 S9,,1 S9,,,,,,2,,,,,,30.1,2.23,0.63,5.4,0.46,4.19,0.84,7.5,3.4,3.7,0.7,0.3,0.0,29.0,26.9,86.0,70.0,45.0,84.0,50.0,,80.0,78.0,74.0,80.0,90.0,75.0,80.0,80.0,84.0,84.0,50.0,79.0,93.0,89.0,82.0,67.0,84.0,45.0,75.0,52.0,58.0,52.0,70.0,98.0,90.0,93.0,88.0,84.0,93.0,93.0,66.0,45.0,70.0,59.0,42.0,79.0,89.0,75.0,53.0,41.0,65.0,70.0,95.0,15,0,0,3,6,6,2.0,1.0,,1.0,1.0,,3.0,,1.0,,1.0,,,,,,2.0,1.0,2.0,3.0,,2.0,2.0,2.0,3.0,,,,,,,,,,,,,,,,,29.0,781.0,652.0,81.0,163.0,16.0,6.0,48.0,229.0,480.0,118.0,256.0,76.0,91.0,4.0,77.0,44.0,26.9,22.5,2.8,5.6,0.6,0.2,1.7,0.1,2.7,1.5,0.48,0.5,0.46,0.84,30.1,3.7,7.5,0.7,0.3,2.2,0.2,3.5,2.0,0.48,0.5,0.46,0.84,0.6,0.63,0.1,0.83,78.0,76.0,137.0,8.0,149.0,32.0,149.0,21.0,90.0,131.0,226.0,173.0,143.0,146.0,116.0,188.0,15.0,86.0,8.0,137.0,13.0,109.0,124.0,229.0,158.0,136.0,192.0
53,Derrick Rose,Bulls,PG,,"6'3""",,21.79,✅,,✅,,,,,✅,✅,,,,D<85,24.0,19.0,21.0,28.0,-59.0,83.0,29.0,4.0,25.0,16.0,44.0,46.0,42.0,1 S8,1 S8,,1 S9,1 S9,1 S9,1 S9,,1 S9,,,,,,1,,,,,2,25.0,1.46,0.47,2.4,0.23,5.46,0.83,5.2,3.37,2.9,0.5,0.0,3.0,29.0,34.3,95.0,78.0,50.0,98.0,0.0,,90.0,88.0,90.0,78.0,86.0,98.0,98.0,90.0,98.0,89.0,70.0,96.0,98.0,95.0,83.0,72.0,97.0,25.0,95.0,55.0,55.0,55.0,95.0,98.0,94.0,92.0,96.0,98.0,93.0,89.0,68.0,50.0,78.0,79.0,37.0,77.0,78.0,75.0,52.0,49.0,55.0,83.0,99.0,13,0,3,8,0,2,,,3.0,,,3.0,4.0,,4.0,,3.0,,,3.0,,,3.0,,,1.0,3.0,4.0,3.0,3.0,1.0,,,,,,,,,,,,,,,,,29.0,995.0,692.0,80.0,145.0,14.0,1.0,43.0,251.0,674.0,65.0,278.0,125.0,151.0,10.0,70.0,35.0,34.3,23.9,2.8,5.0,0.5,0.0,1.5,0.3,2.4,1.2,0.37,0.47,0.23,0.83,25.0,2.9,5.2,0.5,0.0,1.6,0.4,2.5,1.3,0.37,0.47,0.23,0.83,0.42,0.47,0.08,0.7,221.0,222.0,169.0,23.0,56.0,22.0,149.0,28.0,126.0,195.0,215.0,96.0,156.0,92.0,217.0,204.0,160.0,96.0,25.0,176.0,51.0,184.0,206.0,207.0,94.0,186.0,35.0
230,Anthony Edwards,,SG,SF,"6'4""",2-Way 3-Level Shot Creator,20.9,✅,,,,,,,,,,,,faded:Shooter,40.0,34.0,35.0,21.0,7.0,33.0,11.0,2.0,10.0,6.0,16.0,58.0,37.0,1 S9,1 S9,2 S8f,,2 S9,,,,2 S9,,,,2,,1,,2,,,2,29.6,2.15,0.55,4.0,0.36,3.45,0.82,4.4,3.3,3.0,0.7,0.3,8.0,33.0,36.0,96.0,87.0,59.0,91.0,35.0,,89.0,94.0,86.0,89.0,79.0,90.0,98.0,88.0,91.0,90.0,62.0,97.0,97.0,90.0,83.0,78.0,96.0,50.0,97.0,60.0,62.0,62.0,95.0,98.0,79.0,79.0,86.0,85.0,80.0,65.0,73.0,59.0,87.0,53.0,60.0,84.0,84.0,85.0,48.0,35.0,60.0,95.0,95.0,25,0,1,9,11,4,3.0,1.0,,3.0,3.0,3.0,2.0,,3.0,,3.0,,,4.0,,,2.0,3.0,2.0,,2.0,2.0,3.0,2.0,1.0,2.0,,2.0,1.0,,2.0,1.0,,2.0,,,,,2.0,3.0,,33.0,1189.0,979.0,98.0,145.0,22.0,9.0,44.0,377.0,838.0,132.0,372.0,93.0,114.0,7.0,91.0,60.0,36.0,29.7,3.0,4.4,0.7,0.3,1.3,0.2,2.8,1.8,0.45,0.53,0.36,0.82,29.6,3.0,4.4,0.7,0.3,1.3,0.2,2.8,1.8,0.45,0.53,0.36,0.82,0.53,0.55,0.08,0.82,145.0,162.0,169.0,10.0,18.0,9.0,138.0,40.0,59.0,108.0,204.0,131.0,137.0,196.0,144.0,151.0,81.0,107.0,10.0,169.0,66.0,109.0,124.0,183.0,158.0,173.0,153.0
10,Dirk Nowitzki,Mavericks,PF,C,"7'1""",,19.43,,,,,,,✅,,,✅,,,faded:Driver/Fouls,24.0,30.0,27.0,33.0,3.0,21.0,11.0,1.0,20.0,2.0,3.0,36.0,63.0,2 S9,2 S9,2 S9,2 S8f,2 S8f,,,1 S7,,1 S9,,,,,,,,,,2,25.4,1.52,0.66,3.8,0.49,2.52,0.85,1.9,4.75,9.1,0.7,0.5,4.0,29.0,36.5,98.0,43.0,88.0,63.0,40.0,,97.0,98.0,98.0,96.0,92.0,98.0,99.0,78.0,63.0,43.0,89.0,75.0,98.0,98.0,82.0,85.0,78.0,70.0,50.0,93.0,99.0,98.0,97.0,98.0,64.0,75.0,60.0,25.0,89.0,70.0,75.0,88.0,43.0,55.0,78.0,87.0,88.0,85.0,91.0,89.0,92.0,69.0,99.0,13,1,4,6,1,1,4.0,3.0,,4.0,4.0,3.0,,,,4.0,1.0,5.0,,,3.0,2.0,,,,,,,,,,,,,,,,,,3.0,,,,3.0,3.0,,,29.0,1059.0,747.0,268.0,57.0,20.0,16.0,12.0,286.0,529.0,112.0,228.0,63.0,74.0,21.0,247.0,46.0,36.5,25.8,9.2,2.0,0.7,0.6,0.4,0.7,8.5,1.6,0.54,0.58,0.49,0.85,25.4,9.1,1.9,0.7,0.5,0.4,0.7,8.4,1.6,0.54,0.58,0.49,0.85,0.65,0.66,0.25,0.71,47.0,45.0,62.0,20.0,11.0,14.0,40.0,138.0,59.0,69.0,33.0,67.0,34.0,165.0,71.0,101.0,11.0,72.0,20.0,63.0,185.0,109.0,90.0,12.0,71.0,53.0,102.0
30,John Havlicek,,SF,SG,"6'5""",,19.24,,✅,,✅,,,✅,,,,,✅,,15.0,17.0,17.0,15.0,-44.0,59.0,8.0,3.0,26.0,7.0,6.0,18.0,28.0,2 S9,2 S9,1 S9,,,,,1 S9,2 S9,,,,1,,,,1,,,1,24.8,1.43,0.57,4.6,0.4,1.82,0.88,3.6,3.54,4.6,0.8,0.8,4.0,27.0,36.6,96.0,97.0,65.0,75.0,35.0,,94.0,95.0,95.0,94.0,87.0,95.0,98.0,88.0,75.0,97.0,80.0,68.0,99.0,97.0,98.0,78.0,95.0,40.0,75.0,80.0,85.0,68.0,85.0,97.0,83.0,78.0,86.0,76.0,90.0,84.0,89.0,65.0,97.0,95.0,74.0,97.0,98.0,98.0,75.0,70.0,80.0,70.0,99.0,16,0,1,15,0,0,3.0,3.0,,,4.0,,3.0,,3.0,,3.0,,,,,,,,3.0,,,,,,,3.0,3.0,,3.0,3.0,3.0,3.0,,3.0,,,,,3.0,3.0,,27.0,989.0,681.0,126.0,99.0,21.0,21.0,28.0,255.0,573.0,127.0,320.0,44.0,50.0,9.0,117.0,43.0,36.6,25.2,4.7,3.7,0.8,0.8,1.0,0.3,4.3,1.6,0.44,0.51,0.4,0.88,24.8,4.6,3.6,0.8,0.8,1.0,0.3,4.3,1.6,0.44,0.51,0.4,0.88,0.56,0.57,0.13,0.69,114.0,134.0,110.0,26.0,8.0,17.0,93.0,54.0,29.0,54.0,169.0,96.0,96.0,165.0,150.0,177.0,45.0,45.0,26.0,115.0,91.0,69.0,70.0,136.0,118.0,117.0,102.0
1,Michael Jordan,Bulls,SG,SF,"6'6""",,19.21,,,✅,✅,,,,,,,,,faded:Takeover/Combo G/Glue,2.0,1.0,,4.0,-48.0,50.0,16.0,3.0,23.0,15.0,79.0,46.0,23.0,1 S7f,1 S7,,1 S7,1 S9,,2 S7f,1 S7f,1 S9,,,2,1,,2,1,1,,,2,25.2,1.49,0.53,1.0,0.26,4.48,0.78,5.2,3.98,3.5,0.7,0.1,1.0,31.0,35.5,99.0,98.0,79.0,84.0,35.0,,93.0,97.0,98.0,83.0,83.0,98.0,98.0,92.0,84.0,98.0,71.0,96.0,99.0,98.0,99.0,85.0,97.0,70.0,95.0,40.0,97.0,98.0,84.0,98.0,86.0,92.0,88.0,85.0,94.0,70.0,87.0,79.0,98.0,86.0,50.0,99.0,99.0,98.0,58.0,52.0,63.0,69.0,99.0,29,2,7,10,6,4,4.0,1.0,,3.0,1.0,3.0,3.0,,4.0,,3.0,2.0,2.0,3.0,2.0,,2.0,3.0,3.0,1.0,2.0,3.0,3.0,,1.0,5.0,4.0,2.0,5.0,4.0,4.0,4.0,,4.0,,,,,3.0,,,31.0,1100.0,769.0,108.0,159.0,22.0,3.0,40.0,315.0,667.0,32.0,123.0,107.0,137.0,9.0,99.0,45.0,35.5,24.8,3.5,5.1,0.7,0.1,1.3,0.3,3.2,1.5,0.47,0.52,0.26,0.78,25.2,3.5,5.2,0.7,0.1,1.3,0.3,3.2,1.5,0.47,0.52,0.26,0.78,0.5,0.53,0.1,0.7,180.0,180.0,137.0,23.0,30.0,18.0,124.0,27.0,59.0,155.0,204.0,96.0,124.0,146.0,121.0,161.0,144.0,141.0,23.0,150.0,51.0,109.0,170.0,183.0,118.0,151.0,71.0
11,Magic Johnson,Lakers,PG,SG,"6'9""",,18.04,,,✅,,,✅,✅,,🟡,,,,,8.0,7.0,9.0,6.0,-7.0,15.0,6.0,1.0,62.0,39.0,85.0,2.0,4.0,,,,1 S8,1 S9,,2 S9,1 S9,1 S9,,,1,,,1,2,,1,,2,19.5,0.64,0.6,0.4,0.16,3.67,0.93,10.8,4.94,5.6,0.8,1.3,3.0,29.0,35.9,99.0,86.0,85.0,93.0,50.0,,93.0,95.0,90.0,84.0,91.0,99.0,98.0,91.0,93.0,85.0,80.0,88.0,98.0,97.0,99.0,87.0,90.0,60.0,75.0,98.0,84.0,90.0,98.0,98.0,97.0,99.0,94.0,93.0,99.0,99.0,85.0,85.0,86.0,75.0,80.0,97.0,85.0,90.0,82.0,80.0,84.0,83.0,99.0,19,2,0,14,3,0,,,,,,2.0,3.0,3.0,3.0,,3.0,3.0,,,3.0,,3.0,3.0,3.0,5.0,3.0,2.0,3.0,3.0,5.0,,2.0,3.0,,,,,,3.0,,,,,,,,29.0,1041.0,563.0,162.0,311.0,22.0,38.0,63.0,226.0,422.0,12.0,74.0,99.0,106.0,19.0,143.0,67.0,35.9,19.4,5.6,10.7,0.8,1.3,2.2,0.7,4.9,2.3,0.54,0.62,0.16,0.93,19.5,5.6,10.8,0.8,1.3,2.2,0.7,4.9,2.3,0.54,0.62,0.16,0.93,0.55,0.6,0.16,0.54,118.0,100.0,94.0,62.0,22.0,45.0,76.0,1.0,29.0,29.0,231.0,67.0,76.0,228.0,75.0,75.0,179.0,17.0,62.0,97.0,2.0,69.0,45.0,229.0,71.0,102.0,221.0
58,Damian Lillard,Trail Blazers,PG,,"6'3""",,17.97,,✅,,,,,,✅,✅,,,,D<85 faded:Driver,113.0,63.0,89.0,108.0,86.0,27.0,9.0,2.0,15.0,9.0,6.0,40.0,90.0,,2 S9,1 S9,2 S7f,1 S9,1 S9,1 S9,,1 S9,,,,,,1,,,,,2,27.4,1.82,0.6,5.7,0.4,3.98,0.99,5.4,4.33,2.0,0.7,0.0,1.0,27.0,25.8,94.0,69.0,25.0,88.0,10.0,,92.0,86.0,88.0,87.0,93.0,98.0,98.0,87.0,88.0,76.0,63.0,89.0,97.0,95.0,98.0,64.0,96.0,25.0,85.0,30.0,38.0,42.0,94.0,98.0,92.0,92.0,96.0,87.0,95.0,88.0,54.0,25.0,69.0,41.0,40.0,72.0,77.0,55.0,43.0,32.0,53.0,98.0,95.0,17,0,2,10,3,2,3.0,4.0,3.0,3.0,4.0,,3.0,,3.0,,,,,1.0,,,3.0,3.0,1.0,3.0,2.0,3.0,2.0,2.0,3.0,,,,,,,,,,,,,,,,,27.0,697.0,531.0,38.0,104.0,14.0,0.0,24.0,172.0,405.0,111.0,274.0,76.0,77.0,4.0,34.0,25.0,25.8,19.7,1.4,3.9,0.5,0.0,0.9,0.1,1.3,0.9,0.42,0.47,0.4,0.99,27.4,2.0,5.4,0.7,0.0,1.2,0.2,1.8,1.3,0.42,0.47,0.4,0.99,0.56,0.6,0.05,0.76,110.0,95.0,228.0,14.0,157.0,43.0,212.0,49.0,126.0,195.0,154.0,173.0,213.0,42.0,175.0,208.0,40.0,7.0,15.0,225.0,44.0,109.0,206.0,166.0,158.0,227.0,35.0
42,James Harden,Rockets,SG,PG,"6'5""",,17.21,,,,,,,,✅,✅,,,,D<85 faded:Takeover/Driver,33.0,33.0,54.0,47.0,-11.0,44.0,14.0,2.0,20.0,13.0,16.0,39.0,35.0,1 S8f,1 S8,,1 S8f,1 S8,1 S8,1 S9,,1 S9,,,,,,1,,,,,2,25.4,1.52,0.53,4.0,0.32,3.38,0.92,5.5,4.26,3.1,0.8,0.5,1.0,28.0,33.9,95.0,70.0,62.0,89.0,0.0,,92.0,95.0,86.0,85.0,88.0,98.0,99.0,88.0,89.0,75.0,74.0,87.0,98.0,97.0,95.0,79.0,98.0,35.0,84.0,60.0,84.0,71.0,98.0,98.0,90.0,82.0,97.0,89.0,98.0,86.0,71.0,62.0,70.0,83.0,56.0,79.0,82.0,65.0,53.0,37.0,69.0,50.0,99.0,18,0,2,12,3,1,3.0,1.0,,3.0,3.0,,4.0,,4.0,,3.0,,,,,,3.0,3.0,2.0,3.0,3.0,3.0,3.0,3.0,3.0,,,,2.0,,,,,,,,,,2.0,,,28.0,948.0,670.0,82.0,145.0,21.0,12.0,34.0,241.0,588.0,106.0,332.0,82.0,89.0,6.0,76.0,50.0,33.9,23.9,2.9,5.2,0.8,0.4,1.2,0.2,2.7,1.8,0.41,0.53,0.32,0.92,25.4,3.1,5.5,0.8,0.5,1.3,0.2,2.9,1.9,0.41,0.53,0.32,0.92,0.5,0.53,0.09,0.71,177.0,177.0,156.0,20.0,66.0,22.0,145.0,24.0,29.0,92.0,187.0,131.0,143.0,196.0,191.0,148.0,110.0,24.0,20.0,165.0,43.0,69.0,90.0,183.0,158.0,168.0,174.0
5,Kareem Abdul-Jabbar,Bucks,C,PF,"7'2""",,16.97,,,,,✅,,,,,,✅,✅,,3.0,4.0,6.0,5.0,0.0,3.0,1.0,1.0,24.0,3.0,36.0,53.0,10.0,,2 S9,,2 S9,2 S9,,,,,,1 S9,,,1,2,,,,1,1,25.1,1.48,0.66,0.0,0.0,3.51,0.77,1.6,1.43,14.7,1.3,1.8,0.0,23.0,32.6,99.0,56.0,93.0,81.0,99.0,,82.0,98.0,82.0,36.0,76.0,98.0,99.0,88.0,81.0,56.0,98.0,88.0,98.0,98.0,95.0,94.0,95.0,95.0,85.0,99.0,90.0,98.0,90.0,98.0,56.0,52.0,60.0,28.0,82.0,58.0,86.0,93.0,56.0,88.0,95.0,94.0,85.0,90.0,98.0,98.0,98.0,60.0,99.0,20,1,4,11,4,0,,,,3.0,,3.0,2.0,5.0,2.0,4.0,3.0,3.0,3.0,,4.0,3.0,,,2.0,,,,,,,3.0,2.0,,,,,,4.0,,4.0,3.0,3.0,3.0,,3.0,,23.0,749.0,522.0,306.0,33.0,27.0,38.0,23.0,233.0,365.0,0.0,4.0,56.0,73.0,81.0,225.0,38.0,32.6,22.7,13.3,1.4,1.2,1.7,1.0,3.5,9.8,1.7,0.64,0.64,0.0,0.77,25.1,14.7,1.6,1.3,1.8,1.1,3.9,10.8,1.8,0.64,0.64,0.0,0.77,0.64,0.66,0.41,0.7,55.0,51.0,8.0,23.0,88.0,31.0,16.0,185.0,4.0,9.0,169.0,9.0,17.0,183.0,38.0,54.0,194.0,154.0,24.0,10.0,202.0,2.0,11.0,151.0,6.0,16.0,153.0
60,Ray Allen,,SG,SF,"6'5""",,14.97,✅,,,,,,,,,,,,,40.0,23.0,39.0,31.0,-23.0,63.0,19.0,3.0,13.0,8.0,2.0,70.0,14.0,1 S8,2 S9,,,,,,,,,,,,,1,,,,,2,27.8,1.88,0.59,6.5,0.36,2.71,0.87,3.4,3.53,3.7,0.5,0.0,3.0,20.0,35.3,94.0,87.0,45.0,90.0,10.0,,95.0,90.0,95.0,98.0,90.0,98.0,98.0,87.0,90.0,84.0,62.0,92.0,98.0,98.0,82.0,73.0,94.0,45.0,85.0,44.0,60.0,65.0,93.0,98.0,82.0,84.0,83.0,81.0,84.0,77.0,70.0,45.0,87.0,80.0,37.0,80.0,84.0,80.0,57.0,55.0,59.0,98.0,99.0,7,1,1,4,0,1,3.0,4.0,,,3.0,,3.0,,3.0,,,,,,,,,,,,,,,,,,,,,,,,,1.0,,,,,5.0,,,20.0,705.0,544.0,73.0,67.0,10.0,0.0,19.0,185.0,440.0,128.0,354.0,46.0,53.0,5.0,68.0,29.0,35.3,27.2,3.6,3.4,0.5,0.0,0.9,0.2,3.4,1.4,0.42,0.66,0.36,0.87,27.8,3.7,3.4,0.5,0.0,1.0,0.3,3.5,1.5,0.42,0.66,0.36,0.87,0.57,0.59,0.1,0.77,104.0,116.0,137.0,13.0,38.0,11.0,119.0,66.0,126.0,195.0,154.0,131.0,115.0,129.0,179.0,45.0,74.0,54.0,13.0,137.0,101.0,184.0,206.0,136.0,118.0,136.0,71.0
26,Dwyane Wade,Heat,SG,,"6'4""",,14.55,,,,,,,,,✅,,,,faded:Takeover/Scorer,13.0,15.0,10.0,13.0,-16.0,29.0,10.0,2.0,33.0,21.0,79.0,53.0,19.0,1 S7f,1 S8f,,2 S9,,,1 S7,,1 S9,,,,2,,1,,,,,2,24.2,1.34,0.51,1.0,0.2,7.14,0.73,4.9,3.49,3.6,0.6,0.4,1.0,30.0,31.6,97.0,94.0,67.0,96.0,15.0,,91.0,97.0,96.0,78.0,78.0,98.0,98.0,91.0,96.0,92.0,70.0,90.0,98.0,98.0,92.0,78.0,97.0,35.0,85.0,62.0,79.0,72.0,95.0,98.0,93.0,95.0,92.0,96.0,95.0,89.0,83.0,67.0,94.0,79.0,59.0,95.0,95.0,95.0,59.0,59.0,59.0,68.0,99.0,22,0,1,19,2,0,3.0,,,,3.0,3.0,3.0,,4.0,,3.0,,,3.0,,,3.0,,3.0,2.0,3.0,3.0,3.0,3.0,2.0,3.0,3.0,3.0,,3.0,,3.0,,3.0,,,,,,3.0,,30.0,948.0,637.0,95.0,129.0,16.0,11.0,37.0,237.0,537.0,26.0,128.0,137.0,188.0,7.0,88.0,40.0,31.6,21.2,3.2,4.3,0.5,0.4,1.2,0.2,2.9,1.3,0.44,0.52,0.2,0.73,24.2,3.6,4.9,0.6,0.4,1.4,0.3,3.3,1.5,0.44,0.52,0.2,0.73,0.47,0.51,0.1,0.67,206.0,192.0,137.0,32.0,108.0,37.0,133.0,43.0,126.0,92.0,187.0,131.0,134.0,107.0,157.0,169.0,168.0,177.0,33.0,146.0,59.0,154.0,107.0,195.0,118.0,145.0,71.0
13,Hakeem Olajuwon,Rockets,C,PF,"7'0""",,14.34,,,,,✅,,,,,,✅,✅,,20.0,10.0,12.0,24.0,14.0,6.0,4.0,1.0,38.0,5.0,36.0,41.0,10.0,,,,2 S9,2 S9,,,,,,1 S9,,,1,,,,,1,1,23.3,1.21,0.67,0.0,0.25,4.13,0.77,1.8,2.41,14.7,0.8,1.8,1.0,30.0,35.7,99.0,57.0,99.0,65.0,85.0,,89.0,98.0,89.0,71.0,78.0,98.0,98.0,77.0,65.0,57.0,92.0,60.0,95.0,79.0,92.0,92.0,82.0,95.0,75.0,98.0,98.0,99.0,95.0,97.0,60.0,68.0,61.0,26.0,82.0,63.0,87.0,99.0,57.0,65.0,95.0,98.0,98.0,98.0,97.0,95.0,98.0,70.0,99.0,19,2,3,11,1,2,,,,3.0,,3.0,1.0,3.0,1.0,4.0,3.0,3.0,3.0,,5.0,3.0,,,2.0,,,,,,,3.0,,,,,,,4.0,,5.0,3.0,3.0,4.0,,3.0,,30.0,1072.0,694.0,438.0,53.0,25.0,53.0,22.0,299.0,466.0,1.0,4.0,95.0,123.0,108.0,330.0,57.0,35.7,23.1,14.6,1.8,0.8,1.8,0.7,3.6,11.0,1.9,0.64,0.64,0.25,0.77,23.3,14.7,1.8,0.8,1.8,0.7,3.6,11.1,1.9,0.64,0.64,0.25,0.77,0.64,0.67,0.41,0.65,51.0,43.0,8.0,37.0,25.0,29.0,7.0,153.0,29.0,6.0,108.0,7.0,10.0,208.0,37.0,54.0,151.0,150.0,38.0,10.0,190.0,69.0,11.0,67.0,9.0,14.0,174.0
40,Bob Pettit,,PF,C,"6'9""",,13.82,,✅,,,,,🟡,,,✅,✅,,D<85,41.0,28.0,45.0,65.0,11.0,30.0,15.0,2.0,45.0,8.0,1.0,36.0,58.0,,,1 S9,,,,,2 S9,,1 S9,1 S9,,,,,,,,,2,22.4,1.07,0.64,4.7,0.46,2.72,0.75,1.9,2.94,9.7,0.9,0.6,2.0,27.0,32.9,95.0,49.0,82.0,66.0,80.0,,95.0,98.0,95.0,96.0,82.0,98.0,98.0,82.0,66.0,49.0,88.0,82.0,98.0,98.0,92.0,90.0,77.0,90.0,75.0,94.0,96.0,95.0,97.0,95.0,64.0,62.0,62.0,59.0,69.0,70.0,76.0,82.0,49.0,76.0,88.0,82.0,78.0,80.0,97.0,95.0,98.0,55.0,99.0,13,0,1,10,2,0,3.0,2.0,,4.0,3.0,3.0,,,,2.0,3.0,3.0,,,3.0,,,,,,,,,,,,,,,,,,,,,3.0,3.0,3.0,,3.0,,27.0,887.0,553.0,238.0,47.0,23.0,16.0,16.0,194.0,406.0,115.0,250.0,50.0,67.0,33.0,205.0,43.0,32.9,20.5,8.8,1.7,0.9,0.6,0.6,1.2,7.6,1.6,0.48,0.51,0.46,0.75,22.4,9.7,1.9,0.9,0.6,0.6,1.3,8.3,1.7,0.48,0.51,0.46,0.75,0.62,0.64,0.27,0.62,65.0,69.0,57.0,45.0,83.0,40.0,43.0,159.0,18.0,69.0,90.0,46.0,43.0,165.0,115.0,177.0,16.0,169.0,45.0,58.0,185.0,38.0,82.0,39.0,60.0,55.0,122.0
665,Tim Duncan,Spurs,PF,C,"6'11""",,13.72,,,,,✅,,✅,,,,✅,✅,,36.0,,38.0,32.0,16.0,20.0,10.0,1.0,82.0,15.0,36.0,20.0,30.0,,,,,,,,1 S9,,,1 S9,,,1,,,,,1,1,17.4,0.33,0.61,0.0,0.0,4.38,0.69,2.3,3.67,12.2,0.8,1.7,0.0,29.0,36.0,98.0,64.0,98.0,66.0,70.0,,88.0,95.0,95.0,75.0,67.0,98.0,98.0,87.0,66.0,75.0,96.0,80.0,98.0,98.0,98.0,87.0,78.0,80.0,65.0,98.0,93.0,98.0,89.0,98.0,61.0,68.0,55.0,60.0,68.0,55.0,89.0,98.0,64.0,74.0,96.0,98.0,92.0,98.0,95.0,94.0,96.0,83.0,99.0,20,1,2,13,2,2,,,,3.0,,3.0,2.0,,2.0,5.0,3.0,3.0,3.0,,4.0,3.0,,,3.0,1.0,,,,,1.0,3.0,,,,,,,3.0,,4.0,3.0,3.0,3.0,,3.0,,29.0,1044.0,504.0,353.0,66.0,24.0,49.0,18.0,208.0,357.0,0.0,5.0,88.0,127.0,67.0,286.0,55.0,36.0,17.4,12.2,2.3,0.8,1.7,0.6,2.3,9.9,1.9,0.58,0.59,0.0,0.69,17.4,12.2,2.3,0.8,1.7,0.6,2.3,9.9,1.9,0.58,0.59,0.0,0.69,0.58,0.61,0.34,0.48,91.0,89.0,28.0,82.0,18.0,61.0,21.0,124.0,29.0,9.0,90.0,27.0,16.0,208.0,59.0,88.0,194.0,198.0,82.0,30.0,162.0,69.0,16.0,39.0,34.0,27.0,174.0
55,Russell Westbrook,Thunder,PG,,"6'3""",,13.63,,,✅,,,,,✅,✅,,,,D<85 faded:Takeover/Scorer,63.0,136.0,59.0,109.0,-22.0,85.0,30.0,4.0,54.0,32.0,40.0,24.0,1.0,1 S7f,1 S7f,,1 S8,1 S9,1 S9,1 S9,,1 S9,,,,,,1,,,,,2,20.6,0.81,0.52,2.7,0.27,3.84,0.85,6.4,4.46,6.2,0.5,0.1,0.0,34.0,20.7,95.0,83.0,42.0,98.0,15.0,,87.0,76.0,84.0,79.0,85.0,98.0,98.0,92.0,98.0,89.0,77.0,92.0,98.0,98.0,91.0,76.0,98.0,30.0,90.0,45.0,76.0,73.0,97.0,98.0,95.0,85.0,95.0,98.0,98.0,98.0,71.0,42.0,83.0,71.0,47.0,86.0,85.0,85.0,76.0,62.0,90.0,68.0,99.0,28,0,2,7,11,8,,1.0,3.0,1.0,1.0,2.0,3.0,,3.0,,4.0,,,3.0,,,2.0,3.0,2.0,3.0,2.0,4.0,2.0,2.0,3.0,1.0,1.0,2.0,2.0,1.0,2.0,1.0,,1.0,,2.0,2.0,,,,,34.0,704.0,403.0,122.0,125.0,9.0,2.0,28.0,143.0,354.0,53.0,198.0,64.0,75.0,11.0,111.0,40.0,20.7,11.9,3.6,3.7,0.3,0.1,0.8,0.3,3.3,1.2,0.4,0.58,0.27,0.85,20.6,6.2,6.4,0.5,0.1,1.4,0.6,5.7,2.0,0.4,0.58,0.27,0.85,0.48,0.52,0.17,0.57,193.0,182.0,87.0,54.0,184.0,103.0,119.0,54.0,197.0,155.0,130.0,96.0,120.0,92.0,199.0,102.0,141.0,70.0,54.0,88.0,26.0,184.0,170.0,195.0,81.0,90.0,192.0
78,Devin Booker,,PG,SG,"6'6""",Crafty Offensive Engine,13.5,,,,,,,,,,,,,D<85 faded:Takeover/Driver/Combo G,62.0,54.0,68.0,63.0,16.0,46.0,15.0,2.0,11.0,7.0,11.0,79.0,78.0,2 S7f,1 S9,2 S9,2 S8f,2 S9,,2 S7f,,,,,,,,2,,,,,,28.9,2.05,0.59,4.6,0.38,2.95,0.86,3.0,2.62,2.3,0.7,0.3,1.0,29.0,32.0,93.0,75.0,58.0,83.0,50.0,,92.0,97.0,91.0,86.0,86.0,95.0,95.0,82.0,83.0,80.0,59.0,79.0,95.0,95.0,81.0,78.0,95.0,30.0,75.0,74.0,79.0,85.0,87.0,98.0,82.0,80.0,93.0,83.0,80.0,74.0,62.0,58.0,75.0,41.0,45.0,74.0,74.0,65.0,44.0,37.0,51.0,,95.0,20,0,0,13,5,2,3.0,3.0,,3.0,3.0,,3.0,,2.0,,2.0,2.0,,,1.0,,3.0,3.0,3.0,2.0,3.0,3.0,2.0,3.0,3.0,,,1.0,,,,,,,,,,,3.0,,,29.0,927.0,745.0,59.0,76.0,17.0,8.0,29.0,281.0,596.0,118.0,311.0,65.0,76.0,6.0,53.0,48.0,32.0,25.7,2.0,2.6,0.6,0.3,1.0,0.2,1.8,1.7,0.47,0.57,0.38,0.86,28.9,2.3,3.0,0.7,0.3,1.1,0.2,2.1,1.9,0.47,0.57,0.38,0.86,0.57,0.59,0.06,0.8,100.0,111.0,213.0,11.0,104.0,16.0,181.0,104.0,90.0,108.0,169.0,131.0,183.0,183.0,122.0,107.0,61.0,65.0,11.0,213.0,119.0,109.0,124.0,151.0,158.0,213.0,174.0
95,Paul George,Pacers,SF,SG,"6'9""",,13.3,,,,✅,,,,,,,,,faded:Driver/Glue/Passer,42.0,38.0,31.0,34.0,-3.0,45.0,6.0,2.0,12.0,5.0,2.0,31.0,29.0,,2 S9,,1 S8f,1 S8,,,2 S8f,1 S7f,,,2,1,,2,2,1,,,,27.9,1.9,0.52,5.3,0.35,3.38,0.76,3.0,3.33,4.5,0.8,0.4,1.0,31.0,34.4,93.0,95.0,79.0,79.0,35.0,,87.0,77.0,79.0,84.0,84.0,98.0,98.0,87.0,79.0,94.0,65.0,88.0,97.0,90.0,93.0,75.0,90.0,55.0,85.0,40.0,74.0,78.0,84.0,95.0,77.0,78.0,86.0,79.0,75.0,66.0,85.0,79.0,95.0,89.0,50.0,94.0,92.0,95.0,59.0,43.0,75.0,84.0,95.0,20,0,0,7,11,2,2.0,2.0,,2.0,2.0,2.0,2.0,,2.0,,3.0,,,1.0,,,,2.0,,,,2.0,,,,3.0,2.0,2.0,3.0,3.0,3.0,3.0,,3.0,,,,,1.0,,,31.0,1065.0,826.0,134.0,90.0,23.0,12.0,27.0,297.0,751.0,156.0,450.0,76.0,100.0,8.0,126.0,58.0,34.4,26.6,4.3,2.9,0.7,0.4,0.9,0.3,4.1,1.9,0.4,0.47,0.35,0.76,27.9,4.5,3.0,0.8,0.4,0.9,0.3,4.3,2.0,0.4,0.47,0.35,0.76,0.5,0.52,0.13,0.78,179.0,186.0,110.0,12.0,54.0,13.0,100.0,95.0,59.0,92.0,154.0,96.0,99.0,208.0,203.0,206.0,88.0,161.0,12.0,116.0,119.0,69.0,107.0,114.0,118.0,117.0,192.0
3,Wilt Chamberlain,Warriors,C,PF,"7'1""",,12.8,,,,,✅,,,,,,✅,✅,,10.0,13.0,3.0,11.0,5.0,5.0,3.0,1.0,38.0,5.0,36.0,29.0,2.0,,,,,,,,,,,1 S9,,,1,1,,,,1,1,23.3,1.21,0.65,0.0,0.0,3.12,0.52,2.1,1.74,17.3,1.3,1.8,0.0,23.0,35.7,99.0,59.0,95.0,88.0,99.0,,78.0,98.0,70.0,43.0,61.0,98.0,98.0,91.0,88.0,59.0,95.0,97.0,99.0,98.0,99.0,94.0,86.0,95.0,85.0,96.0,97.0,98.0,99.0,98.0,59.0,75.0,44.0,25.0,77.0,74.0,83.0,95.0,59.0,64.0,96.0,95.0,85.0,90.0,99.0,98.0,99.0,75.0,99.0,16,1,2,12,1,0,,,,,,3.0,,,,2.0,4.0,3.0,3.0,,3.0,4.0,,,3.0,,,,,,,3.0,,3.0,,,,,3.0,,3.0,5.0,3.0,3.0,,3.0,,23.0,820.0,531.0,393.0,47.0,30.0,40.0,27.0,247.0,377.0,0.0,2.0,37.0,71.0,111.0,282.0,39.0,35.7,23.1,17.1,2.0,1.3,1.7,1.2,4.8,12.3,1.7,0.66,0.66,0.0,0.52,23.3,17.3,2.1,1.3,1.8,1.2,4.9,12.4,1.7,0.66,0.66,0.0,0.52,0.66,0.65,0.48,0.65,43.0,60.0,1.0,37.0,25.0,29.0,2.0,138.0,1.0,9.0,187.0,2.0,2.0,183.0,32.0,46.0,194.0,225.0,38.0,2.0,176.0,2.0,11.0,166.0,2.0,3.0,122.0
15,Karl Malone,Jazz,PF,C,"6'9""",,12.63,,,,,✅,,✅,,,,✅,✅,,73.0,66.0,74.0,85.0,37.0,36.0,19.0,2.0,105.0,22.0,30.0,19.0,31.0,,,,,,,,1 S9,,,1 S8,,,1,2,,,,1,1,14.9,-0.05,0.59,0.1,0.2,3.19,0.7,2.4,10.8,12.0,1.0,1.2,0.0,25.0,32.0,97.0,55.0,96.0,78.0,50.0,,92.0,99.0,95.0,80.0,80.0,98.0,98.0,89.0,78.0,75.0,97.0,80.0,98.0,98.0,99.0,86.0,72.0,75.0,75.0,77.0,96.0,98.0,95.0,98.0,78.0,75.0,65.0,74.0,95.0,79.0,84.0,96.0,55.0,63.0,85.0,96.0,95.0,95.0,96.0,95.0,96.0,65.0,99.0,19,0,2,15,2,0,,,,3.0,,3.0,2.0,,2.0,4.0,3.0,3.0,3.0,3.0,4.0,3.0,,,3.0,,,,,,,3.0,,3.0,,,,,3.0,,3.0,3.0,3.0,3.0,,,,25.0,801.0,332.0,266.0,54.0,22.0,26.0,5.0,140.0,249.0,2.0,10.0,50.0,71.0,49.0,217.0,38.0,32.0,13.3,10.6,2.2,0.9,1.0,0.2,2.0,8.7,1.5,0.56,0.58,0.2,0.7,14.9,12.0,2.4,1.0,1.2,0.2,2.2,9.8,1.7,0.56,0.58,0.2,0.7,0.57,0.59,0.33,0.41,104.0,111.0,31.0,105.0,104.0,89.0,33.0,127.0,18.0,43.0,4.0,31.0,29.0,146.0,65.0,102.0,169.0,194.0,105.0,31.0,156.0,20.0,47.0,2.0,37.0,29.0,122.0
72,Bob McAdoo,,C,PF,"6'9""",,12.61,,,✅,,,,,,,,,,faded:Roller,83.0,68.0,73.0,82.0,60.0,23.0,13.0,1.0,69.0,12.0,36.0,20.0,24.0,,,,1 S9,1 S9,,,,,,1 S8f,,,2,2,,,,,2,18.6,0.51,0.58,0.0,0.14,4.73,0.78,2.3,1.82,13.0,1.0,1.6,0.0,29.0,33.3,94.0,65.0,88.0,78.0,45.0,,79.0,97.0,89.0,30.0,81.0,80.0,95.0,83.0,78.0,65.0,85.0,85.0,95.0,90.0,84.0,93.0,94.0,98.0,95.0,95.0,92.0,96.0,90.0,80.0,66.0,78.0,75.0,31.0,70.0,74.0,81.0,88.0,65.0,65.0,94.0,88.0,85.0,85.0,97.0,96.0,98.0,55.0,95.0,17,0,1,16,0,0,,,,3.0,,4.0,3.0,,3.0,3.0,3.0,3.0,3.0,3.0,3.0,3.0,,,,,,,,,,,,3.0,,,,,3.0,,,3.0,3.0,3.0,,3.0,,29.0,967.0,500.0,348.0,62.0,26.0,43.0,34.0,200.0,372.0,1.0,7.0,99.0,127.0,71.0,277.0,53.0,33.3,17.2,12.0,2.1,0.9,1.5,1.2,2.4,9.6,1.8,0.54,0.55,0.14,0.78,18.6,13.0,2.3,1.0,1.6,1.3,2.6,10.3,2.0,0.54,0.55,0.14,0.78,0.54,0.58,0.36,0.52,137.0,120.0,24.0,67.0,77.0,63.0,23.0,131.0,18.0,18.0,187.0,26.0,22.0,196.0,74.0,132.0,182.0,143.0,69.0,24.0,162.0,20.0,21.0,183.0,27.0,24.0,192.0
8,Shaquille O'Neal,Lakers,C,PF,"7'1""",,12.59,,,,,✅,,,,,,✅,✅,,9.0,3.0,7.0,12.0,5.0,4.0,2.0,1.0,43.0,7.0,36.0,12.0,1.0,,,,,,,,,,,1 S9,,,1,2,,,,1,1,22.9,1.15,0.66,0.0,0.0,3.34,0.63,2.6,2.27,17.4,1.3,1.5,0.0,29.0,36.4,98.0,56.0,98.0,78.0,99.0,,70.0,98.0,37.0,26.0,62.0,99.0,98.0,89.0,78.0,56.0,99.0,95.0,98.0,98.0,98.0,92.0,98.0,99.0,98.0,98.0,50.0,98.0,98.0,98.0,59.0,64.0,69.0,40.0,70.0,51.0,89.0,98.0,56.0,80.0,98.0,98.0,98.0,98.0,98.0,98.0,98.0,80.0,99.0,16,3,3,9,1,0,,,,,,4.0,,,,2.0,3.0,3.0,5.0,3.0,3.0,5.0,,,,,,,,,,3.0,,3.0,,,,,4.0,,3.0,4.0,3.0,5.0,,3.0,,29.0,1056.0,672.0,511.0,75.0,37.0,43.0,33.0,305.0,468.0,0.0,5.0,62.0,98.0,149.0,362.0,71.0,36.4,23.2,17.6,2.6,1.3,1.5,1.1,5.1,12.5,2.4,0.65,0.66,0.0,0.63,22.9,17.4,2.6,1.3,1.5,1.1,5.1,12.3,2.4,0.65,0.66,0.0,0.63,0.65,0.66,0.48,0.64,45.0,51.0,1.0,40.0,13.0,28.0,1.0,104.0,1.0,18.0,182.0,1.0,1.0,230.0,34.0,46.0,194.0,215.0,43.0,1.0,141.0,2.0,27.0,151.0,1.0,4.0,226.0
24,Julius Erving,Nets,SF,SG,"6'7""",,12.39,,,,,,,,,,,,,faded:Takeover/Scorer,29.0,53.0,33.0,18.0,-23.0,52.0,7.0,3.0,29.0,8.0,35.0,23.0,26.0,2 S8f,1 S7f,,2 S9,1 S9,,,,,,,2,2,,1,1,,,,2,24.5,1.39,0.55,1.3,0.34,3.96,0.82,3.4,2.79,4.7,0.8,0.6,1.0,29.0,34.5,97.0,90.0,79.0,91.0,50.0,,91.0,93.0,93.0,82.0,80.0,98.0,98.0,93.0,91.0,90.0,85.0,98.0,98.0,95.0,95.0,89.0,98.0,80.0,98.0,85.0,88.0,75.0,93.0,95.0,85.0,89.0,85.0,84.0,89.0,80.0,84.0,79.0,90.0,75.0,60.0,96.0,90.0,95.0,75.0,70.0,79.0,83.0,99.0,11,0,2,8,1,0,,,,,3.0,4.0,3.0,,3.0,,3.0,,,4.0,,,,,3.0,,,2.0,,,,,3.0,3.0,,,,,,3.0,,,,,,,,29.0,1001.0,681.0,132.0,95.0,22.0,17.0,34.0,278.0,573.0,35.0,102.0,90.0,110.0,11.0,121.0,72.0,34.5,23.5,4.6,3.3,0.8,0.6,1.2,0.4,4.2,2.5,0.48,0.52,0.34,0.82,24.5,4.7,3.4,0.8,0.6,1.2,0.4,4.4,2.6,0.48,0.52,0.34,0.82,0.52,0.55,0.13,0.68,164.0,164.0,110.0,27.0,51.0,26.0,95.0,67.0,29.0,69.0,187.0,85.0,98.0,232.0,109.0,169.0,90.0,103.0,29.0,113.0,101.0,69.0,82.0,166.0,94.0,115.0,230.0
37,Luka Doncic,,PG,SG,"6'6""",Crafty Offensive Engine,11.93,,,,,,,,,✅,,,,D<85 faded:Driver/Fouls/Scoring PG,40.0,14.0,25.0,41.0,3.0,37.0,13.0,2.0,18.0,12.0,29.0,36.0,5.0,,2 S9,,1 S7f,2 S8f,1 S7f,1 S9,,1 S9,,,,,,2,,,,,2,26.0,1.61,0.55,3.3,0.31,3.15,0.68,5.7,4.28,4.8,0.7,0.4,0.0,29.0,29.6,97.0,59.0,58.0,84.0,15.0,,92.0,98.0,94.0,88.0,77.0,98.0,98.0,83.0,84.0,77.0,72.0,79.0,90.0,98.0,85.0,86.0,96.0,65.0,75.0,85.0,85.0,87.0,98.0,98.0,93.0,95.0,95.0,83.0,95.0,95.0,56.0,58.0,59.0,59.0,52.0,60.0,57.0,45.0,58.0,36.0,81.0,95.0,95.0,24,0,3,14,1,6,4.0,3.0,,3.0,4.0,,3.0,1.0,4.0,1.0,3.0,1.0,1.0,,1.0,,3.0,3.0,3.0,3.0,3.0,3.0,3.0,3.0,3.0,,,,,,,,,,,2.0,1.0,,3.0,,,29.0,858.0,620.0,115.0,137.0,16.0,10.0,32.0,245.0,535.0,79.0,253.0,51.0,75.0,5.0,110.0,40.0,29.6,21.4,4.0,4.7,0.6,0.3,1.1,0.2,3.8,1.4,0.46,0.59,0.31,0.68,26.0,4.8,5.7,0.7,0.4,1.3,0.2,4.6,1.7,0.46,0.59,0.31,0.68,0.53,0.55,0.13,0.72,143.0,165.0,110.0,18.0,126.0,34.0,108.0,34.0,90.0,108.0,182.0,131.0,106.0,129.0,138.0,92.0,118.0,207.0,18.0,110.0,40.0,109.0,107.0,183.0,158.0,109.0,122.0
77,Kyrie Irving,Cavaliers,PG,SG,"6'3""",,11.89,,,,,,,,,✅,,,,D<85 faded:Takeover/Scorer/Shooter,87.0,60.0,57.0,56.0,30.0,57.0,17.0,3.0,35.0,22.0,22.0,60.0,55.0,2 S7f,2 S8f,2 S8f,2 S9,1 S9,1 S7f,1 S8,,1 S8,,,,,,1,,,,,2,24.0,1.31,0.56,3.6,0.35,4.18,0.9,3.9,3.56,2.7,0.8,0.1,1.0,26.0,33.8,94.0,73.0,32.0,85.0,10.0,,93.0,94.0,98.0,93.0,87.0,90.0,95.0,78.0,85.0,77.0,37.0,81.0,97.0,87.0,79.0,62.0,96.0,25.0,30.0,35.0,70.0,64.0,82.0,96.0,87.0,85.0,99.0,85.0,87.0,80.0,65.0,32.0,73.0,66.0,53.0,75.0,86.0,70.0,49.0,41.0,57.0,98.0,95.0,17,1,3,7,3,3,3.0,3.0,4.0,3.0,4.0,,3.0,,3.0,,,,,,,,5.0,3.0,,1.0,4.0,3.0,2.0,2.0,1.0,,,,1.0,,,,,,,,,,2.0,,,26.0,879.0,585.0,66.0,96.0,19.0,2.0,27.0,202.0,481.0,89.0,256.0,92.0,102.0,9.0,57.0,40.0,33.8,22.5,2.5,3.7,0.7,0.1,1.0,0.3,2.2,1.5,0.42,0.5,0.35,0.9,24.0,2.7,3.9,0.8,0.1,1.1,0.4,2.3,1.6,0.42,0.5,0.35,0.9,0.51,0.56,0.08,0.67,167.0,155.0,169.0,32.0,71.0,32.0,161.0,54.0,59.0,155.0,169.0,96.0,165.0,146.0,179.0,182.0,87.0,30.0,35.0,189.0,75.0,69.0,170.0,151.0,94.0,203.0,102.0
25,Jerry West,Lakers,PG,SG,"6'2""",,11.86,,,,✅,,,,✅,✅,,,,faded:Shooter/Driver,28.0,18.0,26.0,25.0,-48.0,76.0,25.0,4.0,32.0,20.0,11.0,34.0,83.0,,,2 S8f,2 S7f,2 S9,1 S7,1 S9,,1 S9,,,,1,,1,,1,,,2,24.3,1.36,0.52,4.6,0.36,3.31,0.83,6.0,5.0,2.1,0.6,0.1,0.0,31.0,35.8,97.0,97.0,44.0,90.0,25.0,,94.0,95.0,95.0,95.0,83.0,97.0,98.0,87.0,90.0,97.0,70.0,80.0,95.0,97.0,82.0,64.0,96.0,25.0,25.0,63.0,63.0,59.0,85.0,98.0,93.0,96.0,90.0,88.0,98.0,95.0,80.0,44.0,97.0,96.0,40.0,95.0,95.0,95.0,35.0,35.0,35.0,83.0,99.0,20,0,1,18,1,0,3.0,3.0,,,4.0,,3.0,,3.0,,2.0,,,,,,3.0,3.0,3.0,3.0,3.0,3.0,,,3.0,3.0,3.0,,3.0,3.0,3.0,3.0,,3.0,,,,,,,,31.0,1110.0,748.0,66.0,185.0,19.0,2.0,37.0,261.0,681.0,141.0,394.0,85.0,102.0,9.0,57.0,47.0,35.8,24.1,2.1,6.0,0.6,0.1,1.2,0.3,1.8,1.5,0.38,0.42,0.36,0.83,24.3,2.1,6.0,0.6,0.1,1.2,0.3,1.8,1.5,0.38,0.42,0.36,0.83,0.49,0.52,0.06,0.67,188.0,191.0,213.0,32.0,23.0,21.0,175.0,18.0,90.0,155.0,187.0,96.0,183.0,146.0,209.0,223.0,79.0,88.0,32.0,218.0,38.0,154.0,170.0,166.0,118.0,227.0,71.0
335,Victor Wembanyama,,C,PF,"7'3""",Backline Crafty Post Scorer,11.81,,,,,✅,,,,,✅,,✅,,10.0,43.0,48.0,9.0,0.0,10.0,6.0,1.0,62.0,11.0,16.0,14.0,13.0,,,,,,,,,,1 S8,2 S9,2,,1,,,,,2,1,19.5,0.64,0.71,1.1,0.4,2.8,0.79,2.5,2.03,14.4,0.9,2.3,1.0,29.0,35.5,96.0,78.0,96.0,66.0,50.0,,87.0,86.0,78.0,79.0,82.0,98.0,98.0,76.0,66.0,69.0,59.0,72.0,97.0,95.0,88.0,89.0,86.0,90.0,85.0,87.0,87.0,87.0,94.0,98.0,70.0,72.0,70.0,64.0,79.0,63.0,84.0,96.0,78.0,46.0,99.0,96.0,78.0,98.0,84.0,70.0,97.0,98.0,95.0,22,0,4,6,6,6,1.0,,,3.0,,3.0,,1.0,,3.0,1.0,1.0,,3.0,2.0,3.0,,2.0,2.0,,,,2.0,,,,,4.0,1.0,,1.0,,4.0,,4.0,4.0,3.0,2.0,,2.0,,29.0,1030.0,557.0,411.0,71.0,27.0,65.0,35.0,231.0,356.0,32.0,80.0,63.0,80.0,59.0,352.0,54.0,35.5,19.2,14.2,2.4,0.9,2.2,1.2,2.0,12.1,1.9,0.65,0.72,0.4,0.79,19.5,14.4,2.5,0.9,2.3,1.2,2.1,12.3,1.9,0.65,0.72,0.4,0.79,0.69,0.71,0.4,0.54,24.0,22.0,13.0,62.0,30.0,49.0,11.0,117.0,18.0,1.0,187.0,31.0,4.0,208.0,36.0,20.0,41.0,134.0,62.0,13.0,147.0,38.0,2.0,166.0,39.0,4.0,174.0
71,Dolph Schayes,,PF,C,"6'8""",,11.45,,,,,✅,,✅,,,✅,✅,✅,faded:Passer,54.0,46.0,58.0,50.0,-25.0,79.0,43.0,4.0,90.0,16.0,6.0,20.0,54.0,,,,,,,,1 S9,2 S8f,1 S9,1 S8,,,1,,,,,1,1,16.5,0.19,0.65,2.2,0.43,2.34,0.76,2.3,3.6,10.1,0.6,0.7,0.0,29.0,38.3,94.0,66.0,90.0,69.0,65.0,,90.0,91.0,92.0,90.0,76.0,95.0,95.0,79.0,69.0,66.0,85.0,71.0,95.0,95.0,75.0,86.0,92.0,80.0,75.0,95.0,95.0,92.0,72.0,90.0,64.0,64.0,79.0,63.0,65.0,50.0,80.0,90.0,66.0,75.0,75.0,88.0,84.0,85.0,96.0,95.0,96.0,80.0,95.0,14,0,1,13,0,0,,,,4.0,3.0,3.0,,3.0,,3.0,3.0,3.0,3.0,,3.0,3.0,,,,,,,,,,,,,,,,,,,3.0,3.0,3.0,3.0,,,,29.0,1110.0,510.0,311.0,72.0,19.0,23.0,20.0,193.0,360.0,69.0,161.0,55.0,72.0,28.0,283.0,44.0,38.3,17.6,10.7,2.5,0.7,0.8,0.7,1.0,9.8,1.5,0.54,0.62,0.43,0.76,16.5,10.1,2.3,0.6,0.7,0.6,0.9,9.2,1.4,0.54,0.62,0.43,0.76,0.63,0.65,0.28,0.46,58.0,57.0,54.0,89.0,2.0,60.0,30.0,114.0,59.0,54.0,108.0,55.0,17.0,146.0,75.0,70.0,20.0,159.0,90.0,54.0,162.0,154.0,75.0,39.0,65.0,41.0,55.0
777,Kevin Garnett,2003-04 Timberwolves,PF,C,"6'11""",,11.25,,,,,✅,,,,,,,,,25.0,,,27.0,-6.0,31.0,16.0,2.0,51.0,9.0,30.0,12.0,36.0,,,,2 S9,1 S9,,,,,,,,,1,1,,,,1,2,20.9,0.85,0.6,0.1,0.25,3.75,0.78,2.6,1.61,11.7,0.8,1.4,1.0,36.0,36.5,98.0,54.0,92.0,87.0,35.0,,89.0,97.0,94.0,69.0,79.0,98.0,98.0,89.0,87.0,79.0,89.0,87.0,98.0,98.0,88.0,92.0,82.0,97.0,92.0,94.0,95.0,98.0,88.0,90.0,74.0,68.0,70.0,77.0,85.0,72.0,81.0,92.0,54.0,65.0,80.0,88.0,90.0,95.0,94.0,93.0,95.0,85.0,99.0,22,0,3,14,3,2,,,,3.0,,3.0,1.0,,1.0,3.0,3.0,3.0,3.0,3.0,3.0,,,,,,,,,,,3.0,2.0,3.0,,2.0,,2.0,3.0,3.0,4.0,4.0,4.0,3.0,,3.0,,36.0,1315.0,765.0,428.0,95.0,28.0,51.0,59.0,327.0,577.0,4.0,16.0,107.0,137.0,78.0,350.0,64.0,36.5,21.3,11.9,2.6,0.8,1.4,1.6,2.2,9.7,1.8,0.57,0.58,0.25,0.78,20.9,11.7,2.6,0.8,1.4,1.6,2.1,9.6,1.8,0.57,0.58,0.25,0.78,0.57,0.6,0.33,0.58,100.0,104.0,31.0,49.0,11.0,36.0,24.0,104.0,29.0,21.0,218.0,28.0,19.0,196.0,63.0,104.0,151.0,141.0,51.0,36.0,141.0,69.0,33.0,207.0,39.0,36.0,153.0
61,Nate Archibald,,PG,,"6'1""",,11.13,,,✅,,,,,,🟡,,,,D<85 <6'2,174.0,148.0,187.0,197.0,148.0,26.0,8.0,2.0,57.0,34.0,89.0,8.0,94.0,,,,1 S9,1 S9,,2 S9,,1 S9,,,,,,1,,,,,2,20.3,0.76,0.62,0.3,0.33,6.77,0.94,8.0,4.14,1.9,0.6,0.0,0.0,25.0,21.7,94.0,77.0,30.0,99.0,10.0,,92.0,94.0,94.0,74.0,91.0,98.0,98.0,89.0,99.0,98.0,50.0,97.0,98.0,90.0,92.0,64.0,95.0,25.0,35.0,40.0,66.0,58.0,98.0,98.0,94.0,89.0,93.0,99.0,95.0,95.0,66.0,30.0,77.0,80.0,40.0,82.0,80.0,75.0,30.0,30.0,30.0,65.0,95.0,14,0,3,10,1,0,,,2.0,,,,3.0,,3.0,,,,,,,,3.0,3.0,3.0,3.0,3.0,4.0,4.0,4.0,3.0,,3.0,,,,,,,3.0,,,,,,,,25.0,542.0,305.0,28.0,120.0,9.0,0.0,29.0,102.0,199.0,5.0,15.0,96.0,102.0,1.0,27.0,22.0,21.7,12.2,1.1,4.8,0.4,0.0,1.2,0.0,1.1,0.9,0.51,0.53,0.33,0.94,20.3,1.9,8.0,0.6,0.0,1.9,0.1,1.8,1.5,0.51,0.53,0.33,0.94,0.52,0.62,0.05,0.56,151.0,78.0,228.0,57.0,175.0,99.0,229.0,31.0,159.0,195.0,187.0,217.0,224.0,42.0,91.0,148.0,93.0,14.0,57.0,229.0,8.0,154.0,206.0,221.0,196.0,227.0,71.0
113,Jermaine O'Neal,,PF,C,"6'11""",,11.01,,,,,,,✅,,,,✅,,,242.0,170.0,204.0,210.0,195.0,47.0,26.0,2.0,72.0,14.0,36.0,26.0,54.0,,,,,,,,1 S9,,,1 S9,,,,,,,,,,18.3,0.46,0.74,0.0,0.33,2.22,0.9,2.2,4.45,10.1,0.4,0.8,0.0,29.0,28.0,91.0,34.0,85.0,77.0,80.0,,89.0,95.0,90.0,68.0,86.0,98.0,95.0,80.0,77.0,54.0,80.0,80.0,95.0,95.0,78.0,89.0,82.0,90.0,75.0,94.0,94.0,90.0,89.0,96.0,59.0,52.0,78.0,70.0,52.0,43.0,67.0,85.0,34.0,57.0,61.0,84.0,76.0,75.0,89.0,88.0,89.0,83.0,95.0,8,0,0,7,1,0,,,,3.0,,3.0,,,,,3.0,3.0,,,3.0,,,2.0,3.0,,,,,,,,,,,,,,,,,,,3.0,,,,29.0,812.0,412.0,227.0,49.0,9.0,18.0,11.0,183.0,256.0,1.0,3.0,45.0,50.0,41.0,186.0,35.0,28.0,14.2,7.8,1.7,0.3,0.6,0.4,1.4,6.4,1.2,0.72,0.72,0.33,0.9,18.3,10.1,2.2,0.4,0.8,0.5,1.8,8.2,1.6,0.72,0.72,0.33,0.9,0.72,0.74,0.28,0.51,16.0,14.0,54.0,70.0,144.0,83.0,50.0,159.0,197.0,69.0,33.0,41.0,52.0,92.0,14.0,23.0,93.0,34.0,72.0,54.0,171.0,211.0,70.0,29.0,47.0,58.0,102.0
89,Dwight Howard,,C,,"6'11""",,10.98,,,,,✅,,,,,,✅,✅,,45.0,35.0,40.0,53.0,27.0,18.0,8.0,1.0,98.0,18.0,36.0,71.0,8.0,,,,,,,,,,,1 S9,,,1,1,,,,1,1,15.8,0.09,0.68,0.0,0.0,2.17,0.69,1.0,2.5,14.9,1.3,1.6,0.0,29.0,31.5,94.0,66.0,97.0,88.0,95.0,,69.0,97.0,28.0,25.0,67.0,98.0,98.0,89.0,88.0,66.0,98.0,95.0,98.0,95.0,86.0,89.0,85.0,98.0,97.0,97.0,53.0,95.0,95.0,95.0,43.0,33.0,50.0,25.0,74.0,33.0,89.0,97.0,66.0,78.0,96.0,98.0,88.0,98.0,97.0,97.0,97.0,40.0,95.0,14,1,3,6,4,0,,,,,,5.0,,,,2.0,3.0,2.0,,2.0,2.0,,,,,,,,,,,3.0,,3.0,,,,,4.0,,4.0,3.0,3.0,3.0,,4.0,,29.0,914.0,400.0,378.0,25.0,34.0,41.0,10.0,181.0,268.0,0.0,3.0,38.0,55.0,106.0,272.0,37.0,31.5,13.8,13.0,0.9,1.2,1.4,0.3,3.7,9.4,1.3,0.68,0.68,0.0,0.69,15.8,14.9,1.0,1.3,1.6,0.4,4.2,10.7,1.5,0.68,0.68,0.0,0.69,0.68,0.68,0.41,0.44,31.0,33.0,8.0,97.0,109.0,84.0,17.0,216.0,4.0,21.0,16.0,5.0,24.0,107.0,25.0,36.0,194.0,199.0,98.0,8.0,221.0,2.0,21.0,12.0,3.0,17.0,71.0
18,Walt Frazier,Knicks,PG,SG,"6'4""",,10.73,,,✅,✅,,,,,🟡,,,✅,faded:Glue,33.0,21.0,29.0,30.0,-68.0,101.0,37.0,5.0,98.0,58.0,94.0,24.0,23.0,,,,1 S9,1 S9,,2 S9,1 S7f,1 S9,,,,1,,1,,1,,,1,15.8,0.09,0.52,0.1,0.08,4.86,0.82,6.4,5.2,3.5,0.7,0.1,0.0,20.0,36.6,97.0,96.0,57.0,96.0,20.0,,91.0,97.0,94.0,78.0,86.0,98.0,95.0,89.0,96.0,97.0,72.0,84.0,96.0,85.0,92.0,62.0,98.0,25.0,61.0,25.0,55.0,48.0,89.0,95.0,93.0,96.0,95.0,95.0,94.0,85.0,79.0,57.0,96.0,96.0,31.0,95.0,84.0,95.0,51.0,41.0,61.0,98.0,99.0,19,0,3,14,0,2,,,1.0,,,,4.0,,4.0,,1.0,,,,,,3.0,3.0,,3.0,3.0,3.0,3.0,3.0,3.0,4.0,3.0,,3.0,3.0,3.0,3.0,,3.0,,,,,,,,20.0,733.0,321.0,72.0,130.0,15.0,2.0,25.0,119.0,267.0,2.0,26.0,81.0,99.0,4.0,68.0,34.0,36.6,16.1,3.6,6.5,0.8,0.1,1.3,0.2,3.4,1.7,0.45,0.48,0.08,0.82,15.8,3.5,6.4,0.7,0.1,1.2,0.2,3.3,1.7,0.45,0.48,0.08,0.82,0.45,0.52,0.1,0.44,214.0,188.0,137.0,97.0,8.0,70.0,119.0,13.0,29.0,155.0,204.0,131.0,115.0,183.0,147.0,195.0,191.0,103.0,98.0,150.0,26.0,109.0,170.0,166.0,158.0,145.0,122.0
20,Scottie Pippen,Bulls,SF,SG,"6'8""",,10.68,,,,✅,,,✅,,,,,✅,faded:Fouls,18.0,29.0,27.0,23.0,-53.0,71.0,9.0,4.0,83.0,19.0,28.0,1.0,8.0,,,,,2 S7f,,,1 S9,1 S9,,,2,1,,2,1,1,2,,1,17.2,0.3,0.54,1.9,0.29,2.72,0.79,7.0,3.61,6.6,1.0,0.9,0.0,29.0,36.4,97.0,97.0,84.0,83.0,40.0,,88.0,90.0,88.0,79.0,80.0,98.0,90.0,88.0,83.0,97.0,70.0,86.0,95.0,95.0,87.0,82.0,90.0,70.0,95.0,70.0,80.0,72.0,84.0,98.0,84.0,80.0,86.0,80.0,90.0,85.0,90.0,84.0,97.0,96.0,65.0,97.0,95.0,95.0,89.0,88.0,89.0,50.0,99.0,20,1,5,8,0,6,,,,,1.0,3.0,3.0,,3.0,,3.0,,,,,,1.0,,,1.0,,1.0,3.0,,1.0,4.0,4.0,3.0,3.0,5.0,4.0,4.0,,4.0,,,,,1.0,3.0,,29.0,1057.0,504.0,193.0,206.0,29.0,27.0,57.0,193.0,433.0,55.0,189.0,63.0,80.0,24.0,169.0,59.0,36.4,17.4,6.7,7.1,1.0,0.9,2.0,0.8,5.8,2.0,0.45,0.57,0.29,0.79,17.2,6.6,7.0,1.0,0.9,1.9,0.8,5.8,2.0,0.45,0.57,0.29,0.79,0.51,0.54,0.18,0.48,175.0,174.0,83.0,82.0,13.0,61.0,66.0,8.0,11.0,50.0,228.0,61.0,63.0,218.0,147.0,111.0,131.0,134.0,83.0,83.0,17.0,20.0,65.0,221.0,67.0,87.0,192.0
6,Nikola Jokic,,C,,"6'11""",Triple-Double Threat,10.68,,,✅,,,,,,,,,,D<85 faded:Fouls,18.0,31.0,15.0,20.0,-10.0,28.0,14.0,2.0,70.0,13.0,24.0,3.0,36.0,,,,1 S7,1 S7f,,,,1 S7,,2 S9,,,,,,,,,2,18.5,0.49,0.61,0.5,0.36,4.04,0.72,4.1,4.32,11.7,0.9,0.3,0.0,29.0,32.9,98.0,61.0,83.0,63.0,65.0,,91.0,99.0,98.0,85.0,82.0,85.0,98.0,77.0,63.0,62.0,96.0,63.0,97.0,80.0,83.0,91.0,91.0,90.0,75.0,94.0,95.0,98.0,98.0,90.0,85.0,93.0,76.0,60.0,98.0,99.0,73.0,83.0,61.0,59.0,60.0,83.0,82.0,80.0,84.0,73.0,96.0,75.0,95.0,24,0,6,13,1,4,3.0,3.0,,3.0,3.0,,4.0,3.0,2.0,4.0,3.0,3.0,3.0,,4.0,3.0,,3.0,3.0,4.0,,,3.0,,4.0,,,,,,,,1.0,,1.0,3.0,1.0,4.0,,1.0,,29.0,953.0,489.0,309.0,108.0,23.0,8.0,25.0,199.0,356.0,14.0,39.0,77.0,107.0,58.0,251.0,38.0,32.9,16.9,10.7,3.7,0.8,0.3,0.9,2.0,8.7,1.3,0.56,0.58,0.36,0.72,18.5,11.7,4.1,0.9,0.3,0.9,2.2,9.5,1.4,0.56,0.58,0.36,0.72,0.58,0.61,0.32,0.51,94.0,93.0,37.0,70.0,83.0,64.0,30.0,54.0,29.0,108.0,154.0,31.0,29.0,107.0,66.0,97.0,77.0,183.0,70.0,36.0,68.0,38.0,124.0,114.0,37.0,38.0,55.0
82,Artis Gilmore,Bulls,C,,"7'2""",,10.55,,,,,✅,,,,,,✅,✅,,64.0,45.0,61.0,60.0,47.0,17.0,7.0,1.0,107.0,23.0,36.0,71.0,3.0,,,,,,,,,,,1 S9,,,1,,,,,1,1,14.7,-0.08,0.77,0.0,0.0,1.4,0.82,1.0,1.87,17.0,1.0,2.0,0.0,29.0,33.8,93.0,49.0,94.0,65.0,99.0,,80.0,97.0,80.0,34.0,77.0,96.0,95.0,79.0,65.0,49.0,95.0,72.0,96.0,98.0,81.0,85.0,82.0,80.0,65.0,97.0,92.0,96.0,90.0,80.0,47.0,58.0,44.0,25.0,54.0,55.0,81.0,94.0,49.0,60.0,97.0,95.0,80.0,95.0,96.0,95.0,97.0,60.0,95.0,13,0,2,10,1,0,,,,,,3.0,,,,3.0,,3.0,4.0,,3.0,,,,,,,,,,,3.0,3.0,,,,,,3.0,,3.0,4.0,2.0,3.0,,3.0,,29.0,980.0,399.0,462.0,28.0,26.0,54.0,15.0,184.0,243.0,0.0,2.0,31.0,38.0,106.0,356.0,47.0,33.8,13.8,15.9,1.0,0.9,1.9,0.5,3.7,12.3,1.6,0.76,0.76,0.0,0.82,14.7,17.0,1.0,1.0,2.0,0.6,3.9,13.1,1.7,0.76,0.76,0.0,0.82,0.76,0.77,0.47,0.41,10.0,8.0,3.0,105.0,71.0,84.0,3.0,211.0,18.0,3.0,63.0,5.0,2.0,165.0,10.0,14.0,194.0,107.0,107.0,3.0,221.0,20.0,7.0,39.0,6.0,2.0,122.0
69,Pete Maravich,Jazz,SG,PG,"6'5""",,10.34,,,,,,,,,🟡,,,,D<85 faded:Shooter,77.0,83.0,70.0,78.0,-3.0,80.0,27.0,4.0,20.0,13.0,13.0,61.0,51.0,,2 S9,2 S7f,2 S9,1 S9,,2 S9,,2 S9,,,,,,1,,,,,2,25.4,1.52,0.55,4.5,0.33,4.09,0.86,3.8,2.77,2.8,0.6,0.0,1.0,29.0,28.2,94.0,84.0,44.0,88.0,15.0,,94.0,91.0,95.0,95.0,87.0,98.0,98.0,83.0,88.0,75.0,49.0,80.0,98.0,98.0,96.0,69.0,96.0,25.0,48.0,59.0,79.0,55.0,90.0,98.0,91.0,84.0,95.0,89.0,95.0,90.0,69.0,44.0,84.0,66.0,28.0,88.0,77.0,95.0,57.0,55.0,59.0,83.0,99.0,14,0,1,10,3,0,3.0,4.0,,,3.0,,3.0,,3.0,,,,,,,,3.0,3.0,3.0,2.0,3.0,3.0,,,2.0,,2.0,,,,,,,,,,,,3.0,,,29.0,819.0,578.0,64.0,86.0,13.0,0.0,31.0,198.0,488.0,102.0,305.0,80.0,93.0,5.0,59.0,40.0,28.2,19.9,2.2,3.0,0.4,0.0,1.1,0.2,2.0,1.4,0.41,0.52,0.33,0.86,25.4,2.8,3.8,0.6,0.0,1.4,0.2,2.6,1.8,0.41,0.52,0.33,0.86,0.51,0.55,0.08,0.71,172.0,165.0,169.0,20.0,139.0,42.0,171.0,80.0,159.0,195.0,182.0,131.0,175.0,129.0,195.0,154.0,92.0,61.0,20.0,185.0,78.0,154.0,206.0,195.0,158.0,180.0,153.0
87,Grant Hill,Pistons,SF,SG,"6'8""",,10.31,,,,,,,,,,,,,faded:Takeover/Scorer/Driver,48.0,82.0,63.0,48.0,-26.0,74.0,10.0,4.0,37.0,10.0,41.0,6.0,39.0,2 S8f,2 S8f,,2 S8f,1 S8,,,1 S7f,1 S9,,,,2,,1,,2,,,,23.4,1.22,0.56,0.6,0.15,3.21,0.78,4.6,3.96,3.9,0.6,0.2,1.0,23.0,36.1,93.0,87.0,40.0,94.0,25.0,,89.0,97.0,94.0,67.0,82.0,98.0,98.0,90.0,94.0,87.0,70.0,94.0,97.0,95.0,91.0,80.0,97.0,70.0,97.0,40.0,78.0,72.0,92.0,94.0,86.0,82.0,84.0,91.0,90.0,84.0,72.0,40.0,87.0,80.0,39.0,88.0,82.0,85.0,68.0,62.0,74.0,45.0,95.0,23,0,0,15,7,1,,,,,2.0,2.0,3.0,,3.0,,3.0,,,3.0,,,3.0,,3.0,3.0,2.0,3.0,2.0,2.0,3.0,3.0,3.0,,3.0,2.0,3.0,2.0,,3.0,1.0,,,,,3.0,,23.0,831.0,539.0,91.0,107.0,14.0,5.0,27.0,233.0,447.0,15.0,103.0,58.0,74.0,5.0,86.0,29.0,36.1,23.4,4.0,4.7,0.6,0.2,1.2,0.2,3.7,1.3,0.52,0.63,0.15,0.78,23.4,3.9,4.6,0.6,0.2,1.2,0.2,3.7,1.3,0.52,0.63,0.15,0.78,0.54,0.56,0.11,0.65,138.0,146.0,128.0,37.0,17.0,27.0,108.0,34.0,90.0,131.0,187.0,131.0,108.0,107.0,86.0,62.0,181.0,138.0,37.0,133.0,63.0,154.0,150.0,166.0,158.0,129.0,35.0
121,Yao Ming,Rockets,C,,"7'6""",,10.08,,,,,✅,,,,,,✅,✅,,144.0,90.0,98.0,172.0,122.0,22.0,12.0,1.0,111.0,25.0,36.0,53.0,24.0,,,,,,,,,,,1 S9,,,1,,,,,,1,14.5,-0.11,0.8,0.0,0.5,1.59,0.86,1.6,1.95,13.0,0.9,1.9,0.0,31.0,32.2,91.0,26.0,92.0,25.0,90.0,,84.0,96.0,90.0,45.0,87.0,90.0,98.0,63.0,25.0,26.0,90.0,28.0,85.0,90.0,97.0,81.0,58.0,90.0,40.0,97.0,79.0,97.0,85.0,98.0,46.0,55.0,51.0,25.0,55.0,43.0,76.0,92.0,26.0,55.0,94.0,96.0,72.0,95.0,97.0,96.0,97.0,98.0,95.0,13,0,1,8,2,2,,,,2.0,,1.0,,2.0,,3.0,,3.0,3.0,,3.0,3.0,,,,,,,,,,3.0,,,,,,,3.0,,1.0,4.0,,3.0,,,,31.0,998.0,401.0,361.0,43.0,25.0,53.0,22.0,181.0,231.0,1.0,2.0,38.0,44.0,76.0,285.0,46.0,32.2,12.9,11.6,1.4,0.8,1.7,0.7,2.5,9.2,1.5,0.78,0.79,0.5,0.86,14.5,13.0,1.6,0.9,1.9,0.8,2.7,10.3,1.7,0.78,0.79,0.5,0.86,0.79,0.8,0.36,0.4,7.0,6.0,24.0,109.0,98.0,93.0,26.0,185.0,29.0,9.0,108.0,23.0,28.0,146.0,7.0,10.0,5.0,57.0,111.0,24.0,202.0,38.0,8.0,90.0,24.0,24.0,122.0
99,Mel Daniels,,C,PF,"6'9""",,10.04,,,,,✅,,,,,,✅,,,149.0,117.0,152.0,146.0,130.0,19.0,9.0,1.0,103.0,20.0,36.0,26.0,21.0,,,,,,,,,,,1 S9,,,1,,,,,2,2,15.2,-0.0,0.73,0.0,0.0,2.79,0.92,2.2,3.4,13.9,0.9,1.4,0.0,35.0,32.5,92.0,69.0,95.0,75.0,75.0,,70.0,96.0,78.0,43.0,85.0,25.0,95.0,84.0,75.0,70.0,93.0,90.0,90.0,94.0,73.0,89.0,93.0,85.0,85.0,93.0,90.0,93.0,84.0,85.0,70.0,80.0,69.0,73.0,78.0,52.0,78.0,95.0,69.0,55.0,80.0,90.0,80.0,80.0,97.0,97.0,97.0,98.0,95.0,18,0,0,17,1,0,,,,,,3.0,3.0,,3.0,3.0,3.0,3.0,3.0,3.0,3.0,3.0,,,,,,,,,,3.0,,3.0,,,,,3.0,,2.0,3.0,3.0,3.0,,3.0,,35.0,1136.0,481.0,439.0,68.0,29.0,43.0,20.0,200.0,290.0,0.0,4.0,81.0,88.0,100.0,339.0,54.0,32.5,13.7,12.5,1.9,0.8,1.2,0.6,2.9,9.7,1.5,0.69,0.7,0.0,0.92,15.2,13.9,2.2,0.9,1.4,0.6,3.2,10.7,1.7,0.69,0.7,0.0,0.92,0.69,0.73,0.39,0.42,27.0,18.0,17.0,103.0,92.0,86.0,19.0,147.0,29.0,34.0,90.0,14.0,19.0,146.0,21.0,30.0,194.0,25.0,103.0,21.0,171.0,38.0,33.0,39.0,16.0,17.0,122.0
62,Tony Parker,Spurs,PG,,"6'2""",,9.88,,,✅,,,,,,✅,,,,D<85 faded:Scoring PG,72.0,73.0,77.0,102.0,4.0,68.0,21.0,3.0,74.0,43.0,69.0,13.0,83.0,,,,1 S7,1 S9,2 S7f,1 S7,,1 S9,,,,,,1,,,,,2,18.1,0.43,0.58,1.4,0.33,4.84,0.87,7.2,4.42,2.1,0.7,0.0,0.0,30.0,31.5,95.0,80.0,54.0,98.0,15.0,,93.0,95.0,95.0,89.0,85.0,97.0,95.0,85.0,98.0,89.0,50.0,85.0,95.0,95.0,85.0,60.0,97.0,25.0,30.0,30.0,58.0,58.0,82.0,98.0,92.0,94.0,95.0,98.0,95.0,80.0,73.0,54.0,80.0,85.0,35.0,84.0,92.0,80.0,39.0,30.0,47.0,80.0,99.0,13,1,1,11,0,0,3.0,,,,3.0,,5.0,,3.0,,,,,,,,3.0,3.0,,3.0,3.0,4.0,3.0,3.0,3.0,,3.0,,,,,,,,,,,,,,,30.0,944.0,474.0,55.0,190.0,19.0,1.0,43.0,163.0,350.0,38.0,114.0,110.0,127.0,3.0,52.0,33.0,31.5,15.8,1.8,6.3,0.6,0.0,1.4,0.1,1.7,1.1,0.47,0.53,0.33,0.87,18.1,2.1,7.2,0.7,0.0,1.6,0.1,2.0,1.3,0.47,0.53,0.33,0.87,0.52,0.58,0.06,0.5,158.0,120.0,213.0,74.0,109.0,73.0,195.0,15.0,90.0,195.0,211.0,173.0,193.0,74.0,129.0,147.0,93.0,56.0,74.0,218.0,14.0,109.0,206.0,207.0,196.0,218.0,35.0
48,Patrick Ewing,Knicks,C,PF,"7'0""",,9.75,,,,,✅,,,,,,✅,✅,,36.0,37.0,43.0,36.0,4.0,32.0,17.0,2.0,107.0,23.0,36.0,53.0,22.0,,,,,,,,,,,1 S9,,,1,,,,,1,1,14.7,-0.08,0.66,0.0,0.0,2.91,0.85,1.6,1.95,13.7,1.0,1.6,0.0,27.0,35.7,95.0,35.0,94.0,69.0,75.0,,89.0,97.0,95.0,65.0,82.0,98.0,98.0,78.0,69.0,35.0,97.0,70.0,98.0,90.0,88.0,91.0,74.0,96.0,75.0,95.0,98.0,96.0,92.0,98.0,53.0,64.0,40.0,25.0,78.0,57.0,81.0,94.0,35.0,64.0,89.0,95.0,91.0,98.0,94.0,93.0,95.0,68.0,99.0,17,0,3,12,1,1,,,,3.0,,3.0,,3.0,,3.0,3.0,3.0,4.0,,3.0,,,,,,,,,,,3.0,1.0,2.0,,,,,4.0,,4.0,3.0,3.0,3.0,,3.0,,27.0,964.0,394.0,368.0,43.0,28.0,42.0,22.0,164.0,265.0,0.0,2.0,66.0,78.0,107.0,261.0,66.0,35.7,14.6,13.6,1.6,1.0,1.6,0.8,4.0,9.7,2.4,0.62,0.62,0.0,0.85,14.7,13.7,1.6,1.0,1.6,0.8,4.0,9.7,2.5,0.62,0.62,0.0,0.85,0.62,0.66,0.38,0.41,65.0,49.0,22.0,105.0,25.0,80.0,14.0,167.0,11.0,16.0,130.0,3.0,19.0,230.0,45.0,69.0,194.0,76.0,107.0,22.0,202.0,20.0,21.0,90.0,4.0,33.0,228.0
137,Dave Bing,,PG,SG,"6'3""",,9.74,,,,,,,,🟡,✅,,,,D<85,186.0,147.0,190.0,195.0,121.0,65.0,20.0,3.0,58.0,35.0,67.0,24.0,96.0,,,,2 S9,1 S9,2 S9,1 S9,,1 S9,,,,,,1,,,,,,20.2,0.75,0.59,1.5,0.3,5.26,0.78,6.4,4.24,1.8,0.4,0.2,0.0,25.0,16.2,90.0,84.0,45.0,91.0,30.0,,89.0,88.0,88.0,85.0,81.0,95.0,95.0,86.0,91.0,93.0,58.0,83.0,97.0,95.0,82.0,63.0,95.0,25.0,60.0,40.0,60.0,40.0,88.0,94.0,90.0,90.0,93.0,94.0,94.0,78.0,71.0,45.0,84.0,82.0,37.0,78.0,88.0,85.0,45.0,50.0,40.0,45.0,95.0,16,0,0,13,2,1,,,3.0,,3.0,,3.0,,3.0,,1.0,,,,,,3.0,3.0,3.0,3.0,3.0,3.0,3.0,3.0,3.0,2.0,,,,,2.0,,,,,,,,,,,25.0,404.0,227.0,20.0,72.0,4.0,2.0,17.0,82.0,166.0,17.0,56.0,46.0,59.0,1.0,19.0,19.0,16.2,9.1,0.8,2.9,0.2,0.1,0.7,0.0,0.8,0.8,0.49,0.59,0.3,0.78,20.2,1.8,6.4,0.4,0.2,1.5,0.1,1.7,1.7,0.49,0.59,0.3,0.78,0.55,0.59,0.05,0.56,125.0,113.0,228.0,57.0,223.0,142.0,232.0,95.0,219.0,155.0,108.0,217.0,232.0,29.0,105.0,88.0,125.0,143.0,58.0,231.0,26.0,211.0,150.0,201.0,196.0,231.0,122.0
79,Mitch Richmond,Kings,SG,SF,"6'5""",,9.73,,✅,,,,,,,,,,,D<85 faded:Takeover/Scorer/Fouls,42.0,44.0,32.0,45.0,-30.0,72.0,23.0,4.0,30.0,18.0,6.0,74.0,31.0,1 S7f,2 S8f,1 S9,,2 S7f,,,,,,,,,,1,,,,,2,24.4,1.37,0.63,5.7,0.43,1.48,0.88,3.2,3.46,3.3,0.8,0.0,2.0,29.0,35.3,94.0,79.0,62.0,86.0,35.0,,94.0,94.0,96.0,91.0,89.0,97.0,98.0,89.0,86.0,79.0,79.0,89.0,98.0,97.0,94.0,76.0,94.0,55.0,75.0,69.0,79.0,48.0,94.0,96.0,80.0,82.0,85.0,81.0,86.0,67.0,71.0,62.0,79.0,78.0,42.0,79.0,85.0,75.0,57.0,52.0,62.0,83.0,95.0,9,0,1,7,1,0,3.0,3.0,3.0,,4.0,,3.0,,3.0,,2.0,,,,,,,,3.0,,,,,,,,,,,,,,,,,,,,3.0,,,29.0,1024.0,693.0,93.0,90.0,22.0,1.0,26.0,247.0,529.0,162.0,380.0,37.0,42.0,6.0,87.0,38.0,35.3,23.9,3.2,3.1,0.8,0.0,0.9,0.2,3.0,1.3,0.47,0.57,0.43,0.88,24.4,3.3,3.2,0.8,0.0,0.9,0.2,3.1,1.3,0.47,0.57,0.43,0.88,0.62,0.63,0.09,0.68,64.0,71.0,156.0,27.0,38.0,22.0,133.0,75.0,29.0,195.0,154.0,131.0,132.0,107.0,126.0,108.0,22.0,44.0,30.0,159.0,109.0,69.0,206.0,114.0,158.0,157.0,35.0
102,Baron Davis,Pelicans,PG,SG,"6'3""",,9.73,,,,,,,,✅,✅,,,,faded:Driver/Fouls,75.0,96.0,80.0,71.0,2.0,73.0,24.0,4.0,60.0,37.0,30.0,19.0,90.0,,,,2 S8f,2 S8f,1 S8,1 S9,,1 S9,,,,,,1,,2,,,,19.8,0.69,0.52,3.1,0.31,4.2,0.73,6.7,4.81,2.0,0.8,0.3,0.0,23.0,34.7,92.0,85.0,25.0,85.0,35.0,,87.0,90.0,90.0,80.0,75.0,95.0,90.0,87.0,85.0,89.0,66.0,89.0,90.0,95.0,98.0,61.0,92.0,25.0,85.0,38.0,39.0,42.0,80.0,84.0,90.0,88.0,92.0,90.0,92.0,88.0,73.0,25.0,85.0,96.0,40.0,84.0,96.0,85.0,59.0,55.0,62.0,84.0,95.0,24,0,0,17,7,0,3.0,2.0,3.0,2.0,3.0,,3.0,,3.0,,,,,3.0,,,2.0,3.0,,2.0,3.0,3.0,2.0,2.0,2.0,3.0,3.0,,3.0,3.0,3.0,3.0,,3.0,,,,,,3.0,,23.0,797.0,439.0,44.0,149.0,17.0,7.0,31.0,151.0,382.0,69.0,224.0,68.0,93.0,4.0,40.0,21.0,34.7,19.1,1.9,6.5,0.7,0.3,1.3,0.2,1.7,0.9,0.4,0.52,0.31,0.73,19.8,2.0,6.7,0.8,0.3,1.4,0.2,1.8,0.9,0.4,0.52,0.31,0.73,0.49,0.52,0.06,0.55,190.0,186.0,213.0,59.0,50.0,50.0,187.0,13.0,59.0,108.0,204.0,131.0,193.0,42.0,203.0,162.0,123.0,175.0,60.0,225.0,21.0,69.0,124.0,195.0,158.0,227.0,4.0
17,Moses Malone,76ers,C,PF,"6'10""",,9.57,,,,,✅,,,,,,✅,✅,,50.0,42.0,52.0,54.0,11.0,39.0,21.0,2.0,122.0,29.0,36.0,71.0,15.0,,,,,,,,,,,1 S9,,,1,2,,,,1,1,13.8,-0.21,0.7,0.0,0.0,2.67,0.82,1.0,1.17,14.3,0.8,1.8,0.0,29.0,35.8,97.0,57.0,97.0,78.0,99.0,,82.0,98.0,78.0,43.0,82.0,90.0,98.0,86.0,78.0,57.0,97.0,85.0,98.0,95.0,92.0,95.0,88.0,97.0,85.0,96.0,97.0,98.0,98.0,98.0,50.0,60.0,45.0,43.0,70.0,32.0,87.0,97.0,57.0,72.0,95.0,95.0,95.0,98.0,99.0,99.0,98.0,55.0,99.0,18,0,6,8,3,1,,,,2.0,,4.0,2.0,,2.0,3.0,3.0,3.0,4.0,,3.0,3.0,,,,,,,,,,3.0,1.0,,,,,,4.0,,4.0,4.0,4.0,3.0,,3.0,,29.0,1039.0,397.0,414.0,28.0,24.0,52.0,24.0,167.0,248.0,0.0,4.0,63.0,77.0,89.0,325.0,45.0,35.8,13.7,14.3,1.0,0.8,1.8,0.8,3.1,11.2,1.6,0.67,0.68,0.0,0.82,13.8,14.3,1.0,0.8,1.8,0.8,3.1,11.3,1.6,0.67,0.68,0.0,0.82,0.67,0.7,0.4,0.38,35.0,26.0,13.0,121.0,23.0,86.0,10.0,211.0,29.0,6.0,130.0,13.0,8.0,165.0,26.0,35.0,194.0,103.0,122.0,15.0,221.0,69.0,11.0,90.0,19.0,10.0,102.0
269,DeAndre Jordan,2013-14 Clippers,C,,"6'11""",,9.43,,,,,✅,,,,,,✅,✅,,157.0,110.0,127.0,158.0,119.0,38.0,20.0,2.0,174.0,54.0,36.0,53.0,17.0,,,,,,,,,,,1 S9,,,1,,,,,1,1,10.6,-0.69,0.82,0.0,,1.0,0.26,1.6,3.36,14.2,0.9,1.4,0.0,28.0,29.5,87.0,54.0,96.0,64.0,99.0,,53.0,88.0,25.0,25.0,48.0,94.0,40.0,81.0,64.0,54.0,94.0,77.0,91.0,90.0,94.0,71.0,57.0,97.0,96.0,48.0,40.0,61.0,79.0,92.0,35.0,25.0,30.0,25.0,66.0,31.0,77.0,96.0,54.0,58.0,81.0,96.0,60.0,95.0,96.0,95.0,97.0,80.0,92.0,11,0,1,9,1,0,,,,,,3.0,,,,,3.0,,,2.0,,4.0,,,,,,,,,,3.0,,3.0,,,,,3.0,,3.0,3.0,3.0,3.0,,,,28.0,826.0,244.0,326.0,37.0,20.0,31.0,11.0,119.0,139.0,0.0,0.0,6.0,23.0,82.0,244.0,45.0,29.5,8.7,11.6,1.3,0.7,1.1,0.4,2.9,8.7,1.6,0.86,0.86,,0.26,10.6,14.2,1.6,0.9,1.4,0.5,3.6,10.6,2.0,0.86,0.86,,0.26,0.86,0.82,0.39,0.3,1.0,4.0,17.0,170.0,127.0,148.0,26.0,196.0,59.0,37.0,33.0,14.0,29.0,165.0,1.0,1.0,,233.0,174.0,17.0,202.0,38.0,33.0,29.0,9.0,19.0,192.0
28,Joel Embiid,76ers,C,,"7'0""",,9.43,,,,,✅,,,,,✅,,✅,faded:Fouls,62.0,48.0,55.0,64.0,28.0,34.0,18.0,2.0,56.0,10.0,17.0,33.0,42.0,,,,,2 S7f,,,,,1 S7,,,,1,,,,,1,1,20.4,0.78,0.66,1.0,0.41,2.8,0.8,2.0,1.82,11.2,0.7,1.4,1.0,21.0,34.3,95.0,68.0,92.0,69.0,45.0,,87.0,95.0,94.0,78.0,86.0,70.0,98.0,80.0,69.0,68.0,95.0,69.0,95.0,90.0,73.0,92.0,89.0,90.0,80.0,94.0,94.0,94.0,96.0,98.0,68.0,68.0,57.0,62.0,82.0,71.0,78.0,92.0,68.0,57.0,82.0,94.0,64.0,90.0,82.0,70.0,94.0,98.0,99.0,18,0,0,10,4,4,,,,1.0,,2.0,,2.0,,3.0,3.0,3.0,3.0,,3.0,3.0,,,2.0,,,,,,,,,1.0,,1.0,,,3.0,,3.0,3.0,1.0,3.0,,2.0,,21.0,721.0,408.0,225.0,40.0,15.0,29.0,22.0,171.0,287.0,21.0,51.0,45.0,56.0,28.0,197.0,28.0,34.3,19.4,10.7,1.9,0.7,1.4,1.0,1.3,9.4,1.3,0.6,0.64,0.41,0.8,20.4,11.2,2.0,0.7,1.4,1.1,1.4,9.8,1.4,0.6,0.64,0.41,0.8,0.63,0.66,0.31,0.57,58.0,54.0,42.0,54.0,56.0,45.0,30.0,147.0,59.0,21.0,169.0,44.0,24.0,107.0,57.0,61.0,33.0,121.0,56.0,42.0,182.0,109.0,33.0,151.0,57.0,29.0,55.0
782,Jamal Murray,,PG,SG,"6'4""",Crafty Walking Bucket,9.32,,,,,,,,🟡,✅,,,,D<85,225.0,,,174.0,163.0,62.0,18.0,3.0,49.0,29.0,25.0,46.0,78.0,,,2 S9,,2 S9,2 S9,1 S9,,1 S9,,,,,,2,,,,,,21.0,0.87,0.61,3.4,0.39,3.15,0.87,5.2,6.91,2.3,0.7,0.2,0.0,29.0,18.1,90.0,77.0,35.0,80.0,45.0,,90.0,95.0,86.0,88.0,88.0,90.0,95.0,79.0,80.0,80.0,54.0,80.0,95.0,85.0,78.0,65.0,93.0,30.0,82.0,38.0,46.0,74.0,75.0,84.0,83.0,84.0,89.0,79.0,85.0,77.0,60.0,35.0,77.0,41.0,50.0,74.0,70.0,70.0,44.0,32.0,56.0,85.0,95.0,18,0,0,6,10,2,3.0,2.0,1.0,3.0,3.0,,2.0,,3.0,,2.0,,,,,,2.0,2.0,2.0,1.0,2.0,2.0,2.0,3.0,3.0,,,,,,,,,,,,,,2.0,,,29.0,525.0,306.0,34.0,76.0,10.0,3.0,11.0,108.0,232.0,50.0,127.0,40.0,46.0,4.0,30.0,29.0,18.1,10.6,1.2,2.6,0.3,0.1,0.4,0.1,1.0,1.0,0.47,0.55,0.39,0.87,21.0,2.3,5.2,0.7,0.2,0.8,0.3,2.1,2.0,0.47,0.55,0.39,0.87,0.57,0.61,0.06,0.58,99.0,93.0,213.0,49.0,211.0,117.0,223.0,104.0,197.0,155.0,33.0,173.0,229.0,58.0,129.0,125.0,49.0,53.0,49.0,213.0,51.0,109.0,150.0,90.0,118.0,213.0,192.0
357,Tyson Chandler,2011-12 Knicks,C,,"7'1""",,9.32,,,,,✅,,,,,,✅,✅,,189.0,186.0,206.0,222.0,149.0,40.0,22.0,2.0,182.0,60.0,36.0,48.0,44.0,,,,,,,,,,,1 S9,,,1,,,,,1,1,9.9,-0.79,0.81,0.0,,1.22,0.75,1.7,5.5,11.0,1.2,1.0,0.0,26.0,18.2,84.0,54.0,95.0,64.0,99.0,,59.0,83.0,30.0,31.0,69.0,92.0,50.0,73.0,64.0,54.0,80.0,74.0,87.0,75.0,76.0,71.0,74.0,95.0,79.0,65.0,52.0,66.0,77.0,58.0,39.0,40.0,35.0,25.0,64.0,31.0,78.0,95.0,54.0,58.0,75.0,96.0,75.0,95.0,88.0,87.0,89.0,70.0,92.0,12,0,0,6,2,4,,,,,,2.0,,,,,,,1.0,1.0,1.0,3.0,,,,,,,,,,,,3.0,,,,,3.0,,3.0,2.0,1.0,3.0,,3.0,,26.0,474.0,130.0,145.0,22.0,16.0,13.0,4.0,59.0,73.0,0.0,0.0,12.0,16.0,26.0,119.0,23.0,18.2,5.0,5.6,0.8,0.6,0.5,0.2,1.0,4.6,0.9,0.81,0.81,,0.75,9.9,11.0,1.7,1.2,1.0,0.3,2.0,9.0,1.7,0.81,0.81,,0.75,0.81,0.81,0.31,0.27,5.0,5.0,42.0,184.0,210.0,210.0,76.0,218.0,90.0,81.0,4.0,55.0,83.0,42.0,5.0,8.0,,165.0,182.0,44.0,197.0,7.0,59.0,6.0,42.0,45.0,122.0
215,Fred Brown,,PG,SG,"6'3""",,9.1,,,,,,,,🟡,✅,,,,D<85 faded:Scorer/Driver,157.0,166.0,151.0,143.0,63.0,94.0,32.0,5.0,30.0,18.0,15.0,55.0,70.0,,2 S7f,2 S9,2 S7f,2 S9,2 S9,1 S9,,1 S9,,,,,,1,,,,,,24.4,1.37,0.57,4.1,0.42,3.18,0.9,4.8,3.91,2.5,0.3,0.1,0.0,29.0,22.2,88.0,78.0,65.0,85.0,0.0,,91.0,90.0,90.0,93.0,90.0,94.0,90.0,78.0,85.0,82.0,37.0,81.0,97.0,87.0,79.0,59.0,89.0,25.0,30.0,35.0,60.0,57.0,78.0,96.0,83.0,84.0,86.0,85.0,82.0,77.0,69.0,65.0,78.0,74.0,52.0,75.0,74.0,65.0,47.0,45.0,49.0,65.0,95.0,16,0,0,6,8,2,3.0,2.0,3.0,2.0,3.0,,2.0,,2.0,,2.0,,,,,,3.0,3.0,,1.0,3.0,2.0,2.0,2.0,1.0,,,,,,,,,,,,,,,,,29.0,645.0,437.0,44.0,86.0,5.0,1.0,22.0,156.0,355.0,74.0,177.0,51.0,57.0,2.0,42.0,33.0,22.2,15.1,1.5,3.0,0.2,0.0,0.8,0.1,1.4,1.1,0.44,0.46,0.42,0.9,24.4,2.5,4.8,0.3,0.1,1.2,0.1,2.3,1.8,0.44,0.46,0.42,0.9,0.54,0.57,0.07,0.68,131.0,129.0,193.0,27.0,171.0,75.0,210.0,80.0,219.0,195.0,130.0,173.0,211.0,74.0,162.0,211.0,27.0,37.0,30.0,204.0,61.0,224.0,170.0,166.0,196.0,203.0,153.0
669,Klay Thompson,Warriors,SG,SF,"6'7""",,8.96,,✅,,✅,,,,,,,,,faded:Takeover/Scorer,32.0,,44.0,38.0,-83.0,115.0,42.0,5.0,40.0,24.0,8.0,90.0,42.0,1 S8f,2 S8f,1 S8,,,,,,,,,,1,,,,1,,,2,23.2,1.19,0.56,5.4,0.38,1.39,0.88,2.5,2.88,2.9,1.0,0.0,1.0,29.0,36.6,91.0,91.0,64.0,68.0,15.0,,91.0,75.0,94.0,98.0,87.0,95.0,98.0,79.0,68.0,94.0,55.0,67.0,91.0,85.0,94.0,67.0,88.0,35.0,65.0,35.0,78.0,68.0,79.0,90.0,68.0,77.0,76.0,68.0,80.0,38.0,77.0,64.0,91.0,59.0,51.0,90.0,88.0,95.0,42.0,36.0,47.0,80.0,95.0,15,0,1,9,1,4,3.0,4.0,,3.0,3.0,,1.0,,1.0,,,,,,,,,1.0,,,,,,,,3.0,2.0,,1.0,3.0,3.0,3.0,,3.0,,,,,3.0,,,29.0,1060.0,683.0,86.0,75.0,28.0,0.0,26.0,244.0,588.0,159.0,419.0,36.0,41.0,16.0,70.0,36.0,36.6,23.6,3.0,2.6,1.0,0.0,0.9,0.6,2.4,1.2,0.42,0.5,0.38,0.88,23.2,2.9,2.5,1.0,0.0,0.9,0.5,2.4,1.2,0.42,0.5,0.38,0.88,0.55,0.56,0.08,0.64,118.0,145.0,169.0,40.0,8.0,25.0,138.0,104.0,11.0,195.0,154.0,72.0,156.0,92.0,186.0,180.0,61.0,47.0,40.0,176.0,147.0,20.0,206.0,114.0,86.0,197.0,21.0
228,Jalen Brunson,,PG,,"6'2""",Crafty Offensive Engine,8.9,,,,,,,,✅,✅,,,,D<85 faded:Scorer/Driver,130.0,125.0,131.0,126.0,60.0,70.0,22.0,3.0,55.0,33.0,49.0,17.0,78.0,,2 S7f,,2 S7f,2 S9,1 S7,1 S9,,1 S9,,,,,,2,,,,,,20.5,0.79,0.48,2.2,0.26,3.19,0.8,6.9,5.56,2.3,1.2,0.0,0.0,30.0,15.4,93.0,73.0,55.0,84.0,0.0,,91.0,97.0,96.0,86.0,84.0,90.0,95.0,83.0,84.0,84.0,60.0,75.0,98.0,95.0,81.0,66.0,98.0,40.0,35.0,50.0,56.0,50.0,98.0,98.0,89.0,96.0,95.0,84.0,98.0,74.0,60.0,55.0,73.0,37.0,35.0,72.0,70.0,75.0,40.0,32.0,48.0,80.0,95.0,19,0,0,14,2,3,3.0,1.0,3.0,3.0,3.0,,3.0,,3.0,,2.0,,,,1.0,,2.0,3.0,3.0,3.0,3.0,3.0,3.0,3.0,3.0,,,,,,,,,,,,,,1.0,,,30.0,462.0,263.0,29.0,89.0,16.0,0.0,16.0,101.0,258.0,28.0,107.0,33.0,41.0,2.0,27.0,8.0,15.4,8.8,1.0,3.0,0.5,0.0,0.5,0.1,0.9,0.3,0.39,0.48,0.26,0.8,20.5,2.3,6.9,1.2,0.0,1.2,0.2,2.1,0.6,0.39,0.48,0.26,0.8,0.45,0.48,0.06,0.57,217.0,219.0,213.0,54.0,230.0,146.0,230.0,80.0,126.0,195.0,63.0,173.0,230.0,1.0,205.0,197.0,143.0,120.0,55.0,213.0,19.0,7.0,206.0,166.0,158.0,213.0,1.0
76,Elvin Hayes,Wizards,PF,C,"6'9""",,8.85,,,,,✅,,✅,,,,✅,✅,,110.0,104.0,103.0,100.0,5.0,105.0,52.0,5.0,127.0,31.0,36.0,20.0,41.0,,,,,,,,1 S9,,,1 S9,,,1,,,,,1,1,13.5,-0.26,0.63,0.0,0.14,1.94,0.67,2.3,2.57,11.4,0.7,1.2,0.0,29.0,31.3,94.0,60.0,95.0,75.0,80.0,,84.0,96.0,72.0,70.0,69.0,98.0,98.0,84.0,75.0,60.0,95.0,80.0,98.0,98.0,84.0,91.0,72.0,90.0,85.0,95.0,96.0,95.0,95.0,98.0,64.0,75.0,52.0,50.0,75.0,69.0,87.0,95.0,60.0,80.0,94.0,96.0,85.0,98.0,98.0,97.0,98.0,60.0,99.0,14,0,1,12,0,1,,,,,,3.0,,,,1.0,3.0,3.0,3.0,,3.0,,,,,,,,,,,3.0,3.0,,,,,,3.0,,3.0,4.0,3.0,3.0,,3.0,,29.0,909.0,342.0,289.0,59.0,18.0,30.0,23.0,154.0,251.0,1.0,7.0,33.0,49.0,61.0,228.0,40.0,31.3,11.8,10.0,2.0,0.6,1.0,0.8,2.1,7.9,1.4,0.61,0.63,0.14,0.67,13.5,11.4,2.3,0.7,1.2,0.9,2.4,9.0,1.6,0.61,0.63,0.14,0.67,0.62,0.63,0.32,0.38,67.0,76.0,37.0,121.0,112.0,105.0,36.0,138.0,90.0,43.0,130.0,30.0,40.0,129.0,48.0,66.0,182.0,210.0,127.0,41.0,162.0,109.0,47.0,114.0,31.0,45.0,102.0
32,David Robinson,Spurs,C,PF,"7'1""",,8.84,,,,,✅,,,,,,✅,✅,,65.0,47.0,53.0,70.0,16.0,49.0,28.0,3.0,114.0,26.0,36.0,78.0,19.0,,,,,,,,,,,1 S9,,,1,,,,,1,1,14.3,-0.14,0.66,0.0,0.0,1.99,0.68,0.8,1.2,14.1,1.0,1.8,0.0,29.0,37.5,96.0,61.0,97.0,70.0,80.0,,88.0,94.0,93.0,71.0,73.0,96.0,98.0,77.0,70.0,61.0,95.0,80.0,85.0,66.0,83.0,87.0,80.0,90.0,60.0,92.0,97.0,97.0,93.0,90.0,47.0,40.0,54.0,30.0,48.0,62.0,84.0,97.0,61.0,61.0,86.0,98.0,88.0,98.0,87.0,86.0,87.0,70.0,99.0,17,0,5,11,1,0,,,,4.0,,4.0,,3.0,,3.0,3.0,3.0,3.0,,4.0,3.0,,,2.0,,,,,,,3.0,,,,,,,4.0,,4.0,3.0,3.0,3.0,,3.0,,29.0,1087.0,433.0,425.0,24.0,29.0,54.0,20.0,196.0,299.0,0.0,1.0,41.0,60.0,80.0,345.0,62.0,37.5,14.9,14.7,0.8,1.0,1.9,0.7,2.8,11.9,2.1,0.66,0.66,0.0,0.68,14.3,14.1,0.8,1.0,1.8,0.7,2.6,11.4,2.1,0.66,0.66,0.0,0.68,0.66,0.66,0.39,0.4,42.0,45.0,17.0,109.0,5.0,77.0,6.0,218.0,11.0,3.0,108.0,18.0,6.0,220.0,31.0,49.0,194.0,204.0,114.0,19.0,228.0,20.0,11.0,67.0,27.0,9.0,205.0
91,Robert Parish,Celtics,C,PF,"7'0""",,8.79,,,,,✅,,,,,,✅,✅,,117.0,87.0,118.0,128.0,69.0,48.0,27.0,3.0,176.0,56.0,36.0,66.0,23.0,,,,,,,,,,,1 S9,,,1,,,,,2,1,10.5,-0.7,0.68,0.0,0.0,1.72,0.76,1.2,2.67,13.6,1.4,1.4,0.0,29.0,33.1,93.0,55.0,92.0,58.0,90.0,,77.0,93.0,72.0,25.0,77.0,98.0,95.0,75.0,58.0,55.0,95.0,65.0,95.0,73.0,85.0,87.0,78.0,90.0,70.0,94.0,93.0,95.0,85.0,94.0,42.0,50.0,45.0,25.0,54.0,34.0,81.0,92.0,55.0,65.0,80.0,94.0,89.0,90.0,96.0,95.0,96.0,85.0,95.0,13,0,0,10,2,1,,,,,,3.0,,,,3.0,3.0,3.0,3.0,,3.0,3.0,,,,,,,,,,,,3.0,,,,,1.0,,2.0,3.0,2.0,3.0,,,,29.0,961.0,281.0,362.0,32.0,38.0,37.0,12.0,123.0,186.0,0.0,3.0,35.0,46.0,84.0,278.0,39.0,33.1,9.7,12.5,1.1,1.3,1.3,0.4,2.9,9.6,1.3,0.66,0.67,0.0,0.76,10.5,13.6,1.2,1.4,1.4,0.4,3.1,10.4,1.5,0.66,0.67,0.0,0.76,0.66,0.68,0.38,0.29,41.0,35.0,22.0,175.0,78.0,130.0,19.0,204.0,1.0,29.0,33.0,14.0,22.0,107.0,29.0,40.0,194.0,160.0,176.0,23.0,216.0,1.0,33.0,12.0,19.0,23.0,71.0
778,Anthony Davis,Lakers,C,PF,"6'10""",,8.75,,,,,✅,,,,,,✅,✅,,51.0,,,43.0,-7.0,58.0,34.0,3.0,90.0,16.0,22.0,36.0,39.0,,,,,,,,,,,1 S9,,,1,2,,,,1,1,16.5,0.19,0.58,0.7,0.28,2.76,0.79,1.9,2.5,11.5,0.7,1.9,0.0,29.0,36.9,94.0,64.0,95.0,79.0,80.0,,88.0,94.0,80.0,76.0,79.0,98.0,98.0,85.0,79.0,71.0,87.0,86.0,97.0,96.0,78.0,93.0,94.0,95.0,86.0,93.0,93.0,89.0,96.0,98.0,66.0,60.0,65.0,67.0,72.0,68.0,84.0,95.0,64.0,66.0,88.0,95.0,82.0,95.0,87.0,84.0,89.0,50.0,95.0,20,0,0,11,5,4,,,,3.0,,3.0,3.0,2.0,3.0,2.0,3.0,1.0,3.0,,1.0,3.0,,,1.0,,,,,,,3.0,,2.0,1.0,,,,3.0,,3.0,2.0,,2.0,,3.0,,29.0,1070.0,490.0,342.0,55.0,21.0,55.0,22.0,202.0,383.0,21.0,75.0,65.0,82.0,73.0,269.0,64.0,36.9,16.9,11.8,1.9,0.7,1.9,0.8,2.5,9.3,2.2,0.53,0.59,0.28,0.79,16.5,11.5,1.9,0.7,1.9,0.7,2.5,9.1,2.2,0.53,0.59,0.28,0.79,0.56,0.58,0.32,0.46,115.0,119.0,37.0,89.0,6.0,64.0,25.0,147.0,59.0,3.0,130.0,23.0,27.0,225.0,82.0,94.0,135.0,127.0,90.0,39.0,185.0,109.0,8.0,67.0,30.0,43.0,214.0
43,Bill Walton,Trail Blazers,C,PF,"6'11""",,8.63,,,,,✅,,,,,,✅,✅,,68.0,64.0,62.0,62.0,15.0,53.0,30.0,3.0,157.0,41.0,36.0,36.0,5.0,,,,,,,,,,,1 S9,,,1,,,,,1,1,11.6,-0.54,0.63,0.0,0.0,1.78,0.68,1.9,3.06,15.5,1.1,1.9,0.0,28.0,33.9,95.0,54.0,95.0,63.0,90.0,,79.0,95.0,83.0,30.0,72.0,98.0,95.0,82.0,63.0,54.0,93.0,75.0,95.0,98.0,95.0,88.0,78.0,95.0,70.0,96.0,93.0,93.0,78.0,98.0,70.0,79.0,69.0,28.0,92.0,84.0,84.0,95.0,54.0,70.0,94.0,95.0,82.0,95.0,98.0,97.0,98.0,75.0,99.0,21,0,0,15,6,0,,,,3.0,,2.0,,2.0,,3.0,2.0,3.0,3.0,,3.0,3.0,,3.0,2.0,3.0,,,,,3.0,3.0,,2.0,,,,,3.0,,3.0,3.0,2.0,3.0,,3.0,,28.0,948.0,306.0,409.0,49.0,30.0,51.0,16.0,137.0,223.0,0.0,2.0,32.0,47.0,101.0,308.0,70.0,33.9,10.9,14.6,1.8,1.1,1.8,0.6,3.6,11.0,2.5,0.61,0.62,0.0,0.68,11.6,15.5,1.9,1.1,1.9,0.6,3.8,11.7,2.7,0.61,0.62,0.0,0.68,0.61,0.63,0.43,0.32,71.0,75.0,5.0,157.0,66.0,111.0,7.0,153.0,6.0,6.0,90.0,7.0,10.0,232.0,48.0,72.0,194.0,205.0,157.0,5.0,185.0,11.0,8.0,39.0,8.0,7.0,232.0
213,Rudy Gobert,Jazz,C,,"7'1""",,8.57,,,,,✅,,,,,,✅,✅,,150.0,190.0,148.0,194.0,96.0,54.0,31.0,3.0,202.0,68.0,36.0,76.0,4.0,,,,,,,,,,,1 S9,,,1,,,,,1,1,8.5,-1.0,0.75,0.0,0.0,0.99,0.65,0.9,2.1,16.9,0.9,2.1,0.0,28.0,29.9,88.0,64.0,97.0,48.0,99.0,,65.0,70.0,63.0,25.0,62.0,98.0,70.0,73.0,48.0,65.0,87.0,57.0,90.0,85.0,81.0,75.0,79.0,95.0,75.0,70.0,58.0,70.0,70.0,85.0,43.0,68.0,35.0,25.0,58.0,31.0,79.0,97.0,64.0,36.0,91.0,97.0,74.0,95.0,88.0,81.0,95.0,70.0,92.0,12,0,2,5,3,2,,,,,,3.0,,,,,,,1.0,1.0,,3.0,,,,,,,,,,3.0,,2.0,,,,,4.0,,4.0,3.0,2.0,3.0,,2.0,,28.0,838.0,199.0,394.0,21.0,22.0,48.0,10.0,92.0,122.0,0.0,3.0,15.0,23.0,79.0,315.0,47.0,29.9,7.1,14.1,0.8,0.8,1.7,0.4,2.8,11.2,1.7,0.75,0.77,0.0,0.65,8.5,16.9,0.9,0.9,2.1,0.4,3.4,13.5,2.0,0.75,0.77,0.0,0.65,0.75,0.75,0.47,0.24,11.0,10.0,3.0,200.0,123.0,179.0,12.0,218.0,29.0,9.0,33.0,18.0,8.0,183.0,11.0,12.0,194.0,213.0,202.0,4.0,226.0,38.0,3.0,12.0,14.0,1.0,192.0
4,Larry Bird,Celtics,SF,PF,"6'9""",,8.53,,,,,,✅,🟡,,,,,✅,faded:Scorer/Shooter/Driver,21.0,9.0,16.0,19.0,-91.0,112.0,17.0,5.0,46.0,12.0,22.0,15.0,12.0,,2 S8f,2 S8f,2 S7f,2 S9,,,2 S9,2 S9,,,1,,,,2,2,1,,1,21.7,0.97,0.52,2.1,0.41,3.21,0.87,3.7,2.29,6.1,0.8,0.1,1.0,30.0,35.6,99.0,85.0,85.0,65.0,35.0,,96.0,96.0,98.0,98.0,89.0,99.0,98.0,80.0,65.0,85.0,65.0,50.0,97.0,98.0,99.0,74.0,72.0,40.0,45.0,70.0,97.0,96.0,76.0,98.0,83.0,94.0,79.0,64.0,95.0,85.0,84.0,85.0,85.0,75.0,47.0,97.0,98.0,99.0,73.0,61.0,84.0,45.0,99.0,23,2,3,12,3,3,4.0,4.0,,5.0,4.0,,,,,,3.0,3.0,2.0,,3.0,,,5.0,3.0,2.0,,,,,2.0,3.0,3.0,3.0,3.0,1.0,3.0,1.0,,3.0,3.0,,,1.0,3.0,,,30.0,1067.0,642.0,182.0,110.0,24.0,4.0,48.0,248.0,574.0,63.0,152.0,83.0,95.0,9.0,173.0,39.0,35.6,21.4,6.1,3.7,0.8,0.1,1.6,0.3,5.8,1.3,0.43,0.44,0.41,0.87,21.7,6.1,3.7,0.8,0.1,1.6,0.3,5.8,1.3,0.43,0.44,0.41,0.87,0.49,0.52,0.17,0.6,188.0,182.0,87.0,46.0,29.0,34.0,69.0,54.0,29.0,155.0,218.0,96.0,63.0,107.0,169.0,219.0,31.0,51.0,46.0,91.0,84.0,69.0,170.0,207.0,118.0,87.0,35.0
171,Mark Eaton,,C,,"7'4""",,8.52,,,,,✅,,,,,,✅,✅,,96.0,72.0,102.0,115.0,41.0,55.0,32.0,3.0,171.0,51.0,36.0,78.0,17.0,,,,,,,,,,,1 S9,,,1,,,,,1,1,10.8,-0.66,0.82,0.0,0.0,1.45,0.8,0.8,1.0,14.2,0.7,1.7,0.0,29.0,34.3,89.0,39.0,97.0,25.0,99.0,,67.0,85.0,48.0,25.0,71.0,98.0,75.0,66.0,25.0,28.0,95.0,40.0,98.0,90.0,86.0,75.0,68.0,90.0,50.0,84.0,66.0,58.0,84.0,98.0,32.0,39.0,28.0,25.0,38.0,32.0,79.0,97.0,39.0,30.0,98.0,97.0,94.0,98.0,94.0,94.0,94.0,95.0,92.0,10,0,3,4,2,1,,,,,,3.0,,,,,1.0,2.0,,,2.0,,,,,,,,,,,,,3.0,,,,,4.0,3.0,4.0,4.0,,3.0,,,,29.0,996.0,300.0,392.0,21.0,20.0,46.0,21.0,134.0,165.0,0.0,1.0,32.0,40.0,78.0,314.0,63.0,34.3,10.3,13.5,0.7,0.7,1.6,0.7,2.7,10.8,2.2,0.81,0.82,0.0,0.8,10.8,14.2,0.8,0.7,1.7,0.8,2.8,11.3,2.3,0.81,0.82,0.0,0.8,0.81,0.82,0.39,0.3,4.0,3.0,17.0,170.0,56.0,122.0,15.0,224.0,59.0,16.0,108.0,21.0,13.0,225.0,4.0,6.0,194.0,122.0,171.0,17.0,228.0,109.0,16.0,90.0,22.0,10.0,221.0
29,Allen Iverson,76ers,SG,PG,"6'0""",,8.52,,,✅,,,,,,✅,,,,<6'2 faded:Scorer/Scoring PG,45.0,56.0,23.0,68.0,-97.0,142.0,50.0,7.0,41.0,25.0,44.0,66.0,98.0,,2 S8f,,1 S9,1 S9,1 S8f,1 S8,,1 S8,,,,2,,1,,,,,2,23.1,1.18,0.45,2.4,0.25,5.22,0.9,3.6,3.07,1.3,0.3,0.0,0.0,26.0,32.7,96.0,88.0,30.0,98.0,35.0,,90.0,90.0,94.0,84.0,87.0,85.0,98.0,93.0,98.0,98.0,65.0,97.0,98.0,97.0,98.0,63.0,98.0,25.0,65.0,25.0,60.0,33.0,97.0,98.0,91.0,93.0,97.0,98.0,90.0,76.0,74.0,30.0,88.0,96.0,37.0,82.0,96.0,91.0,40.0,34.0,45.0,85.0,99.0,18,0,4,12,1,1,,,4.0,,1.0,,3.0,,4.0,,3.0,,,,,,4.0,3.0,3.0,3.0,3.0,4.0,3.0,3.0,3.0,,3.0,,3.0,,,,,2.0,,,,,3.0,,,26.0,849.0,545.0,31.0,86.0,8.0,0.0,28.0,189.0,547.0,56.0,223.0,111.0,123.0,3.0,28.0,23.0,32.7,21.0,1.2,3.3,0.3,0.0,1.1,0.1,1.1,0.9,0.35,0.41,0.25,0.9,23.1,1.3,3.6,0.3,0.0,1.2,0.1,1.2,1.0,0.35,0.41,0.25,0.9,0.4,0.45,0.04,0.64,230.0,225.0,232.0,40.0,87.0,39.0,223.0,67.0,197.0,195.0,182.0,173.0,224.0,42.0,227.0,226.0,150.0,30.0,41.0,233.0,91.0,224.0,206.0,166.0,196.0,232.0,9.0
779,Tyrese Haliburton,,PG,SG,"6'5""",Crafty Offensive Engine,8.39,,,,,,,,✅,✅,,,,D<85,78.0,,,58.0,-22.0,100.0,36.0,5.0,46.0,27.0,24.0,24.0,55.0,,,,2 S9,2 S9,1 S9,1 S9,,1 S9,,,,,,2,,,,,,21.7,0.97,0.5,3.5,0.31,3.57,0.82,6.4,3.79,2.7,0.7,0.2,0.0,32.0,31.5,93.0,77.0,60.0,83.0,0.0,,89.0,98.0,91.0,84.0,86.0,95.0,80.0,81.0,83.0,84.0,59.0,70.0,95.0,95.0,80.0,61.0,94.0,40.0,65.0,42.0,49.0,40.0,62.0,95.0,92.0,96.0,90.0,83.0,96.0,95.0,69.0,60.0,77.0,63.0,56.0,78.0,75.0,75.0,42.0,35.0,49.0,98.0,95.0,17,0,1,11,5,0,3.0,2.0,2.0,3.0,3.0,,3.0,,3.0,,2.0,,,,,,2.0,4.0,3.0,3.0,2.0,3.0,3.0,3.0,3.0,,,,,,,,,,,,,,,,,32.0,1007.0,608.0,75.0,178.0,19.0,5.0,47.0,214.0,561.0,98.0,317.0,82.0,100.0,5.0,70.0,50.0,31.5,19.0,2.3,5.6,0.6,0.2,1.5,0.2,2.2,1.6,0.38,0.48,0.31,0.82,21.7,2.7,6.4,0.7,0.2,1.7,0.2,2.5,1.8,0.38,0.48,0.31,0.82,0.47,0.5,0.07,0.6,203.0,203.0,193.0,46.0,109.0,52.0,168.0,21.0,90.0,131.0,215.0,131.0,165.0,165.0,212.0,200.0,121.0,102.0,46.0,189.0,26.0,109.0,150.0,215.0,158.0,186.0,153.0
405,Jalen Duren,,C,,"6'10""",Mid-Paint Board Enforcer,8.36,,,,,,,,,,,✅,,,212.0,385.0,307.0,178.0,169.0,43.0,25.0,2.0,165.0,47.0,36.0,68.0,26.0,,,,,,,,,,,1 S9,,,2,,,,,,2,11.2,-0.6,0.84,0.0,,1.77,0.82,1.1,1.64,12.8,1.0,0.7,0.0,29.0,19.6,88.0,62.0,88.0,73.0,95.0,,76.0,98.0,82.0,35.0,73.0,80.0,90.0,80.0,73.0,68.0,81.0,84.0,89.0,85.0,80.0,78.0,85.0,80.0,95.0,85.0,62.0,80.0,67.0,70.0,53.0,59.0,59.0,59.0,50.0,39.0,75.0,88.0,62.0,46.0,67.0,89.0,88.0,85.0,93.0,91.0,95.0,75.0,95.0,11,0,0,5,4,2,,,,,,1.0,,,,3.0,2.0,,2.0,2.0,,1.0,,,,,,,,,,,,2.0,,,,,,,,3.0,3.0,3.0,,3.0,,29.0,568.0,177.0,202.0,18.0,16.0,11.0,11.0,77.0,93.0,0.0,0.0,23.0,28.0,42.0,160.0,20.0,19.6,6.1,7.0,0.6,0.6,0.4,0.4,1.4,5.5,0.7,0.83,0.83,,0.82,11.2,12.8,1.1,1.0,0.7,0.7,2.7,10.1,1.3,0.83,0.83,,0.82,0.83,0.84,0.36,0.31,3.0,1.0,24.0,160.0,200.0,199.0,59.0,227.0,90.0,92.0,33.0,41.0,65.0,13.0,3.0,4.0,,99.0,165.0,26.0,218.0,20.0,75.0,67.0,24.0,26.0,35.0
52,Rick Barry,,SF,PF,"6'7""",,8.13,,,,,,,🟡,,,,,,D<85 faded:Passer,59.0,79.0,78.0,73.0,-23.0,82.0,11.0,4.0,65.0,15.0,16.0,46.0,5.0,,,,2 S9,1 S9,,,2 S9,2 S8f,,,2,,,1,,,2,,2,19.4,0.63,0.54,2.5,0.32,3.85,0.98,2.4,2.59,7.3,0.8,0.7,0.0,24.0,35.4,95.0,83.0,83.0,86.0,25.0,,94.0,96.0,96.0,79.0,95.0,98.0,99.0,85.0,86.0,80.0,79.0,75.0,98.0,98.0,80.0,87.0,94.0,75.0,75.0,86.0,85.0,85.0,98.0,95.0,82.0,82.0,85.0,81.0,82.0,78.0,82.0,83.0,83.0,84.0,75.0,80.0,78.0,90.0,85.0,84.0,85.0,98.0,99.0,9,0,0,9,0,0,,,,3.0,,,3.0,,3.0,,3.0,3.0,,,3.0,,,,,,,,,,,,,3.0,,,,,,3.0,,,,,3.0,,,24.0,850.0,459.0,173.0,57.0,18.0,16.0,22.0,156.0,385.0,58.0,183.0,89.0,91.0,19.0,154.0,52.0,35.4,19.1,7.2,2.4,0.8,0.7,0.9,0.8,6.4,2.2,0.4,0.48,0.32,0.98,19.4,7.3,2.4,0.8,0.7,0.9,0.8,6.5,2.2,0.4,0.48,0.32,0.98,0.48,0.54,0.2,0.54,191.0,172.0,78.0,62.0,35.0,50.0,53.0,117.0,29.0,63.0,154.0,61.0,52.0,225.0,197.0,195.0,113.0,8.0,65.0,78.0,156.0,69.0,75.0,114.0,67.0,78.0,214.0
64,Chris Mullin,Warriors,SF,SG,"6'7""",,8.1,,✅,,,,,,,,,,✅,,63.0,62.0,65.0,55.0,-28.0,91.0,12.0,4.0,44.0,11.0,4.0,39.0,47.0,,,1 S9,,,,,,,,,,,,2,,,,,1,22.6,1.1,0.66,4.9,0.44,1.14,0.9,2.8,4.05,3.3,0.7,0.3,1.0,29.0,33.9,94.0,90.0,66.0,78.0,20.0,,95.0,92.0,95.0,97.0,88.0,98.0,98.0,86.0,78.0,84.0,79.0,68.0,98.0,98.0,95.0,72.0,89.0,38.0,45.0,59.0,88.0,65.0,92.0,98.0,78.0,79.0,75.0,73.0,86.0,75.0,78.0,66.0,90.0,73.0,51.0,89.0,85.0,95.0,57.0,55.0,59.0,98.0,95.0,7,0,1,3,2,1,3.0,4.0,,,3.0,,2.0,,2.0,,,,,,,,,,,,,,,,,,,,,,,,,1.0,,,,,3.0,,,29.0,982.0,616.0,89.0,77.0,20.0,8.0,19.0,227.0,455.0,134.0,302.0,28.0,31.0,8.0,81.0,44.0,33.9,21.2,3.1,2.7,0.7,0.3,0.7,0.3,2.8,1.5,0.5,0.61,0.44,0.9,22.6,3.3,2.8,0.7,0.3,0.7,0.3,3.0,1.6,0.5,0.61,0.44,0.9,0.65,0.66,0.09,0.63,48.0,51.0,156.0,44.0,66.0,37.0,135.0,102.0,59.0,108.0,108.0,96.0,137.0,146.0,102.0,81.0,17.0,29.0,44.0,159.0,136.0,109.0,124.0,67.0,118.0,160.0,102.0
179,Gail Goodrich,,SG,PG,"6'1""",,8.02,,✅,,,,,,,✅,,,,<6'2,157.0,202.0,202.0,154.0,68.0,89.0,31.0,4.0,79.0,47.0,22.0,40.0,37.0,,,1 S8,,,,1 S9,,1 S9,,,,,,2,,,,,2,17.6,0.36,0.61,3.6,0.42,2.04,0.84,5.4,8.5,3.0,0.9,0.0,0.0,28.0,20.1,89.0,88.0,35.0,80.0,20.0,,93.0,90.0,95.0,94.0,85.0,98.0,98.0,79.0,80.0,82.0,50.0,58.0,98.0,85.0,97.0,60.0,90.0,25.0,25.0,49.0,70.0,45.0,90.0,85.0,89.0,94.0,88.0,78.0,94.0,92.0,65.0,35.0,88.0,77.0,39.0,74.0,60.0,80.0,57.0,55.0,59.0,50.0,95.0,11,0,0,4,3,4,3.0,,,3.0,3.0,,2.0,,2.0,,,,,,,,,2.0,,1.0,,,,,1.0,,1.0,,,,,,,1.0,,,,,3.0,,,28.0,564.0,275.0,47.0,85.0,14.0,0.0,10.0,96.0,212.0,56.0,135.0,27.0,32.0,5.0,42.0,22.0,20.1,9.8,1.7,3.0,0.5,0.0,0.4,0.2,1.5,0.8,0.45,0.52,0.42,0.84,17.6,3.0,5.4,0.9,0.0,0.6,0.3,2.7,1.4,0.45,0.52,0.42,0.84,0.58,0.61,0.08,0.49,89.0,91.0,169.0,78.0,192.0,129.0,203.0,80.0,126.0,195.0,33.0,131.0,204.0,29.0,141.0,162.0,30.0,79.0,79.0,169.0,44.0,38.0,206.0,39.0,118.0,178.0,55.0
33,Clyde Drexler,Trail Blazers,SG,SF,"6'7""",,8.02,,,,,,,🟡,,,,,,faded:Driver/Fouls/Passer,47.0,25.0,41.0,42.0,-30.0,77.0,26.0,4.0,36.0,23.0,25.0,83.0,8.0,,,,2 S7f,2 S7f,,,2 S9,2 S8f,,,,,,1,,,,,2,23.9,1.3,0.6,3.4,0.35,2.17,0.92,2.9,2.62,4.2,0.8,0.3,1.0,28.0,30.3,96.0,88.0,65.0,90.0,30.0,,92.0,97.0,94.0,79.0,84.0,98.0,98.0,91.0,90.0,88.0,75.0,97.0,98.0,90.0,98.0,85.0,95.0,76.0,98.0,64.0,84.0,70.0,93.0,98.0,79.0,79.0,84.0,80.0,79.0,72.0,79.0,65.0,88.0,79.0,52.0,85.0,89.0,95.0,76.0,77.0,75.0,98.0,99.0,9,0,2,6,1,0,,,,,,4.0,3.0,,3.0,,3.0,,,4.0,,,,,,,,2.0,,,,,3.0,3.0,,,,,,,,,,,,3.0,,28.0,848.0,562.0,98.0,68.0,18.0,7.0,26.0,218.0,448.0,79.0,228.0,47.0,51.0,6.0,92.0,41.0,30.3,20.1,3.5,2.4,0.6,0.3,0.9,0.2,3.3,1.5,0.49,0.63,0.35,0.92,23.9,4.2,2.9,0.8,0.3,1.1,0.3,3.9,1.7,0.49,0.63,0.35,0.92,0.57,0.6,0.12,0.66,97.0,106.0,119.0,36.0,119.0,41.0,124.0,117.0,90.0,108.0,154.0,131.0,120.0,146.0,107.0,63.0,89.0,23.0,36.0,125.0,128.0,69.0,124.0,151.0,118.0,124.0,122.0
107,Dikembe Mutombo,Hawks,C,PF,"7'2""",,7.93,,,,,✅,,,,,,✅,✅,,67.0,40.0,37.0,72.0,1.0,66.0,38.0,3.0,190.0,61.0,36.0,48.0,10.0,,,,,,,,,,,1 S9,,,1,,,,,1,1,9.5,-0.85,0.68,0.0,0.0,1.7,0.73,1.7,2.25,14.7,0.9,2.1,0.0,27.0,35.4,92.0,63.0,98.0,68.0,99.0,,67.0,88.0,55.0,25.0,71.0,95.0,70.0,80.0,68.0,63.0,83.0,85.0,85.0,80.0,95.0,69.0,32.0,97.0,40.0,95.0,48.0,71.0,75.0,95.0,35.0,45.0,29.0,25.0,45.0,32.0,87.0,98.0,63.0,58.0,99.0,98.0,98.0,98.0,95.0,96.0,94.0,80.0,95.0,13,1,4,8,0,0,,,,,,3.0,,,,,3.0,,3.0,,,3.0,,,,,,,,,,3.0,,4.0,,,,,5.0,3.0,4.0,3.0,3.0,4.0,,4.0,,27.0,955.0,253.0,389.0,45.0,23.0,57.0,20.0,110.0,165.0,0.0,1.0,33.0,45.0,92.0,297.0,49.0,35.4,9.4,14.4,1.7,0.9,2.1,0.7,3.4,11.0,1.8,0.67,0.67,0.0,0.73,9.5,14.7,1.7,0.9,2.1,0.8,3.5,11.2,1.8,0.67,0.67,0.0,0.73,0.67,0.68,0.41,0.26,38.0,32.0,8.0,190.0,35.0,135.0,9.0,159.0,18.0,2.0,108.0,10.0,10.0,196.0,28.0,42.0,194.0,172.0,190.0,10.0,197.0,38.0,3.0,90.0,13.0,12.0,153.0
125,Tim Hardaway,Warriors,PG,SG,"6'0""",,7.93,,,,,,,,🟡,✅,,,,<6'2,179.0,158.0,165.0,201.0,98.0,81.0,28.0,4.0,59.0,36.0,34.0,40.0,83.0,,,,,2 S9,2 S9,1 S9,,1 S9,,,,2,,1,,,,,2,19.9,0.7,0.6,2.9,0.42,3.48,0.84,5.4,4.73,2.1,0.7,0.0,0.0,26.0,26.7,90.0,90.0,40.0,96.0,15.0,,90.0,89.0,89.0,84.0,80.0,98.0,98.0,88.0,96.0,92.0,70.0,80.0,98.0,94.0,85.0,54.0,94.0,25.0,25.0,25.0,55.0,33.0,84.0,92.0,92.0,88.0,95.0,96.0,89.0,94.0,74.0,40.0,90.0,94.0,30.0,82.0,94.0,90.0,43.0,40.0,46.0,45.0,95.0,10,0,0,8,2,0,,,,,2.0,,3.0,,3.0,,,,,,,,3.0,,,3.0,3.0,3.0,,,3.0,,3.0,,,,,,,2.0,,,,,,,,26.0,694.0,383.0,41.0,104.0,13.0,0.0,22.0,136.0,289.0,55.0,130.0,56.0,67.0,3.0,38.0,29.0,26.7,14.7,1.6,4.0,0.5,0.0,0.8,0.1,1.5,1.1,0.47,0.51,0.42,0.84,19.9,2.1,5.4,0.7,0.0,1.1,0.2,2.0,1.5,0.47,0.51,0.42,0.84,0.57,0.6,0.06,0.55,104.0,100.0,213.0,59.0,150.0,79.0,205.0,47.0,126.0,195.0,130.0,173.0,204.0,74.0,122.0,174.0,24.0,85.0,59.0,218.0,44.0,109.0,206.0,151.0,158.0,218.0,71.0
66,Alonzo Mourning,Heat,C,PF,"6'10""",,7.77,,,,,✅,,,,,,✅,✅,,77.0,61.0,64.0,83.0,8.0,69.0,40.0,3.0,139.0,34.0,36.0,48.0,27.0,,,,,,,,,,,1 S9,,,1,,,,,1,1,12.9,-0.35,0.61,0.0,0.0,2.32,0.71,1.7,2.38,12.6,1.0,1.6,0.0,31.0,34.5,94.0,62.0,97.0,65.0,90.0,,85.0,94.0,82.0,62.0,78.0,96.0,97.0,83.0,65.0,62.0,96.0,82.0,98.0,95.0,80.0,91.0,80.0,98.0,70.0,98.0,94.0,96.0,96.0,92.0,41.0,33.0,50.0,30.0,64.0,29.0,88.0,97.0,62.0,74.0,97.0,98.0,90.0,98.0,94.0,92.0,96.0,45.0,95.0,16,0,2,14,0,0,,,,3.0,,3.0,,,,3.0,3.0,3.0,3.0,,3.0,3.0,,,3.0,,,,,,,3.0,,,,,,,4.0,,4.0,3.0,3.0,3.0,,3.0,,31.0,1071.0,385.0,374.0,50.0,30.0,48.0,21.0,168.0,284.0,0.0,2.0,49.0,69.0,83.0,291.0,55.0,34.5,12.4,12.1,1.6,1.0,1.5,0.7,2.7,9.4,1.8,0.59,0.6,0.0,0.71,12.9,12.6,1.7,1.0,1.6,0.7,2.8,9.8,1.8,0.59,0.6,0.0,0.71,0.59,0.61,0.35,0.36,82.0,86.0,27.0,134.0,51.0,96.0,22.0,167.0,11.0,18.0,108.0,21.0,24.0,196.0,58.0,84.0,194.0,189.0,139.0,27.0,197.0,20.0,21.0,67.0,22.0,29.0,153.0
134,Drazen Petrovic,,SG,SF,"6'5""",,7.73,,✅,,,,,,,,,,,D<85,171.0,152.0,144.0,111.0,73.0,98.0,34.0,5.0,27.0,17.0,4.0,93.0,11.0,,2 S9,1 S9,,,,,,,,,,,,,,,,,,24.6,1.4,0.65,6.1,0.47,0.88,0.85,2.4,3.24,4.0,0.5,0.1,1.0,29.0,28.3,90.0,80.0,59.0,74.0,25.0,,94.0,90.0,98.0,98.0,87.0,98.0,95.0,77.0,74.0,75.0,66.0,40.0,98.0,98.0,89.0,66.0,89.0,30.0,60.0,49.0,66.0,40.0,94.0,98.0,76.0,78.0,75.0,74.0,78.0,77.0,70.0,59.0,80.0,70.0,27.0,82.0,84.0,85.0,68.0,66.0,69.0,83.0,95.0,7,0,1,3,2,1,3.0,4.0,,,3.0,,2.0,,2.0,,,,,,,,,,,,,,,,,,,,,,,,,1.0,,,,,3.0,,,29.0,820.0,561.0,90.0,55.0,12.0,2.0,17.0,202.0,422.0,140.0,296.0,17.0,20.0,6.0,84.0,24.0,28.3,19.3,3.1,1.9,0.4,0.1,0.6,0.2,2.9,0.8,0.48,0.49,0.47,0.85,24.6,4.0,2.4,0.5,0.1,0.7,0.3,3.7,1.1,0.48,0.49,0.47,0.85,0.64,0.65,0.11,0.68,49.0,57.0,128.0,27.0,138.0,47.0,135.0,147.0,159.0,155.0,90.0,131.0,134.0,29.0,113.0,190.0,13.0,73.0,27.0,128.0,156.0,184.0,170.0,67.0,118.0,129.0,14.0
106,Pau Gasol,Grizzlies,C,,"7'1""",,7.68,,,,,✅,,,,,,✅,✅,,104.0,80.0,76.0,92.0,37.0,67.0,39.0,3.0,142.0,35.0,36.0,33.0,52.0,,,,,,,,,,,1 S9,,,1,,,,,,1,12.7,-0.38,0.63,0.0,0.25,2.81,0.71,2.0,2.32,10.3,1.1,1.3,0.0,27.0,29.9,92.0,35.0,91.0,64.0,80.0,,86.0,96.0,94.0,74.0,81.0,75.0,98.0,73.0,64.0,35.0,90.0,61.0,95.0,85.0,78.0,87.0,82.0,85.0,65.0,95.0,94.0,94.0,90.0,92.0,61.0,68.0,48.0,30.0,88.0,71.0,76.0,91.0,35.0,62.0,84.0,92.0,70.0,95.0,86.0,84.0,88.0,75.0,95.0,15,0,2,10,0,3,,,,1.0,,3.0,,,,3.0,3.0,4.0,3.0,,4.0,3.0,,,3.0,1.0,,,,,1.0,,,,,,,,3.0,,,3.0,3.0,3.0,,,,27.0,807.0,284.0,231.0,44.0,24.0,30.0,19.0,119.0,197.0,1.0,4.0,45.0,63.0,46.0,185.0,26.0,29.9,10.5,8.6,1.6,0.9,1.1,0.7,1.7,6.9,1.0,0.6,0.61,0.25,0.71,12.7,10.3,2.0,1.1,1.3,0.8,2.1,8.3,1.2,0.6,0.61,0.25,0.71,0.61,0.63,0.29,0.35,75.0,73.0,48.0,142.0,123.0,119.0,44.0,167.0,18.0,37.0,108.0,38.0,48.0,58.0,54.0,78.0,151.0,187.0,142.0,52.0,182.0,11.0,45.0,90.0,39.0,55.0,21.0
439,Hassan Whiteside,,C,,"7'0""",,7.45,,,,,,,,,,,✅,,,205.0,187.0,177.0,182.0,145.0,60.0,35.0,3.0,167.0,48.0,36.0,78.0,9.0,,,,,,,,,,,1 S9,,,2,,,,,,2,11.1,-0.61,0.75,0.0,0.0,1.34,0.46,0.8,1.18,14.8,0.5,2.6,0.0,29.0,20.3,84.0,41.0,89.0,65.0,95.0,,69.0,82.0,80.0,25.0,56.0,87.0,85.0,69.0,65.0,41.0,70.0,60.0,90.0,93.0,66.0,72.0,70.0,90.0,71.0,81.0,38.0,76.0,63.0,85.0,37.0,45.0,35.0,25.0,50.0,29.0,76.0,89.0,41.0,60.0,95.0,95.0,60.0,90.0,94.0,92.0,96.0,70.0,92.0,8,0,0,5,2,1,,,,,,3.0,,,,,2.0,,,,,,,,,,,,,,,2.0,,1.0,,,,,3.0,,,3.0,,3.0,,3.0,,29.0,590.0,182.0,243.0,13.0,9.0,42.0,11.0,86.0,112.0,0.0,1.0,10.0,22.0,59.0,184.0,35.0,20.3,6.3,8.4,0.4,0.3,1.4,0.4,2.0,6.3,1.2,0.77,0.78,0.0,0.46,11.1,14.8,0.8,0.5,2.6,0.7,3.6,11.2,2.1,0.77,0.78,0.0,0.46,0.77,0.75,0.41,0.31,8.0,11.0,8.0,160.0,188.0,194.0,46.0,232.0,197.0,21.0,33.0,31.0,56.0,92.0,8.0,11.0,194.0,229.0,167.0,9.0,228.0,184.0,1.0,67.0,9.0,12.0,205.0
44,Kevin McHale,Celtics,PF,C,"6'10""",,7.29,,,,,✅,,,,,,✅,✅,,130.0,113.0,119.0,147.0,52.0,78.0,42.0,4.0,192.0,63.0,36.0,58.0,44.0,,,,,,,,,,,1 S9,,,1,,,,,1,1,9.4,-0.87,0.74,0.0,0.5,1.29,0.9,1.5,2.88,11.0,1.0,1.4,0.0,37.0,29.3,95.0,73.0,95.0,68.0,85.0,,90.0,96.0,85.0,78.0,89.0,98.0,95.0,81.0,68.0,73.0,88.0,60.0,98.0,95.0,85.0,87.0,80.0,80.0,65.0,95.0,92.0,98.0,88.0,95.0,54.0,60.0,55.0,28.0,85.0,42.0,84.0,95.0,73.0,55.0,80.0,98.0,90.0,95.0,94.0,92.0,95.0,83.0,99.0,13,0,2,11,0,0,,,,3.0,,3.0,,,,4.0,3.0,3.0,,,4.0,,,,,,,,,,,3.0,,3.0,,,,,3.0,,3.0,3.0,3.0,3.0,,,,37.0,1085.0,282.0,331.0,46.0,29.0,42.0,16.0,123.0,174.0,1.0,2.0,35.0,39.0,44.0,287.0,67.0,29.3,7.6,8.9,1.2,0.8,1.1,0.4,1.2,7.8,1.8,0.71,0.71,0.5,0.9,9.4,11.0,1.5,1.0,1.4,0.5,1.5,9.5,2.2,0.71,0.71,0.5,0.9,0.71,0.74,0.31,0.26,18.0,16.0,42.0,190.0,128.0,169.0,42.0,201.0,29.0,37.0,33.0,46.0,41.0,196.0,17.0,28.0,5.0,36.0,192.0,44.0,207.0,20.0,33.0,29.0,53.0,38.0,214.0
142,Charlie Scott,,PG,SG,"6'5""",,7.17,,,,,,,🟡,,🟡,,,,D<85,237.0,198.0,246.0,224.0,141.0,96.0,33.0,5.0,81.0,49.0,85.0,38.0,14.0,,,,2 S9,2 S9,,2 S9,2 S9,1 S9,,,,,,1,,,,,,17.5,0.34,0.56,0.4,0.15,3.62,0.8,5.6,3.75,3.7,0.9,0.2,0.0,24.0,16.2,89.0,84.0,65.0,88.0,15.0,,90.0,94.0,93.0,78.0,80.0,97.0,98.0,84.0,88.0,87.0,69.0,81.0,95.0,85.0,82.0,73.0,92.0,70.0,75.0,50.0,60.0,54.0,88.0,94.0,83.0,84.0,86.0,88.0,80.0,79.0,74.0,65.0,84.0,78.0,44.0,82.0,80.0,85.0,61.0,58.0,64.0,80.0,,15,0,0,6,7,2,,,,,,,3.0,,3.0,,2.0,,,,,,2.0,3.0,3.0,2.0,2.0,2.0,3.0,3.0,2.0,,1.0,1.0,,,,,,2.0,,,,,,,,24.0,388.0,189.0,40.0,60.0,10.0,2.0,16.0,77.0,152.0,4.0,26.0,31.0,39.0,4.0,36.0,13.0,16.2,7.9,1.7,2.5,0.4,0.1,0.7,0.2,1.5,0.5,0.51,0.58,0.15,0.8,17.5,3.7,5.6,0.9,0.2,1.5,0.4,3.3,1.2,0.51,0.58,0.15,0.8,0.52,0.56,0.1,0.49,158.0,150.0,137.0,78.0,223.0,164.0,203.0,114.0,159.0,155.0,108.0,131.0,204.0,5.0,97.0,100.0,180.0,126.0,81.0,137.0,42.0,38.0,150.0,201.0,94.0,145.0,21.0
314,Brandon Ingram,,SF,PF,"6'8""",Crafty Mid-Range Menace,7.13,,,✅,,,,,,,,,,D<85 faded:Scorer,279.0,291.0,183.0,264.0,187.0,92.0,13.0,4.0,34.0,9.0,22.0,48.0,42.0,,2 S7f,,1 S7,1 S9,,,,,,,,,,,,,,,,24.1,1.33,0.56,2.1,0.4,3.77,0.88,2.3,2.62,3.7,0.4,0.6,0.0,29.0,18.4,87.0,69.0,54.0,74.0,20.0,,88.0,89.0,94.0,81.0,83.0,85.0,95.0,74.0,74.0,74.0,42.0,77.0,95.0,80.0,85.0,76.0,90.0,65.0,80.0,64.0,70.0,70.0,74.0,98.0,74.0,75.0,85.0,70.0,75.0,66.0,56.0,54.0,69.0,38.0,62.0,58.0,68.0,40.0,52.0,37.0,67.0,75.0,95.0,12,0,0,3,6,3,2.0,,,2.0,3.0,,3.0,,3.0,,1.0,,,,,,2.0,,,,1.0,,2.0,,2.0,,,,,,,,,,,,,,1.0,2.0,,29.0,535.0,358.0,55.0,34.0,6.0,9.0,13.0,139.0,294.0,31.0,78.0,49.0,56.0,0.0,55.0,19.0,18.4,12.3,1.9,1.2,0.2,0.3,0.4,0.0,1.9,0.7,0.47,0.5,0.4,0.88,24.1,3.7,2.3,0.4,0.6,0.9,0.0,3.7,1.3,0.47,0.5,0.4,0.88,0.53,0.56,0.1,0.67,149.0,146.0,137.0,32.0,209.0,98.0,187.0,201.0,219.0,108.0,33.0,217.0,178.0,13.0,120.0,184.0,45.0,49.0,34.0,137.0,162.0,211.0,82.0,114.0,224.0,129.0,35.0
362,Jarrett Allen,,C,,"6'9""",2-Way Mid-Post Scorer,7.04,,,,,,,,,,,✅,,,,189.0,228.0,296.0,,64.0,37.0,3.0,120.0,27.0,36.0,68.0,65.0,,,,,,,,,,,1 S9,,,2,,,,,2,,14.1,-0.17,0.76,0.0,,1.66,0.64,1.1,9.0,9.0,0.8,0.6,0.0,18.0,16.9,86.0,72.0,88.0,75.0,95.0,,82.0,97.0,82.0,63.0,73.0,90.0,90.0,82.0,75.0,72.0,84.0,79.0,90.0,90.0,82.0,83.0,83.0,90.0,85.0,83.0,63.0,84.0,80.0,95.0,37.0,25.0,35.0,35.0,48.0,40.0,74.0,88.0,72.0,49.0,70.0,88.0,67.0,85.0,78.0,72.0,84.0,50.0,95.0,13,0,0,1,7,5,,,,,,2.0,,2.0,,2.0,,,1.0,1.0,,3.0,,,,,,,,,,,,1.0,,,,,2.0,,2.0,2.0,1.0,2.0,,1.0,,18.0,304.0,119.0,76.0,9.0,7.0,5.0,1.0,55.0,72.0,0.0,0.0,9.0,14.0,12.0,64.0,13.0,16.9,6.6,4.2,0.5,0.4,0.3,0.1,0.7,3.6,0.7,0.76,0.76,,0.64,14.1,9.0,1.1,0.8,0.6,0.1,1.4,7.6,1.5,0.76,0.76,,0.64,0.76,0.76,0.25,0.39,9.0,9.0,62.0,118.0,220.0,190.0,103.0,230.0,159.0,108.0,1.0,67.0,111.0,13.0,9.0,13.0,,214.0,120.0,65.0,218.0,69.0,82.0,1.0,57.0,69.0,71.0
115,Kevin Love,Timberwolves,PF,C,"6'10""",,7.03,,,,,,,✅,,,✅,,,,125.0,120.0,124.0,145.0,12.0,113.0,55.0,5.0,122.0,29.0,5.0,14.0,65.0,,,,,,,,1 S9,,1 S9,2 S9,,,,,,,,,,13.8,-0.21,0.65,2.3,0.49,1.11,0.82,2.5,6.1,9.0,0.9,0.3,0.0,31.0,28.2,91.0,30.0,88.0,65.0,65.0,,92.0,96.0,90.0,88.0,82.0,98.0,98.0,76.0,65.0,30.0,92.0,70.0,98.0,98.0,77.0,84.0,72.0,80.0,55.0,94.0,92.0,94.0,88.0,98.0,61.0,77.0,52.0,25.0,77.0,76.0,66.0,88.0,30.0,59.0,59.0,76.0,77.0,75.0,94.0,92.0,96.0,83.0,95.0,15,0,2,3,4,6,,,,3.0,,2.0,,2.0,,2.0,3.0,1.0,1.0,,1.0,1.0,,,4.0,1.0,,,,,1.0,,,,,,,,,,,3.0,4.0,2.0,,,,31.0,875.0,335.0,219.0,61.0,22.0,8.0,10.0,129.0,245.0,55.0,113.0,22.0,27.0,31.0,188.0,42.0,28.2,10.8,7.1,2.0,0.7,0.3,0.3,1.0,6.1,1.4,0.53,0.56,0.49,0.82,13.8,9.0,2.5,0.9,0.3,0.4,1.3,7.7,1.7,0.53,0.56,0.49,0.82,0.64,0.65,0.25,0.38,54.0,55.0,62.0,121.0,139.0,112.0,56.0,138.0,59.0,108.0,16.0,55.0,59.0,129.0,82.0,116.0,12.0,109.0,122.0,65.0,147.0,38.0,124.0,12.0,60.0,63.0,122.0
110,Dan Issel,,PF,C,"6'9""",,6.99,,,,,,,✅,,,,✅,,,194.0,203.0,205.0,249.0,69.0,125.0,60.0,6.0,156.0,40.0,30.0,29.0,61.0,,,,,,,,1 S9,,,1 S9,,,2,,,,,,2,11.7,-0.52,0.72,0.1,0.25,1.32,0.72,2.1,2.55,9.3,0.8,0.4,0.0,24.0,20.5,92.0,44.0,90.0,65.0,70.0,,88.0,92.0,87.0,68.0,85.0,98.0,98.0,79.0,65.0,44.0,96.0,70.0,98.0,98.0,83.0,86.0,74.0,85.0,70.0,92.0,91.0,94.0,84.0,98.0,54.0,64.0,48.0,25.0,64.0,69.0,71.0,90.0,44.0,55.0,60.0,88.0,70.0,90.0,95.0,95.0,94.0,83.0,95.0,13,0,0,12,1,0,,,,3.0,,3.0,,,,3.0,3.0,3.0,3.0,,3.0,3.0,,,3.0,,,,,,,,,,,,,,2.0,,,3.0,3.0,3.0,,,,24.0,491.0,160.0,127.0,28.0,11.0,5.0,11.0,73.0,104.0,1.0,4.0,13.0,18.0,20.0,107.0,22.0,20.5,6.7,5.3,1.2,0.5,0.2,0.5,0.8,4.5,0.9,0.7,0.72,0.25,0.72,11.7,9.3,2.1,0.8,0.4,0.8,1.5,7.8,1.6,0.7,0.72,0.25,0.72,0.71,0.72,0.26,0.33,20.0,20.0,60.0,151.0,185.0,187.0,82.0,201.0,126.0,131.0,63.0,61.0,84.0,42.0,18.0,21.0,151.0,181.0,156.0,61.0,176.0,69.0,107.0,90.0,53.0,62.0,102.0
109,Nate Thurmond,,C,,"6'11""",,6.97,,,,,✅,,,,,,✅,✅,,84.0,67.0,85.0,76.0,0.0,84.0,44.0,4.0,149.0,38.0,36.0,41.0,7.0,,,,,,,,,,,1 S9,,,1,,,,,1,1,12.1,-0.46,0.67,0.0,0.0,1.89,0.76,1.8,2.22,15.0,0.6,1.4,0.0,29.0,35.5,92.0,44.0,97.0,75.0,99.0,,75.0,92.0,70.0,35.0,75.0,95.0,85.0,84.0,75.0,70.0,95.0,79.0,95.0,95.0,81.0,81.0,80.0,97.0,85.0,88.0,55.0,79.0,84.0,83.0,39.0,34.0,45.0,25.0,60.0,31.0,81.0,97.0,44.0,77.0,71.0,97.0,85.0,95.0,95.0,91.0,98.0,85.0,95.0,17,0,0,17,0,0,,,,,,3.0,,,,,3.0,3.0,,,3.0,3.0,,,3.0,,,,,,,3.0,3.0,3.0,,,3.0,,3.0,3.0,3.0,3.0,3.0,3.0,,3.0,,29.0,1030.0,347.0,428.0,51.0,18.0,40.0,23.0,153.0,234.0,0.0,2.0,41.0,54.0,96.0,332.0,55.0,35.5,12.0,14.8,1.8,0.6,1.4,0.8,3.3,11.4,1.9,0.65,0.66,0.0,0.76,12.1,15.0,1.8,0.6,1.4,0.8,3.4,11.6,1.9,0.65,0.66,0.0,0.76,0.65,0.67,0.42,0.34,44.0,41.0,7.0,148.0,30.0,100.0,5.0,153.0,90.0,21.0,130.0,11.0,7.0,208.0,33.0,46.0,194.0,162.0,149.0,7.0,190.0,154.0,33.0,90.0,14.0,8.0,174.0
243,Rik Smits,,C,,"7'4""",,6.97,,,,,,,,,,,✅,,,190.0,223.0,191.0,256.0,134.0,56.0,33.0,3.0,177.0,57.0,36.0,78.0,33.0,,,,,,,,,,,1 S8,,,,,,,,,,10.4,-0.72,0.84,0.0,,0.85,0.83,0.8,1.0,11.9,1.2,1.1,0.0,29.0,17.6,87.0,44.0,85.0,55.0,65.0,,78.0,92.0,84.0,26.0,82.0,98.0,85.0,72.0,55.0,44.0,84.0,48.0,90.0,95.0,88.0,73.0,44.0,75.0,37.0,80.0,80.0,88.0,84.0,95.0,44.0,51.0,42.0,25.0,52.0,50.0,71.0,85.0,44.0,60.0,60.0,88.0,80.0,80.0,86.0,84.0,88.0,98.0,92.0,12,0,0,11,1,0,,,,,,3.0,,,,2.0,,3.0,,,3.0,3.0,,,,,,,,,,3.0,,3.0,,,,,3.0,,3.0,3.0,3.0,3.0,,,,29.0,510.0,148.0,168.0,12.0,17.0,16.0,12.0,69.0,83.0,0.0,0.0,10.0,12.0,38.0,130.0,28.0,17.6,5.1,5.8,0.4,0.6,0.6,0.4,1.3,4.5,1.0,0.83,0.83,,0.83,10.4,11.9,0.8,1.2,1.1,0.8,2.7,9.2,2.0,0.83,0.83,,0.83,0.83,0.84,0.33,0.29,2.0,2.0,31.0,175.0,214.0,209.0,72.0,232.0,90.0,69.0,33.0,44.0,84.0,58.0,2.0,3.0,,88.0,177.0,33.0,228.0,7.0,54.0,90.0,24.0,41.0,192.0
180,Ralph Sampson,,C,PF,"7'4""",,6.8,,,,,,,,,,,✅,,,148.0,122.0,123.0,193.0,87.0,61.0,36.0,3.0,160.0,43.0,36.0,63.0,35.0,,,,,,,,,,,1 S9,,,,,,,,,,11.3,-0.58,0.7,0.0,0.0,1.47,0.6,1.3,1.94,11.8,1.0,2.1,0.0,31.0,29.3,89.0,45.0,85.0,44.0,70.0,,78.0,89.0,70.0,58.0,68.0,90.0,90.0,74.0,44.0,45.0,85.0,65.0,97.0,85.0,99.0,82.0,60.0,95.0,75.0,85.0,77.0,84.0,88.0,95.0,47.0,54.0,44.0,44.0,55.0,37.0,75.0,85.0,45.0,59.0,80.0,89.0,85.0,80.0,85.0,84.0,86.0,98.0,92.0,14,0,0,10,4,0,,,,3.0,,3.0,,2.0,,3.0,,3.0,,,3.0,,,,,,,,,,,3.0,,2.0,,,,,2.0,,2.0,3.0,3.0,3.0,,3.0,,31.0,907.0,284.0,298.0,33.0,25.0,53.0,17.0,131.0,185.0,0.0,4.0,22.0,37.0,57.0,241.0,58.0,29.3,9.2,9.6,1.1,0.8,1.7,0.5,1.8,7.8,1.9,0.71,0.72,0.0,0.6,11.3,11.8,1.3,1.0,2.1,0.7,2.3,9.6,2.3,0.71,0.72,0.0,0.6,0.71,0.7,0.33,0.31,19.0,25.0,31.0,160.0,128.0,141.0,37.0,204.0,29.0,9.0,63.0,37.0,41.0,208.0,16.0,18.0,194.0,219.0,160.0,35.0,213.0,20.0,3.0,67.0,34.0,36.0,221.0
93,Joe Dumars,Pistons,SG,PG,"6'3""",,6.71,,,,✅,,,,✅,✅,,,,faded:Shooter/Driver/Fouls,58.0,95.0,66.0,59.0,-88.0,146.0,52.0,7.0,76.0,45.0,37.0,44.0,31.0,,,2 S8f,2 S8f,2 S8f,1 S8,1 S9,,1 S9,,,,1,,2,,1,,,2,17.9,0.4,0.5,2.8,0.31,2.71,0.82,5.3,4.33,3.3,0.8,0.0,0.0,27.0,33.0,93.0,98.0,68.0,84.0,25.0,,92.0,92.0,93.0,90.0,84.0,98.0,95.0,84.0,84.0,97.0,67.0,73.0,93.0,95.0,79.0,59.0,94.0,25.0,51.0,25.0,59.0,33.0,88.0,98.0,84.0,88.0,84.0,82.0,88.0,80.0,80.0,68.0,98.0,77.0,27.0,97.0,96.0,98.0,58.0,50.0,66.0,83.0,95.0,24,0,0,8,9,7,2.0,1.0,2.0,2.0,2.0,,1.0,,1.0,,1.0,,,,,,1.0,2.0,,3.0,2.0,1.0,2.0,2.0,3.0,3.0,3.0,,1.0,3.0,3.0,3.0,,3.0,,,,,2.0,,,27.0,891.0,442.0,82.0,130.0,20.0,1.0,30.0,159.0,415.0,69.0,223.0,55.0,67.0,7.0,75.0,31.0,33.0,16.4,3.0,4.8,0.7,0.0,1.1,0.3,2.8,1.1,0.38,0.47,0.31,0.82,17.9,3.3,5.3,0.8,0.0,1.2,0.3,3.0,1.3,0.38,0.47,0.31,0.82,0.47,0.5,0.09,0.5,206.0,205.0,156.0,74.0,80.0,68.0,138.0,31.0,59.0,195.0,182.0,96.0,137.0,74.0,209.0,205.0,121.0,99.0,76.0,159.0,48.0,69.0,206.0,166.0,118.0,160.0,35.0
308,Josh Smith,,PF,SF,"6'9""",,6.5,,,,,✅,✅,✅,,,,,,,137.0,108.0,100.0,129.0,-44.0,181.0,80.0,8.0,160.0,43.0,12.0,29.0,73.0,,,,,,,,1 S9,,2 S9,2 S9,1,,1,2,1,,1,2,2,11.3,-0.58,0.6,1.5,0.33,1.13,0.79,2.1,3.14,7.4,0.5,1.1,0.0,29.0,26.3,86.0,88.0,91.0,84.0,65.0,,74.0,90.0,74.0,74.0,73.0,52.0,80.0,86.0,84.0,86.0,78.0,90.0,95.0,85.0,83.0,80.0,90.0,80.0,95.0,67.0,75.0,77.0,80.0,77.0,62.0,54.0,64.0,71.0,61.0,62.0,91.0,91.0,88.0,88.0,92.0,92.0,88.0,95.0,86.0,82.0,89.0,55.0,92.0,6,0,0,3,3,0,,,,,,,,,,,3.0,,,,,,,,,,,2.0,,,,,2.0,,,,,,3.0,,2.0,,,,,3.0,,29.0,764.0,239.0,157.0,44.0,10.0,24.0,14.0,94.0,187.0,32.0,96.0,19.0,24.0,15.0,142.0,28.0,26.3,8.2,5.4,1.5,0.3,0.8,0.5,0.5,4.9,1.0,0.5,0.68,0.33,0.79,11.3,7.4,2.1,0.5,1.1,0.7,0.7,6.7,1.3,0.5,0.68,0.33,0.79,0.59,0.6,0.21,0.31,87.0,95.0,75.0,160.0,151.0,156.0,80.0,178.0,197.0,54.0,63.0,80.0,76.0,58.0,99.0,37.0,93.0,128.0,160.0,77.0,176.0,184.0,54.0,67.0,71.0,76.0,35.0
679,Alexandre Sarr,,C,PF,"7'0""",Inside-Out-Creating Eraser,6.37,,,,,,,,,,,✅,,D<85,248.0,,393.0,215.0,207.0,41.0,23.0,2.0,103.0,20.0,30.0,14.0,68.0,,,,,,,,,,,1 S9,,,,,,,,,,15.2,-0.0,0.74,0.1,0.09,1.98,0.6,2.5,3.44,8.4,0.7,1.7,0.0,29.0,15.7,84.0,72.0,78.0,73.0,75.0,,77.0,87.0,70.0,78.0,69.0,80.0,80.0,76.0,73.0,72.0,67.0,77.0,80.0,85.0,80.0,75.0,82.0,90.0,85.0,60.0,62.0,64.0,78.0,80.0,66.0,65.0,73.0,66.0,66.0,62.0,76.0,78.0,72.0,41.0,96.0,80.0,82.0,80.0,70.0,65.0,75.0,95.0,95.0,9,0,0,2,6,1,,,,2.0,,3.0,,,,2.0,,,,2.0,,2.0,,,,,,,,,,,,3.0,,,,,2.0,,1.0,,,,,2.0,,29.0,454.0,192.0,106.0,31.0,9.0,22.0,9.0,88.0,118.0,1.0,11.0,15.0,25.0,9.0,97.0,21.0,15.7,6.6,3.7,1.1,0.3,0.8,0.3,0.3,3.3,0.7,0.75,0.81,0.09,0.6,15.2,8.4,2.5,0.7,1.7,0.7,0.7,7.7,1.7,0.75,0.81,0.09,0.6,0.75,0.74,0.23,0.42,12.0,13.0,68.0,103.0,226.0,190.0,118.0,204.0,197.0,54.0,16.0,96.0,120.0,13.0,12.0,7.0,187.0,218.0,103.0,68.0,147.0,109.0,16.0,67.0,71.0,63.0,122.0
39,Jason Kidd,Nets,PG,SG,"6'4""",,6.22,,,,✅,,,🟡,,✅,,,✅,faded:Driver/Fouls/Scoring PG,35.0,39.0,30.0,39.0,-121.0,156.0,58.0,7.0,114.0,63.0,51.0,31.0,13.0,,,,2 S8f,1 S8f,2 S7f,1 S9,2 S9,1 S9,,,,1,,1,2,1,,,1,14.3,-0.14,0.51,2.1,0.31,2.13,0.85,6.2,5.17,3.9,0.9,0.1,0.0,29.0,30.3,95.0,94.0,70.0,93.0,0.0,,88.0,84.0,88.0,80.0,81.0,98.0,95.0,88.0,93.0,96.0,70.0,82.0,98.0,90.0,84.0,67.0,94.0,25.0,29.0,60.0,68.0,70.0,94.0,95.0,96.0,98.0,93.0,94.0,97.0,98.0,82.0,70.0,94.0,96.0,30.0,95.0,95.0,95.0,60.0,45.0,75.0,40.0,99.0,18,0,4,13,1,0,,,,,,,3.0,,3.0,,2.0,,,,,,3.0,3.0,,4.0,3.0,3.0,3.0,3.0,4.0,3.0,3.0,,3.0,4.0,3.0,4.0,,3.0,,,,,,,,29.0,878.0,349.0,95.0,150.0,22.0,2.0,29.0,127.0,319.0,51.0,164.0,44.0,52.0,4.0,91.0,30.0,30.3,12.0,3.3,5.2,0.8,0.1,1.0,0.1,3.1,1.0,0.4,0.49,0.31,0.85,14.3,3.9,6.2,0.9,0.1,1.2,0.2,3.7,1.2,0.4,0.49,0.31,0.85,0.48,0.51,0.11,0.4,195.0,198.0,128.0,109.0,119.0,100.0,130.0,24.0,29.0,155.0,169.0,173.0,127.0,58.0,202.0,191.0,120.0,76.0,114.0,133.0,35.0,38.0,170.0,166.0,158.0,129.0,21.0
153,Kyle Lowry,Raptors,PG,,"6'0""",,6.11,,,,,,,,🟡,✅,,,,<6'2,244.0,197.0,194.0,291.0,140.0,104.0,38.0,5.0,112.0,62.0,31.0,5.0,83.0,,,2 S9,,,2 S9,1 S9,,2 S9,,,,,,2,,2,,,2,14.4,-0.12,0.58,3.0,0.38,2.61,0.81,8.9,6.95,2.1,0.7,0.2,0.0,29.0,20.4,89.0,85.0,58.0,83.0,10.0,,88.0,84.0,79.0,87.0,82.0,95.0,98.0,83.0,83.0,87.0,70.0,72.0,96.0,97.0,79.0,56.0,91.0,25.0,25.0,38.0,44.0,40.0,88.0,95.0,86.0,90.0,86.0,86.0,92.0,74.0,72.0,58.0,85.0,65.0,42.0,84.0,87.0,85.0,46.0,36.0,55.0,80.0,92.0,20,0,0,12,4,4,,3.0,3.0,3.0,3.0,,2.0,,2.0,,1.0,,,,,,1.0,3.0,,2.0,,3.0,1.0,1.0,2.0,3.0,3.0,,,3.0,3.0,3.0,,3.0,,,,,,,,29.0,593.0,237.0,35.0,146.0,11.0,3.0,21.0,76.0,185.0,50.0,130.0,35.0,43.0,2.0,33.0,27.0,20.4,8.2,1.2,5.0,0.4,0.1,0.7,0.1,1.1,0.9,0.41,0.47,0.38,0.81,14.4,2.1,8.9,0.7,0.2,1.3,0.1,2.0,1.6,0.41,0.47,0.38,0.81,0.55,0.58,0.06,0.4,124.0,123.0,213.0,109.0,186.0,156.0,223.0,28.0,159.0,155.0,108.0,173.0,224.0,42.0,190.0,202.0,55.0,112.0,112.0,218.0,5.0,109.0,150.0,183.0,196.0,218.0,102.0
73,Jo Jo White,,PG,,"6'3""",,6.1,,,,,,,,,✅,,,,faded:Driver/Fouls/Scoring PG,143.0,175.0,184.0,157.0,27.0,116.0,43.0,5.0,93.0,56.0,58.0,49.0,70.0,,,,2 S8f,1 S8f,1 S8f,1 S9,,1 S9,,,,2,,1,,,,,2,16.3,0.16,0.57,1.9,0.32,2.49,0.87,5.1,6.4,2.5,0.9,0.1,0.0,25.0,17.9,94.0,89.0,54.0,96.0,10.0,,91.0,95.0,88.0,78.0,87.0,98.0,98.0,88.0,96.0,92.0,60.0,84.0,95.0,90.0,96.0,64.0,90.0,25.0,60.0,40.0,66.0,58.0,80.0,90.0,95.0,95.0,93.0,96.0,98.0,95.0,73.0,54.0,89.0,70.0,40.0,92.0,80.0,85.0,30.0,30.0,30.0,68.0,95.0,13,0,2,11,0,0,,,,,3.0,,4.0,,4.0,,3.0,,,,,,3.0,,3.0,3.0,,3.0,3.0,3.0,3.0,,3.0,,,,,,,3.0,,,,,,,,25.0,448.0,203.0,31.0,64.0,11.0,1.0,10.0,76.0,163.0,24.0,75.0,27.0,31.0,2.0,29.0,24.0,17.9,8.1,1.2,2.6,0.4,0.0,0.4,0.1,1.2,1.0,0.47,0.59,0.32,0.87,16.3,2.5,5.1,0.9,0.1,0.8,0.2,2.3,1.9,0.47,0.59,0.32,0.87,0.54,0.57,0.07,0.45,135.0,129.0,193.0,93.0,212.0,158.0,223.0,104.0,159.0,195.0,33.0,173.0,219.0,58.0,129.0,88.0,107.0,52.0,93.0,204.0,55.0,38.0,170.0,90.0,158.0,203.0,174.0
35,Elgin Baylor,Lakers,SF,PF,"6'5""",,5.99,,,,,,,,,,,,✅,faded:Driver/Glue,53.0,65.0,47.0,40.0,-64.0,117.0,19.0,6.0,83.0,19.0,31.0,9.0,13.0,,,,2 S8f,2 S9,,,1 S8f,2 S9,,,,2,2,1,1,,,,1,17.2,0.3,0.56,1.7,0.36,3.13,0.86,4.0,4.6,5.9,0.6,0.4,0.0,31.0,33.7,96.0,93.0,89.0,95.0,50.0,,93.0,97.0,95.0,89.0,86.0,98.0,95.0,90.0,95.0,84.0,80.0,94.0,98.0,98.0,84.0,88.0,95.0,70.0,85.0,84.0,85.0,85.0,98.0,98.0,81.0,75.0,84.0,85.0,84.0,75.0,86.0,89.0,93.0,75.0,70.0,90.0,88.0,95.0,95.0,95.0,95.0,83.0,99.0,17,0,1,4,8,4,,2.0,,,,3.0,3.0,,4.0,,3.0,,,,,,,3.0,2.0,1.0,,2.0,,,1.0,2.0,2.0,2.0,2.0,1.0,2.0,1.0,,,,,,,,,,31.0,1045.0,498.0,172.0,115.0,16.0,11.0,25.0,185.0,409.0,50.0,140.0,78.0,91.0,20.0,152.0,65.0,33.7,16.1,5.5,3.7,0.5,0.4,0.8,0.6,4.9,2.1,0.45,0.5,0.36,0.86,17.2,5.9,4.0,0.6,0.4,0.9,0.7,5.2,2.2,0.45,0.5,0.36,0.86,0.51,0.56,0.16,0.48,165.0,156.0,94.0,82.0,75.0,70.0,78.0,54.0,126.0,92.0,130.0,72.0,76.0,220.0,142.0,182.0,80.0,62.0,83.0,94.0,72.0,154.0,107.0,114.0,71.0,95.0,214.0
75,George Mikan,,C,,"6'10""",,5.96,,,,,✅,,,,,,✅,✅,,119.0,75.0,116.0,120.0,16.0,103.0,51.0,5.0,215.0,73.0,25.0,61.0,28.0,,,,,,,,,,,1 S9,,,1,,,,,1,1,7.8,-1.11,0.75,0.4,0.57,1.2,0.71,1.4,4.0,12.3,0.8,1.2,0.0,29.0,24.8,94.0,35.0,95.0,50.0,99.0,,90.0,97.0,90.0,78.0,80.0,95.0,98.0,76.0,50.0,35.0,94.0,80.0,98.0,95.0,81.0,91.0,84.0,95.0,75.0,95.0,95.0,97.0,89.0,98.0,52.0,57.0,40.0,44.0,60.0,58.0,81.0,95.0,35.0,65.0,94.0,95.0,90.0,95.0,97.0,97.0,97.0,70.0,99.0,17,0,0,14,3,0,,,,3.0,,3.0,2.0,,2.0,2.0,3.0,3.0,,,3.0,,,,3.0,,,,,,,3.0,,3.0,,,,,3.0,,3.0,3.0,3.0,3.0,,3.0,,29.0,718.0,155.0,245.0,28.0,15.0,24.0,7.0,65.0,93.0,8.0,14.0,17.0,24.0,35.0,210.0,23.0,24.8,5.3,8.4,1.0,0.5,0.8,0.2,1.2,7.2,0.8,0.7,0.72,0.57,0.71,7.8,12.3,1.4,0.8,1.2,0.4,1.8,10.5,1.2,0.7,0.72,0.57,0.71,0.74,0.75,0.34,0.22,13.0,11.0,28.0,210.0,163.0,208.0,46.0,211.0,126.0,54.0,4.0,46.0,47.0,29.0,19.0,19.0,1.0,190.0,215.0,28.0,211.0,69.0,47.0,12.0,47.0,20.0,21.0
46,Dave Cowens,,C,PF,"6'9""",,5.91,,,,,✅,,,,,,✅,✅,,103.0,92.0,99.0,125.0,1.0,102.0,50.0,5.0,198.0,66.0,36.0,41.0,33.0,,,,,,,,,,,1 S8,,,1,,,,,1,1,8.9,-0.94,0.65,0.0,0.2,2.31,0.79,1.8,3.6,11.9,0.8,1.5,0.0,28.0,26.2,95.0,63.0,97.0,66.0,50.0,,90.0,97.0,91.0,78.0,85.0,90.0,98.0,85.0,66.0,63.0,95.0,82.0,98.0,98.0,91.0,91.0,84.0,95.0,70.0,95.0,94.0,96.0,95.0,98.0,54.0,62.0,44.0,28.0,82.0,55.0,87.0,97.0,63.0,60.0,95.0,98.0,98.0,98.0,96.0,96.0,96.0,45.0,99.0,15,0,3,11,1,0,,,,3.0,,4.0,,,,2.0,3.0,3.0,,,3.0,,,,,,,,,,,3.0,,3.0,,,,,3.0,3.0,3.0,4.0,4.0,3.0,,3.0,,28.0,734.0,182.0,242.0,36.0,17.0,30.0,10.0,72.0,119.0,1.0,5.0,37.0,47.0,63.0,179.0,43.0,26.2,6.5,8.6,1.3,0.6,1.1,0.4,2.2,6.4,1.5,0.6,0.62,0.2,0.79,8.9,11.9,1.8,0.8,1.5,0.5,3.1,8.8,2.1,0.6,0.62,0.2,0.79,0.61,0.65,0.33,0.25,73.0,57.0,31.0,197.0,152.0,193.0,44.0,196.0,90.0,37.0,33.0,28.0,52.0,146.0,53.0,70.0,169.0,134.0,198.0,33.0,190.0,69.0,27.0,29.0,19.0,49.0,205.0
295,Andre Drummond,Pistons,C,,"6'11""",,5.83,,,,,,,,,,,✅,,D<85,141.0,137.0,140.0,162.0,90.0,51.0,29.0,3.0,172.0,52.0,36.0,53.0,15.0,,,,,,,,,,,1 S9,,,,,,,,,,10.7,-0.67,0.7,0.0,,1.57,0.49,1.6,2.82,14.3,1.2,1.5,0.0,33.0,32.6,86.0,52.0,84.0,54.0,95.0,,65.0,78.0,47.0,42.0,59.0,85.0,80.0,78.0,54.0,52.0,95.0,79.0,89.0,97.0,81.0,79.0,80.0,97.0,85.0,83.0,55.0,80.0,63.0,85.0,45.0,52.0,45.0,27.0,70.0,33.0,76.0,84.0,52.0,76.0,82.0,84.0,80.0,75.0,98.0,97.0,98.0,65.0,92.0,11,0,1,6,1,3,,,,,,3.0,,,,,3.0,,3.0,,,3.0,,,,,,,,,,1.0,,,2.0,,,,1.0,,1.0,4.0,3.0,3.0,,,,33.0,1076.0,321.0,428.0,48.0,37.0,46.0,17.0,149.0,209.0,0.0,0.0,23.0,47.0,97.0,331.0,52.0,32.6,9.7,13.0,1.5,1.1,1.4,0.5,2.9,10.0,1.6,0.71,0.71,,0.49,10.7,14.3,1.6,1.2,1.5,0.6,3.2,11.1,1.7,0.71,0.71,,0.49,0.71,0.7,0.4,0.3,17.0,28.0,13.0,170.0,88.0,130.0,17.0,178.0,6.0,21.0,63.0,14.0,14.0,165.0,15.0,25.0,,226.0,172.0,15.0,202.0,7.0,27.0,39.0,16.0,14.0,122.0
63,Penny Hardaway,Magic,PG,SG,"6'7""",,5.76,,,,,,,,,✅,,,,faded:Driver/Scoring PG/Glue,45.0,49.0,34.0,49.0,-87.0,132.0,48.0,6.0,89.0,54.0,69.0,14.0,19.0,,,,2 S8f,1 S8,2 S8f,1 S8,2 S7f,1 S9,,,,,,1,,,,,2,16.6,0.21,0.53,1.4,0.24,3.36,0.81,7.1,4.27,3.6,0.6,0.1,0.0,31.0,35.5,94.0,85.0,65.0,89.0,20.0,,92.0,97.0,93.0,84.0,82.0,98.0,98.0,86.0,89.0,87.0,68.0,83.0,98.0,95.0,82.0,79.0,95.0,70.0,86.0,55.0,65.0,74.0,92.0,95.0,93.0,95.0,94.0,91.0,94.0,89.0,77.0,65.0,85.0,79.0,40.0,88.0,88.0,95.0,65.0,62.0,68.0,83.0,95.0,15,0,0,13,0,2,,,,,,3.0,3.0,,3.0,,1.0,,,,,,3.0,3.0,3.0,3.0,3.0,1.0,3.0,3.0,3.0,,3.0,,,,,,,3.0,,,,,,,,31.0,1102.0,507.0,110.0,218.0,18.0,2.0,51.0,190.0,430.0,44.0,182.0,83.0,103.0,10.0,100.0,52.0,35.5,16.4,3.5,7.0,0.6,0.1,1.6,0.3,3.2,1.7,0.44,0.59,0.24,0.81,16.6,3.6,7.1,0.6,0.1,1.7,0.3,3.3,1.7,0.44,0.59,0.24,0.81,0.49,0.53,0.1,0.46,181.0,179.0,137.0,89.0,30.0,68.0,124.0,10.0,90.0,155.0,218.0,96.0,124.0,183.0,156.0,92.0,157.0,119.0,89.0,146.0,15.0,154.0,170.0,215.0,118.0,145.0,122.0
261,Joakim Noah,Bulls,C,,"6'11""",,5.64,,,,,✅,,,,,,✅,✅,,159.0,138.0,150.0,167.0,50.0,109.0,53.0,5.0,219.0,75.0,36.0,61.0,20.0,,,,,,,,,,,1 S9,,,1,,,,,1,1,7.4,-1.17,0.66,0.0,0.0,1.27,0.34,1.4,2.2,14.0,1.1,1.6,0.0,29.0,28.4,87.0,59.0,96.0,61.0,70.0,,62.0,74.0,64.0,26.0,49.0,96.0,60.0,78.0,61.0,59.0,84.0,78.0,92.0,95.0,76.0,69.0,57.0,85.0,45.0,72.0,52.0,74.0,71.0,95.0,50.0,50.0,42.0,25.0,62.0,72.0,81.0,96.0,59.0,61.0,85.0,95.0,75.0,95.0,94.0,95.0,92.0,65.0,92.0,8,0,0,7,1,0,,,,2.0,,3.0,,,,,,,,,,,,,,,,,,,,3.0,,,,,,,3.0,,3.0,3.0,3.0,3.0,,,,29.0,823.0,170.0,321.0,33.0,26.0,37.0,15.0,80.0,116.0,0.0,1.0,10.0,29.0,82.0,239.0,60.0,28.4,5.9,11.1,1.1,0.9,1.3,0.5,2.8,8.2,2.1,0.69,0.7,0.0,0.34,7.4,14.0,1.4,1.1,1.6,0.7,3.6,10.5,2.6,0.69,0.7,0.0,0.34,0.69,0.66,0.39,0.21,27.0,48.0,17.0,216.0,136.0,203.0,28.0,204.0,18.0,29.0,63.0,18.0,37.0,220.0,21.0,31.0,194.0,232.0,219.0,20.0,211.0,11.0,21.0,67.0,9.0,20.0,230.0
126,Glen Rice,Hornets,SF,,"6'7""",,5.61,,✅,,,,,,,,,,,D<85,74.0,78.0,86.0,81.0,-19.0,93.0,14.0,4.0,52.0,13.0,3.0,49.0,24.0,,,1 S9,,,,,,,,,,,,2,,,,,,20.7,0.82,0.74,5.2,0.53,1.39,0.91,2.2,2.77,4.8,0.5,0.1,0.0,34.0,34.2,90.0,78.0,61.0,83.0,15.0,,94.0,92.0,97.0,97.0,88.0,90.0,98.0,83.0,83.0,83.0,78.0,70.0,97.0,84.0,84.0,73.0,90.0,54.0,69.0,66.0,59.0,80.0,70.0,92.0,72.0,64.0,79.0,80.0,74.0,61.0,71.0,61.0,78.0,66.0,41.0,82.0,81.0,85.0,56.0,46.0,66.0,70.0,95.0,8,0,0,8,0,0,,3.0,,3.0,3.0,,3.0,,3.0,,3.0,,,,,,,,3.0,,,,,,,,,,,,,,,3.0,,,,,,,,34.0,1163.0,670.0,156.0,72.0,17.0,3.0,26.0,231.0,435.0,167.0,317.0,41.0,45.0,3.0,153.0,39.0,34.2,19.7,4.6,2.1,0.5,0.1,0.8,0.1,4.5,1.1,0.53,0.54,0.53,0.91,20.7,4.8,2.2,0.5,0.1,0.8,0.1,4.7,1.2,0.53,0.54,0.53,0.91,0.72,0.74,0.13,0.58,15.0,17.0,110.0,49.0,62.0,43.0,95.0,131.0,126.0,155.0,130.0,173.0,84.0,74.0,80.0,137.0,2.0,26.0,52.0,110.0,171.0,184.0,170.0,90.0,196.0,107.0,21.0
174,Earl Monroe,Wizards,PG,SG,"6'3""",,5.58,,,,,,,,,🟡,,,,D<85,,314.0,341.0,301.0,,110.0,41.0,5.0,60.0,37.0,75.0,36.0,97.0,,,,2 S9,1 S9,,2 S9,,1 S9,,,,,,2,,,,,,19.8,0.69,0.49,1.2,0.37,4.21,0.9,5.7,3.63,1.6,0.9,0.1,0.0,29.0,15.0,89.0,82.0,30.0,81.0,40.0,,88.0,84.0,84.0,81.0,83.0,97.0,98.0,83.0,81.0,85.0,68.0,82.0,94.0,92.0,80.0,57.0,95.0,25.0,48.0,36.0,44.0,33.0,90.0,85.0,86.0,88.0,89.0,80.0,88.0,84.0,69.0,30.0,82.0,78.0,40.0,85.0,84.0,85.0,35.0,32.0,38.0,83.0,99.0,15,0,0,9,4,2,,,3.0,,3.0,,3.0,,3.0,,2.0,,,,,,3.0,3.0,,1.0,3.0,2.0,3.0,3.0,1.0,2.0,,,,,2.0,,,,,,,,,,,29.0,436.0,240.0,19.0,69.0,11.0,1.0,19.0,90.0,221.0,14.0,38.0,46.0,51.0,6.0,13.0,19.0,15.0,8.3,0.7,2.4,0.4,0.0,0.7,0.2,0.4,0.7,0.41,0.42,0.37,0.9,19.8,1.6,5.7,0.9,0.1,1.6,0.5,1.1,1.6,0.41,0.42,0.37,0.9,0.44,0.49,0.04,0.55,218.0,213.0,232.0,59.0,233.0,155.0,233.0,117.0,159.0,195.0,108.0,131.0,233.0,13.0,192.0,224.0,69.0,30.0,60.0,232.0,40.0,38.0,170.0,207.0,86.0,233.0,102.0
136,Chris Bosh,Raptors,PF,C,"6'11""",,5.53,,,,,,,,,,,,,faded:Glue,146.0,123.0,128.0,135.0,59.0,87.0,46.0,4.0,174.0,54.0,30.0,58.0,6.0,,,,,,,,1 S8f,,,2 S9,2,,,,,,,,,10.6,-0.69,0.72,0.1,0.33,1.58,0.82,1.5,1.78,15.4,1.0,0.5,0.0,22.0,35.3,90.0,78.0,88.0,72.0,55.0,,90.0,94.0,92.0,75.0,84.0,98.0,95.0,81.0,72.0,60.0,80.0,80.0,95.0,95.0,87.0,84.0,78.0,80.0,69.0,86.0,84.0,94.0,89.0,95.0,57.0,52.0,58.0,52.0,80.0,43.0,77.0,88.0,78.0,57.0,61.0,88.0,81.0,85.0,93.0,91.0,94.0,65.0,95.0,9,0,0,2,4,3,,,,3.0,,1.0,,,,,2.0,1.0,,,1.0,,,,,,,,,,,,,,,,,,,,,3.0,2.0,2.0,,2.0,,22.0,776.0,228.0,333.0,32.0,21.0,11.0,18.0,99.0,144.0,2.0,6.0,28.0,34.0,70.0,263.0,40.0,35.3,10.4,15.1,1.5,1.0,0.5,0.8,3.2,12.0,1.8,0.69,0.7,0.33,0.82,10.6,15.4,1.5,1.0,0.5,0.8,3.2,12.2,1.9,0.69,0.7,0.33,0.82,0.69,0.72,0.43,0.29,24.0,19.0,5.0,175.0,38.0,120.0,4.0,178.0,11.0,81.0,130.0,12.0,5.0,196.0,23.0,29.0,93.0,97.0,174.0,6.0,207.0,20.0,90.0,90.0,16.0,6.0,174.0
88,Alex English,,SF,PF,"6'7""",,5.52,,,,,,,🟡,,,,,,D<85 faded:Driver,92.0,115.0,112.0,94.0,-14.0,106.0,16.0,5.0,101.0,24.0,45.0,5.0,10.0,,,,1 S8f,1 S8,,,2 S9,1 S9,,,,,,1,,,,,,15.6,0.06,0.57,0.1,0.19,3.18,0.94,5.2,4.93,6.3,0.7,0.2,0.0,29.0,33.1,93.0,82.0,80.0,88.0,40.0,,91.0,94.0,94.0,75.0,86.0,98.0,98.0,88.0,88.0,78.0,82.0,88.0,98.0,98.0,83.0,88.0,98.0,75.0,88.0,70.0,88.0,88.0,95.0,98.0,79.0,75.0,86.0,80.0,75.0,79.0,75.0,80.0,82.0,63.0,50.0,84.0,83.0,85.0,78.0,77.0,79.0,68.0,95.0,5,0,0,5,0,0,,,,,,3.0,3.0,,3.0,,3.0,,,3.0,,,,,,,,,,,,,,,,,,,,,,,,,,,,29.0,961.0,417.0,168.0,138.0,18.0,5.0,28.0,167.0,329.0,3.0,16.0,80.0,85.0,14.0,154.0,40.0,33.1,14.4,5.8,4.8,0.6,0.2,1.0,0.5,5.3,1.4,0.51,0.52,0.19,0.94,15.6,6.3,5.2,0.7,0.2,1.0,0.5,5.8,1.5,0.51,0.52,0.19,0.94,0.51,0.57,0.17,0.43,167.0,136.0,87.0,101.0,78.0,82.0,72.0,31.0,90.0,131.0,169.0,80.0,70.0,129.0,96.0,156.0,174.0,14.0,101.0,87.0,51.0,109.0,150.0,136.0,86.0,87.0,71.0
208,Steve Francis,,PG,SG,"6'3""",,5.5,,,,,,,,✅,✅,,,,D<85,174.0,176.0,157.0,177.0,5.0,169.0,66.0,8.0,76.0,45.0,60.0,19.0,19.0,,,,2 S9,1 S9,1 S7,1 S8,,1 S8,,,,,,1,,,,,,17.9,0.4,0.44,1.7,0.22,4.42,0.84,6.7,2.43,3.6,0.6,0.6,0.0,24.0,19.0,88.0,78.0,48.0,88.0,25.0,,86.0,84.0,82.0,80.0,82.0,95.0,90.0,85.0,88.0,85.0,54.0,96.0,98.0,85.0,88.0,67.0,88.0,30.0,96.0,50.0,54.0,45.0,80.0,94.0,83.0,80.0,89.0,88.0,82.0,74.0,74.0,48.0,78.0,85.0,57.0,80.0,90.0,80.0,57.0,54.0,59.0,75.0,92.0,18,0,0,4,11,3,3.0,2.0,2.0,2.0,3.0,2.0,2.0,,2.0,,2.0,,,1.0,,,2.0,3.0,,1.0,2.0,3.0,2.0,2.0,1.0,,,,,,,,,,,,,,,,,24.0,456.0,227.0,45.0,85.0,8.0,7.0,35.0,79.0,231.0,22.0,102.0,47.0,56.0,3.0,42.0,21.0,19.0,9.5,1.9,3.5,0.3,0.3,1.5,0.1,1.8,0.9,0.34,0.44,0.22,0.84,17.9,3.6,6.7,0.6,0.6,2.8,0.2,3.3,1.7,0.34,0.44,0.22,0.84,0.39,0.44,0.1,0.5,231.0,228.0,137.0,74.0,206.0,134.0,187.0,63.0,197.0,108.0,215.0,173.0,183.0,42.0,230.0,218.0,166.0,83.0,76.0,146.0,21.0,154.0,82.0,232.0,158.0,145.0,122.0
112,Brandon Roy,Trail Blazers,SG,,"6'6""",,5.44,,,,,,,🟡,,🟡,,,,D<85 faded:Driver,79.0,135.0,88.0,84.0,-28.0,107.0,39.0,5.0,79.0,47.0,69.0,53.0,42.0,,,,2 S7f,2 S9,,2 S9,2 S9,1 S9,,,,,,1,,,,,,17.6,0.36,0.57,1.4,0.31,3.39,0.84,4.9,3.77,2.9,0.8,0.4,1.0,36.0,33.9,91.0,80.0,55.0,88.0,30.0,,89.0,90.0,85.0,82.0,84.0,98.0,95.0,80.0,88.0,84.0,68.0,90.0,90.0,80.0,59.0,81.0,88.0,75.0,85.0,61.0,84.0,68.0,90.0,98.0,80.0,80.0,90.0,86.0,80.0,64.0,71.0,55.0,80.0,66.0,55.0,80.0,78.0,80.0,52.0,47.0,57.0,83.0,99.0,12,0,0,8,4,0,3.0,2.0,,,,3.0,3.0,,3.0,,3.0,,,,,,2.0,,3.0,2.0,3.0,3.0,,,2.0,,,,,,,,,,,,,,,,,36.0,1220.0,596.0,99.0,166.0,28.0,12.0,44.0,226.0,474.0,48.0,153.0,96.0,115.0,4.0,95.0,38.0,33.9,16.6,2.8,4.6,0.8,0.3,1.2,0.1,2.6,1.1,0.48,0.56,0.31,0.84,17.6,2.9,4.9,0.8,0.4,1.3,0.1,2.8,1.1,0.48,0.56,0.31,0.84,0.53,0.57,0.08,0.49,148.0,139.0,169.0,78.0,66.0,66.0,149.0,38.0,29.0,108.0,187.0,173.0,149.0,74.0,116.0,123.0,115.0,86.0,79.0,176.0,59.0,69.0,107.0,183.0,196.0,173.0,14.0
390,Derrick White,,SG,PG,"6'4""",2-Way Middy Combo Guard,5.41,,,,✅,,,🟡,🟡,✅,,,,faded:Fouls,229.0,206.0,168.0,225.0,,,,,,,,,,,,,,2 S7f,2 S8,1 S8,2 S8,2 S8,,,,1,,1,,1,,,2,12.6,-0.39,0.45,1.4,0.19,2.56,1.0,9.0,15.33,3.0,0.6,1.2,0.0,18.0,10.2,85.0,91.0,58.0,88.0,25.0,,80.0,80.0,92.0,76.0,90.0,75.0,70.0,80.0,88.0,93.0,46.0,75.0,85.0,95.0,81.0,58.0,87.0,40.0,55.0,35.0,51.0,35.0,70.0,90.0,83.0,88.0,86.0,87.0,82.0,71.0,78.0,58.0,91.0,53.0,82.0,92.0,78.0,95.0,46.0,42.0,51.0,70.0,95.0,15,0,0,5,7,3,,,1.0,2.0,,,2.0,,1.0,,,,,,,,,,2.0,,,1.0,2.0,,,3.0,2.0,,2.0,2.0,3.0,3.0,,3.0,,,,,,3.0,,18.0,183.0,64.0,15.0,46.0,3.0,6.0,3.0,22.0,65.0,7.0,36.0,13.0,13.0,0.0,15.0,11.0,10.2,3.6,0.8,2.6,0.2,0.3,0.2,0.0,0.8,0.6,0.34,0.52,0.19,1.0,12.6,3.0,9.0,0.6,1.2,0.6,0.0,3.0,2.2,,,,,0.39,0.45,0.08,0.35,,,,,,,,,,,,,,,,,,,,,,,,,,,
86,Bob Lanier,,C,,"6'11""",,5.36,,,,,,,,,,,✅,,,128.0,88.0,94.0,133.0,40.0,88.0,47.0,4.0,172.0,52.0,36.0,41.0,13.0,,,,,,,,,,,1 S9,,,,,,,,,,10.7,-0.67,0.65,0.0,0.0,1.86,0.73,1.8,1.79,14.4,1.1,1.2,0.0,31.0,34.3,93.0,56.0,86.0,76.0,85.0,,85.0,97.0,94.0,42.0,82.0,97.0,98.0,76.0,76.0,56.0,94.0,65.0,90.0,70.0,82.0,85.0,83.0,85.0,55.0,88.0,86.0,96.0,89.0,95.0,57.0,64.0,50.0,34.0,72.0,66.0,70.0,86.0,56.0,50.0,78.0,88.0,55.0,80.0,97.0,96.0,97.0,55.0,95.0,16,0,2,14,0,0,,,,3.0,,4.0,3.0,,3.0,3.0,3.0,3.0,4.0,3.0,3.0,3.0,,,,,,,,,,,,3.0,,,,,3.0,,,3.0,3.0,3.0,,,,31.0,1064.0,316.0,426.0,52.0,33.0,36.0,29.0,138.0,218.0,0.0,4.0,40.0,55.0,117.0,309.0,45.0,34.3,10.2,13.7,1.7,1.1,1.2,0.9,3.8,10.0,1.5,0.63,0.64,0.0,0.73,10.7,14.4,1.8,1.1,1.2,1.0,4.0,10.5,1.5,0.63,0.64,0.0,0.73,0.63,0.65,0.4,0.3,57.0,55.0,13.0,170.0,56.0,123.0,13.0,159.0,6.0,34.0,154.0,4.0,14.0,146.0,39.0,54.0,194.0,178.0,172.0,13.0,190.0,11.0,47.0,136.0,4.0,20.0,71.0
133,DeMarcus Cousins,Kings,C,,"6'11""",,5.05,,,,,,,,,,,✅,,D<85,177.0,142.0,169.0,208.0,102.0,75.0,41.0,4.0,142.0,35.0,28.0,20.0,48.0,,,,,2 S9,,,,,,1 S9,,,,,,,,,,12.7,-0.38,0.6,0.2,0.3,3.19,0.86,2.3,4.2,10.5,1.0,0.8,0.0,31.0,21.1,90.0,42.0,79.0,63.0,75.0,,86.0,81.0,80.0,80.0,77.0,98.0,98.0,78.0,63.0,42.0,97.0,71.0,98.0,90.0,86.0,93.0,87.0,97.0,82.0,97.0,96.0,90.0,97.0,98.0,68.0,60.0,70.0,56.0,84.0,72.0,71.0,79.0,42.0,65.0,72.0,79.0,77.0,80.0,81.0,70.0,91.0,60.0,95.0,10,0,0,10,0,0,,,,3.0,,3.0,,,,,3.0,3.0,3.0,,3.0,3.0,,,,,,,,,,,,,,,,,,,,3.0,3.0,3.0,,,,31.0,655.0,231.0,191.0,42.0,19.0,15.0,10.0,89.0,166.0,3.0,10.0,50.0,58.0,30.0,161.0,41.0,21.1,7.5,6.2,1.4,0.6,0.5,0.3,1.0,5.2,1.3,0.54,0.55,0.3,0.86,12.7,10.5,2.3,1.0,0.8,0.5,1.6,8.8,2.3,0.54,0.55,0.3,0.86,0.55,0.6,0.29,0.35,125.0,98.0,48.0,142.0,182.0,172.0,67.0,185.0,90.0,81.0,16.0,55.0,71.0,107.0,75.0,126.0,129.0,59.0,142.0,48.0,162.0,20.0,70.0,29.0,52.0,49.0,221.0
81,Marc Gasol,Grizzlies,C,PF,"7'1""",,5.05,,,,,✅,,,,,,✅,✅,,106.0,74.0,95.0,91.0,-14.0,120.0,57.0,6.0,170.0,50.0,36.0,71.0,31.0,,,,,,,,,,,1 S9,,,1,,,,,1,1,10.9,-0.64,0.66,0.0,0.0,1.65,0.89,1.0,1.69,12.0,0.8,1.2,0.0,26.0,31.1,93.0,56.0,96.0,50.0,75.0,,92.0,95.0,95.0,85.0,85.0,98.0,95.0,71.0,50.0,56.0,95.0,38.0,95.0,84.0,79.0,87.0,80.0,85.0,60.0,96.0,96.0,93.0,88.0,94.0,59.0,65.0,47.0,25.0,87.0,72.0,82.0,96.0,56.0,66.0,88.0,96.0,74.0,95.0,85.0,80.0,89.0,70.0,95.0,15,0,2,11,2,0,,,,3.0,,3.0,,,,2.0,3.0,3.0,3.0,,3.0,3.0,,,2.0,,,,,,,,,,,,,,3.0,,4.0,4.0,3.0,3.0,,3.0,,26.0,808.0,245.0,270.0,22.0,18.0,27.0,13.0,106.0,170.0,0.0,6.0,33.0,37.0,53.0,217.0,35.0,31.1,9.4,10.4,0.8,0.7,1.0,0.5,2.0,8.3,1.3,0.62,0.65,0.0,0.89,10.9,12.0,1.0,0.8,1.2,0.6,2.4,9.7,1.6,0.62,0.65,0.0,0.89,0.62,0.66,0.33,0.3,62.0,49.0,31.0,170.0,115.0,135.0,34.0,218.0,59.0,43.0,63.0,31.0,36.0,107.0,44.0,53.0,194.0,39.0,170.0,31.0,221.0,69.0,47.0,39.0,31.0,33.0,102.0
47,Dominique Wilkins,Hawks,SF,SG,"6'7""",,5.01,,,,,,,🟡,,,,,,D<85 faded:Driver,100.0,107.0,87.0,80.0,5.0,95.0,15.0,5.0,72.0,17.0,36.0,39.0,18.0,,,,2 S8f,2 S9,,,2 S9,,,,,,,1,,,,,2,18.3,0.46,0.6,1.2,0.3,3.34,0.83,2.8,2.53,5.1,0.7,0.8,1.0,29.0,38.0,95.0,82.0,66.0,94.0,35.0,,91.0,97.0,95.0,75.0,85.0,97.0,98.0,91.0,94.0,82.0,77.0,98.0,96.0,95.0,94.0,90.0,96.0,96.0,98.0,74.0,84.0,79.0,94.0,98.0,74.0,70.0,84.0,85.0,70.0,60.0,80.0,66.0,82.0,69.0,81.0,84.0,84.0,95.0,80.0,77.0,82.0,83.0,99.0,7,0,1,6,0,0,,,,,,3.0,3.0,,3.0,,3.0,,,4.0,,,,,,,,3.0,,,,,,3.0,,,,,,,,,,,,,,29.0,1101.0,561.0,156.0,86.0,20.0,23.0,34.0,219.0,421.0,38.0,126.0,85.0,102.0,11.0,145.0,55.0,38.0,19.3,5.4,3.0,0.7,0.8,1.2,0.4,5.0,1.9,0.52,0.61,0.3,0.83,18.3,5.1,2.8,0.7,0.8,1.1,0.4,4.7,1.8,0.52,0.61,0.3,0.83,0.56,0.6,0.14,0.51,108.0,99.0,104.0,70.0,3.0,47.0,80.0,80.0,59.0,54.0,187.0,85.0,73.0,208.0,87.0,76.0,127.0,88.0,72.0,104.0,136.0,109.0,70.0,151.0,94.0,107.0,153.0
36,Bob Cousy,,PG,,"6'1""",,4.97,,,,,,,,🟡,✅,,,✅,<6'2 faded:Fouls,75.0,52.0,60.0,88.0,-56.0,131.0,47.0,6.0,70.0,42.0,40.0,49.0,63.0,,,,,2 S7f,2 S9,1 S9,,1 S9,,,,2,,1,,,,,1,18.5,0.49,0.57,2.7,0.36,2.6,0.81,5.1,3.48,2.6,0.8,0.1,0.0,29.0,35.3,96.0,91.0,30.0,95.0,0.0,,93.0,88.0,96.0,95.0,84.0,98.0,95.0,85.0,95.0,92.0,56.0,80.0,98.0,90.0,81.0,61.0,95.0,25.0,25.0,45.0,61.0,55.0,88.0,97.0,96.0,98.0,92.0,95.0,98.0,97.0,73.0,30.0,91.0,94.0,30.0,89.0,90.0,90.0,74.0,70.0,78.0,83.0,99.0,15,0,2,11,2,0,3.0,3.0,,,3.0,,4.0,,4.0,,2.0,,,,,,3.0,,2.0,3.0,,3.0,,,3.0,,3.0,,,3.0,,3.0,,3.0,,,,,,,,29.0,1025.0,527.0,75.0,146.0,23.0,2.0,42.0,195.0,432.0,77.0,211.0,60.0,74.0,8.0,67.0,33.0,35.3,18.2,2.6,5.0,0.8,0.1,1.4,0.3,2.3,1.1,0.45,0.53,0.36,0.81,18.5,2.6,5.1,0.8,0.1,1.5,0.3,2.4,1.2,0.45,0.53,0.36,0.81,0.54,0.57,0.07,0.51,134.0,140.0,193.0,70.0,38.0,56.0,158.0,28.0,29.0,155.0,211.0,96.0,162.0,74.0,143.0,143.0,71.0,114.0,70.0,197.0,55.0,69.0,170.0,201.0,118.0,197.0,21.0
333,Evan Mobley,Cavaliers,PF,C,"6'11""",2-Way Post Scorer,4.85,,,,,✅,,,,,,✅,,,116.0,129.0,106.0,118.0,-19.0,135.0,64.0,6.0,190.0,61.0,14.0,41.0,67.0,,,,,,,,,,2 S9,1 S9,2,,1,,,,2,2,2,9.5,-0.85,0.62,1.3,0.33,1.34,0.77,1.8,4.27,8.7,0.9,1.5,0.0,29.0,32.4,89.0,82.0,96.0,72.0,75.0,,76.0,85.0,67.0,80.0,74.0,80.0,70.0,81.0,72.0,79.0,74.0,81.0,90.0,90.0,80.0,82.0,84.0,85.0,85.0,83.0,83.0,83.0,67.0,85.0,66.0,69.0,60.0,66.0,74.0,59.0,83.0,96.0,82.0,41.0,86.0,95.0,85.0,95.0,75.0,65.0,85.0,70.0,99.0,23,0,2,4,9,8,,,,1.0,,3.0,,1.0,1.0,2.0,2.0,1.0,,2.0,2.0,3.0,,,,1.0,,,2.0,,1.0,,,3.0,1.0,2.0,,2.0,4.0,,4.0,2.0,2.0,1.0,,3.0,,29.0,940.0,247.0,228.0,47.0,24.0,40.0,11.0,93.0,185.0,34.0,103.0,27.0,35.0,15.0,213.0,40.0,32.4,8.5,7.9,1.6,0.8,1.4,0.4,0.5,7.3,1.4,0.5,0.72,0.33,0.77,9.5,8.7,1.8,0.9,1.5,0.4,0.6,8.2,1.5,0.5,0.72,0.33,0.77,0.6,0.62,0.24,0.26,80.0,84.0,67.0,190.0,94.0,150.0,49.0,167.0,29.0,21.0,33.0,80.0,45.0,129.0,99.0,21.0,99.0,151.0,190.0,67.0,190.0,38.0,27.0,12.0,81.0,58.0,71.0
221,John Starks,,SG,PG,"6'3""",,4.83,,,,✅,,,,,✅,,,,,187.0,196.0,215.0,190.0,60.0,127.0,45.0,6.0,88.0,53.0,20.0,44.0,23.0,,,,,,,1 S9,,1 S9,,,,1,,2,,1,,,2,16.9,0.25,0.51,3.9,0.32,2.4,0.74,5.3,6.33,3.5,0.9,0.1,0.0,30.0,21.5,88.0,92.0,55.0,80.0,25.0,,87.0,80.0,85.0,88.0,73.0,98.0,95.0,87.0,80.0,92.0,70.0,82.0,98.0,98.0,88.0,65.0,84.0,45.0,77.0,40.0,69.0,40.0,65.0,98.0,78.0,82.0,75.0,76.0,82.0,77.0,79.0,55.0,92.0,77.0,40.0,94.0,95.0,98.0,59.0,59.0,59.0,70.0,92.0,15,0,0,9,1,5,,3.0,,,3.0,,1.0,,1.0,,,,,,,,,,,1.0,,2.0,,,1.0,3.0,1.0,,3.0,3.0,3.0,3.0,,3.0,,,,,3.0,,,30.0,646.0,304.0,62.0,95.0,17.0,1.0,15.0,101.0,278.0,70.0,219.0,32.0,43.0,4.0,58.0,21.0,21.5,10.1,2.1,3.2,0.6,0.0,0.5,0.1,1.9,0.7,0.36,0.52,0.32,0.74,16.9,3.5,5.3,0.9,0.1,0.8,0.2,3.2,1.2,0.36,0.52,0.32,0.74,0.49,0.51,0.1,0.47,184.0,195.0,137.0,86.0,178.0,126.0,175.0,72.0,90.0,195.0,63.0,173.0,178.0,13.0,221.0,154.0,107.0,170.0,88.0,150.0,48.0,38.0,170.0,90.0,158.0,151.0,21.0
68,George Gervin,Spurs,SF,SG,"6'7""",,4.8,,,,,,,,,,,,,faded:Driver/Fouls/Glue,112.0,121.0,129.0,103.0,-7.0,119.0,20.0,6.0,95.0,21.0,42.0,7.0,15.0,,,,2 S8f,2 S8f,,,1 S8f,1 S8,,,,,,1,2,,,,2,16.2,0.15,0.58,0.4,0.29,2.65,0.85,4.1,4.29,5.5,0.7,0.5,0.0,33.0,32.1,94.0,88.0,70.0,93.0,50.0,,91.0,97.0,90.0,79.0,86.0,98.0,98.0,90.0,93.0,86.0,70.0,95.0,98.0,98.0,90.0,87.0,99.0,60.0,95.0,79.0,88.0,78.0,95.0,98.0,75.0,75.0,80.0,83.0,75.0,64.0,81.0,70.0,88.0,78.0,65.0,85.0,88.0,95.0,86.0,84.0,87.0,68.0,99.0,6,1,0,4,1,0,,,,,,3.0,3.0,,5.0,,3.0,,,3.0,,,,,,,,2.0,,,,,,,,,,,,,,,,,,,,33.0,1059.0,478.0,162.0,120.0,21.0,15.0,28.0,200.0,375.0,12.0,41.0,66.0,78.0,13.0,149.0,46.0,32.1,14.5,4.9,3.6,0.6,0.5,0.8,0.4,4.5,1.4,0.53,0.56,0.29,0.85,16.2,5.5,4.1,0.7,0.5,1.0,0.4,5.1,1.6,0.53,0.56,0.29,0.85,0.55,0.58,0.15,0.45,120.0,120.0,98.0,93.0,102.0,81.0,89.0,60.0,90.0,81.0,130.0,85.0,84.0,129.0,79.0,113.0,130.0,76.0,95.0,98.0,68.0,109.0,90.0,136.0,94.0,97.0,102.0
200,Dale Ellis,,SG,,"6'7""",,4.79,,,,,,,,,,,,,D<85,201.0,193.0,176.0,233.0,102.0,99.0,35.0,5.0,52.0,31.0,25.0,83.0,23.0,,,2 S9,,1 S9,,,,,,,,,,2,,,,,,20.7,0.82,0.62,3.4,0.41,4.05,0.83,2.9,2.84,3.5,0.4,0.1,1.0,26.0,26.0,88.0,72.0,49.0,78.0,10.0,,90.0,84.0,90.0,96.0,82.0,95.0,90.0,80.0,78.0,74.0,65.0,70.0,97.0,94.0,79.0,74.0,88.0,50.0,65.0,60.0,75.0,74.0,80.0,96.0,73.0,82.0,82.0,73.0,79.0,50.0,64.0,49.0,72.0,70.0,30.0,75.0,78.0,75.0,58.0,55.0,60.0,84.0,92.0,7,0,0,4,2,1,3.0,3.0,,,3.0,,2.0,,2.0,,,,,,,,,,,,,,,,,,,,,,,,,1.0,,,,,3.0,,,26.0,676.0,389.0,65.0,54.0,8.0,1.0,19.0,131.0,280.0,64.0,157.0,63.0,76.0,6.0,59.0,15.0,26.0,15.0,2.5,2.1,0.3,0.0,0.7,0.2,2.3,0.6,0.47,0.55,0.41,0.83,20.7,3.5,2.9,0.4,0.1,1.0,0.3,3.1,0.8,0.47,0.55,0.41,0.83,0.58,0.62,0.1,0.58,92.0,81.0,137.0,49.0,154.0,76.0,161.0,131.0,197.0,195.0,108.0,131.0,162.0,6.0,125.0,132.0,36.0,94.0,52.0,150.0,128.0,211.0,170.0,136.0,118.0,157.0,3.0
216,Ron Artest,,SF,,"6'6""",,4.7,,,,✅,,,🟡,,,,,✅,,72.0,106.0,79.0,86.0,-100.0,172.0,30.0,8.0,131.0,30.0,12.0,31.0,49.0,,,2 S9,,,,,2 S9,,,,,1,,2,2,1,,,1,13.2,-0.3,0.6,3.0,0.38,1.07,0.81,3.0,3.08,3.1,1.1,0.4,0.0,31.0,28.2,88.0,95.0,74.0,83.0,50.0,,76.0,82.0,78.0,82.0,73.0,60.0,80.0,86.0,83.0,96.0,70.0,85.0,95.0,90.0,84.0,61.0,74.0,60.0,75.0,47.0,52.0,52.0,47.0,80.0,71.0,69.0,79.0,80.0,68.0,59.0,86.0,74.0,95.0,96.0,56.0,95.0,94.0,95.0,53.0,50.0,56.0,69.0,92.0,12,1,3,6,2,0,,,,,,,,,,,2.0,,,,,,,,,,,,,,,4.0,3.0,3.0,3.0,4.0,5.0,4.0,2.0,3.0,3.0,,,,,3.0,,31.0,874.0,321.0,76.0,74.0,26.0,9.0,24.0,113.0,257.0,74.0,193.0,21.0,26.0,3.0,73.0,37.0,28.2,10.4,2.5,2.4,0.8,0.3,0.8,0.1,2.4,1.2,0.44,0.61,0.38,0.81,13.2,3.1,3.0,1.1,0.4,1.0,0.1,3.0,1.5,0.44,0.61,0.38,0.81,0.58,0.6,0.09,0.37,90.0,105.0,156.0,128.0,139.0,120.0,161.0,117.0,29.0,108.0,130.0,173.0,156.0,92.0,159.0,80.0,57.0,116.0,131.0,165.0,119.0,11.0,107.0,136.0,196.0,160.0,71.0
795,Jaren Jackson Jr.,Grizzlies,PF,C,"6'10""",2-Way Paint Pounder,4.59,,,,,✅,,🟡,,,✅,,,,150.0,,,169.0,10.0,140.0,69.0,6.0,142.0,35.0,4.0,63.0,79.0,,,,,,,,2 S9,,1 S9,,2,,1,,,,,1,2,12.7,-0.38,0.68,2.7,0.43,0.86,0.8,1.3,5.17,5.9,0.7,1.0,0.0,29.0,29.0,86.0,80.0,93.0,63.0,50.0,,77.0,97.0,57.0,79.0,80.0,75.0,75.0,78.0,63.0,80.0,82.0,75.0,90.0,80.0,94.0,82.0,82.0,85.0,80.0,85.0,85.0,85.0,70.0,80.0,45.0,45.0,60.0,33.0,50.0,38.0,80.0,93.0,80.0,42.0,83.0,95.0,71.0,95.0,54.0,40.0,67.0,75.0,95.0,21,0,0,8,9,4,,,,,1.0,2.0,,1.0,1.0,3.0,2.0,2.0,2.0,1.0,3.0,2.0,,,,,,,2.0,,,2.0,,3.0,2.0,3.0,,2.0,3.0,,3.0,,,3.0,,3.0,,29.0,840.0,297.0,137.0,31.0,16.0,24.0,6.0,109.0,210.0,63.0,146.0,16.0,20.0,10.0,127.0,31.0,29.0,10.2,4.7,1.1,0.6,0.8,0.2,0.3,4.4,1.1,0.52,0.72,0.43,0.8,12.7,5.9,1.3,0.7,1.0,0.3,0.4,5.4,1.3,0.52,0.72,0.43,0.8,0.67,0.68,0.16,0.35,37.0,38.0,94.0,142.0,132.0,123.0,93.0,204.0,90.0,54.0,4.0,96.0,92.0,74.0,90.0,23.0,18.0,122.0,142.0,94.0,213.0,109.0,59.0,6.0,94.0,94.0,35.0
339,Cade Cunningham,,PG,SG,"6'6""",Bullmaker,4.36,,,,,,,,🟡,✅,,,,D<85,78.0,262.0,261.0,35.0,-50.0,128.0,46.0,6.0,65.0,40.0,55.0,22.0,76.0,,,,,2 S9,2 S9,1 S9,,1 S9,,,,,,2,,,,,2,19.4,0.63,0.52,2.0,0.33,3.28,0.75,6.5,3.89,2.4,0.5,0.5,0.0,29.0,34.4,95.0,83.0,63.0,83.0,0.0,,89.0,94.0,90.0,82.0,81.0,90.0,98.0,83.0,83.0,84.0,62.0,80.0,94.0,95.0,80.0,74.0,94.0,40.0,75.0,60.0,64.0,64.0,95.0,98.0,89.0,92.0,86.0,83.0,95.0,90.0,73.0,63.0,83.0,63.0,67.0,82.0,76.0,80.0,52.0,40.0,63.0,98.0,95.0,20,0,0,15,5,0,3.0,2.0,2.0,3.0,3.0,,3.0,,3.0,2.0,3.0,,,,,,3.0,3.0,3.0,3.0,3.0,3.0,3.0,3.0,3.0,,,,,,,,,,,,2.0,,,2.0,,29.0,998.0,539.0,66.0,179.0,15.0,13.0,46.0,208.0,482.0,55.0,168.0,68.0,91.0,4.0,62.0,60.0,34.4,18.6,2.3,6.2,0.5,0.4,1.6,0.1,2.1,2.1,0.43,0.49,0.33,0.75,19.4,2.4,6.5,0.5,0.5,1.7,0.1,2.2,2.2,0.43,0.49,0.33,0.75,0.49,0.52,0.07,0.54,184.0,189.0,193.0,62.0,54.0,55.0,168.0,17.0,126.0,92.0,218.0,173.0,168.0,220.0,169.0,193.0,102.0,168.0,65.0,210.0,24.0,184.0,90.0,215.0,196.0,210.0,214.0
51,Gary Payton,Thunder,PG,SG,"6'4""",,4.35,,,,✅,,,,,✅,,,✅,faded:Scoring PG/Glue,60.0,57.0,46.0,46.0,-136.0,196.0,78.0,9.0,128.0,69.0,55.0,40.0,55.0,,,,,,2 S8f,1 S9,2 S8f,1 S8,,,,1,,1,,1,,,1,13.4,-0.27,0.54,2.0,0.32,2.25,0.71,5.4,3.66,2.7,0.6,0.0,0.0,29.0,34.8,95.0,98.0,60.0,93.0,50.0,,84.0,84.0,81.0,80.0,74.0,98.0,85.0,87.0,93.0,99.0,65.0,74.0,98.0,90.0,93.0,67.0,93.0,25.0,42.0,60.0,83.0,65.0,67.0,98.0,91.0,97.0,89.0,93.0,98.0,78.0,83.0,60.0,98.0,99.0,37.0,98.0,93.0,98.0,46.0,45.0,46.0,45.0,99.0,19,1,5,12,1,0,,,,,,,3.0,,3.0,,2.0,,,,,,3.0,3.0,,3.0,3.0,3.0,3.0,3.0,3.0,4.0,5.0,,4.0,4.0,3.0,4.0,,4.0,,,,,,3.0,,29.0,1009.0,375.0,77.0,150.0,16.0,1.0,41.0,137.0,318.0,56.0,174.0,45.0,63.0,4.0,73.0,48.0,34.8,12.9,2.7,5.2,0.6,0.0,1.4,0.1,2.5,1.7,0.43,0.56,0.32,0.71,13.4,2.7,5.4,0.6,0.0,1.5,0.1,2.6,1.7,0.43,0.56,0.32,0.71,0.52,0.54,0.08,0.37,162.0,170.0,169.0,128.0,48.0,93.0,156.0,24.0,90.0,195.0,211.0,173.0,152.0,183.0,171.0,113.0,106.0,187.0,128.0,189.0,44.0,154.0,206.0,201.0,196.0,180.0,122.0
103,Fat Lever,,PG,SG,"6'3""",,4.29,,,,,,,,,🟡,,,,,139.0,149.0,126.0,136.0,31.0,108.0,40.0,5.0,149.0,79.0,91.0,3.0,11.0,,,,,2 S9,,2 S9,,,,,,2,,1,,,,,2,12.1,-0.46,0.57,0.2,0.22,3.16,0.77,10.1,6.31,4.0,0.7,0.0,0.0,29.0,27.1,92.0,92.0,50.0,91.0,0.0,,84.0,88.0,86.0,81.0,80.0,88.0,80.0,83.0,91.0,93.0,50.0,75.0,93.0,97.0,83.0,62.0,88.0,25.0,40.0,60.0,51.0,55.0,80.0,94.0,92.0,92.0,90.0,91.0,94.0,92.0,79.0,50.0,92.0,95.0,35.0,93.0,97.0,90.0,73.0,62.0,84.0,70.0,95.0,22,0,1,13,6,2,,,2.0,2.0,2.0,,3.0,,3.0,,3.0,,,,,,3.0,3.0,1.0,3.0,3.0,3.0,2.0,2.0,3.0,2.0,4.0,,3.0,3.0,1.0,3.0,,3.0,,,,,,,,29.0,786.0,264.0,88.0,221.0,15.0,0.0,35.0,103.0,203.0,5.0,23.0,53.0,69.0,9.0,79.0,45.0,27.1,9.1,3.0,7.6,0.5,0.0,1.2,0.3,2.7,1.6,0.51,0.54,0.22,0.77,12.1,4.0,10.1,0.7,0.0,1.6,0.4,3.6,2.1,0.51,0.54,0.22,0.77,0.52,0.57,0.11,0.34,158.0,141.0,128.0,148.0,147.0,142.0,138.0,7.0,126.0,195.0,187.0,96.0,143.0,165.0,97.0,134.0,164.0,152.0,149.0,128.0,3.0,109.0,206.0,207.0,94.0,134.0,205.0
59,Wes Unseld,,C,PF,"6'7""",,4.1,,,,,,,,,,,✅,,,131.0,119.0,141.0,141.0,10.0,121.0,58.0,6.0,200.0,67.0,36.0,6.0,63.0,,,,,,,,,,,1 S9,,,,2,,,,,2,8.7,-0.97,0.65,0.0,0.33,2.22,0.69,3.8,16.6,9.1,0.5,1.0,0.0,28.0,28.4,94.0,68.0,85.0,79.0,90.0,,79.0,96.0,82.0,78.0,70.0,65.0,85.0,89.0,79.0,68.0,98.0,96.0,95.0,92.0,98.0,93.0,95.0,90.0,95.0,97.0,96.0,96.0,95.0,80.0,78.0,82.0,75.0,55.0,94.0,85.0,83.0,85.0,68.0,88.0,95.0,88.0,80.0,80.0,97.0,97.0,97.0,55.0,95.0,19,1,1,16,1,0,,,,3.0,,3.0,,3.0,,4.0,3.0,3.0,3.0,,3.0,3.0,,3.0,5.0,3.0,,,,,3.0,3.0,,2.0,,,,,3.0,,3.0,3.0,,3.0,,,,28.0,794.0,191.0,201.0,83.0,12.0,22.0,5.0,78.0,126.0,1.0,3.0,34.0,49.0,34.0,167.0,38.0,28.4,6.8,7.2,3.0,0.4,0.8,0.2,1.2,6.0,1.4,0.62,0.63,0.33,0.69,8.7,9.1,3.8,0.5,1.0,0.2,1.5,7.6,1.7,0.62,0.63,0.33,0.69,0.62,0.65,0.25,0.24,63.0,62.0,62.0,200.0,136.0,185.0,53.0,80.0,159.0,54.0,4.0,46.0,60.0,129.0,45.0,67.0,93.0,197.0,200.0,63.0,78.0,184.0,59.0,2.0,53.0,69.0,122.0
233,Marcus Camby,2007-08 Nuggets,C,,"6'11""",,4.05,,,,,✅,,,,,,✅,✅,,182.0,209.0,186.0,200.0,45.0,137.0,66.0,6.0,221.0,77.0,36.0,66.0,43.0,,,,,,,,,,,1 S9,,,1,,,,,2,1,7.2,-1.2,0.63,0.0,0.0,0.98,0.62,1.2,1.82,11.1,1.0,2.1,0.0,29.0,20.2,85.0,53.0,93.0,60.0,99.0,,69.0,84.0,73.0,63.0,69.0,84.0,43.0,72.0,60.0,53.0,76.0,58.0,95.0,93.0,66.0,68.0,58.0,88.0,69.0,79.0,36.0,77.0,42.0,92.0,35.0,43.0,33.0,25.0,48.0,26.0,77.0,93.0,53.0,58.0,94.0,93.0,58.0,88.0,89.0,83.0,95.0,80.0,92.0,12,0,0,11,0,1,,,,,,3.0,,,,,1.0,3.0,,,3.0,,,,,,,,,,,3.0,,3.0,,,,,3.0,3.0,3.0,3.0,,3.0,,3.0,,29.0,587.0,118.0,181.0,20.0,16.0,34.0,11.0,54.0,86.0,0.0,2.0,10.0,16.0,32.0,149.0,28.0,20.2,4.1,6.2,0.7,0.6,1.2,0.4,1.1,5.1,1.0,0.63,0.64,0.0,0.62,7.2,11.1,1.2,1.0,2.1,0.7,2.0,9.1,1.7,0.63,0.64,0.0,0.62,0.63,0.63,0.31,0.2,60.0,70.0,42.0,221.0,189.0,221.0,67.0,224.0,90.0,34.0,33.0,50.0,72.0,58.0,41.0,57.0,194.0,217.0,221.0,43.0,216.0,20.0,3.0,67.0,42.0,43.0,122.0
74,Willis Reed,Knicks,C,PF,"6'9""",,4.04,,,,,✅,,,,,,✅,✅,,100.0,89.0,101.0,117.0,-39.0,139.0,68.0,6.0,206.0,70.0,36.0,78.0,28.0,,,,,,,,,,,1 S9,,,1,,,,,1,1,8.3,-1.03,0.64,0.0,0.0,1.04,0.77,0.8,2.0,12.3,0.8,1.6,0.0,25.0,30.6,94.0,56.0,95.0,73.0,90.0,,86.0,97.0,88.0,54.0,79.0,97.0,98.0,82.0,73.0,56.0,92.0,85.0,98.0,95.0,77.0,90.0,88.0,95.0,85.0,94.0,85.0,96.0,82.0,95.0,53.0,50.0,51.0,58.0,55.0,49.0,85.0,95.0,56.0,78.0,94.0,94.0,82.0,95.0,96.0,97.0,94.0,40.0,95.0,19,0,0,16,3,0,,,,3.0,,3.0,2.0,3.0,2.0,2.0,3.0,3.0,3.0,,3.0,3.0,,,,,,,,,,3.0,,3.0,,,,,3.0,,3.0,3.0,3.0,3.0,,3.0,,25.0,764.0,177.0,261.0,18.0,16.0,33.0,9.0,80.0,128.0,0.0,1.0,17.0,22.0,51.0,210.0,30.0,30.6,7.1,10.4,0.7,0.6,1.3,0.4,2.0,8.4,1.2,0.62,0.63,0.0,0.77,8.3,12.3,0.8,0.8,1.6,0.4,2.4,9.9,1.4,0.62,0.63,0.0,0.77,0.62,0.64,0.34,0.23,61.0,66.0,28.0,204.0,118.0,179.0,34.0,224.0,90.0,29.0,33.0,31.0,35.0,92.0,43.0,65.0,194.0,147.0,206.0,28.0,228.0,69.0,21.0,12.0,31.0,27.0,55.0
135,Shawn Kemp,Thunder,PF,C,"6'10""",,3.95,,,,,,,,,,,✅,,D<85,227.0,168.0,196.0,202.0,137.0,90.0,48.0,4.0,169.0,49.0,36.0,83.0,57.0,,,,,,,,,,,1 S9,,,,2,,,,,,11.0,-0.63,0.74,0.0,0.0,1.55,0.72,0.7,0.83,9.8,1.1,1.4,0.0,29.0,25.7,90.0,53.0,82.0,80.0,75.0,,79.0,85.0,79.0,53.0,74.0,98.0,85.0,88.0,80.0,73.0,85.0,95.0,98.0,98.0,85.0,89.0,77.0,97.0,96.0,77.0,85.0,90.0,95.0,98.0,50.0,38.0,62.0,72.0,37.0,43.0,75.0,82.0,53.0,63.0,77.0,85.0,83.0,85.0,87.0,85.0,88.0,50.0,95.0,11,0,2,9,0,0,,,,3.0,,4.0,3.0,,3.0,,4.0,3.0,,,3.0,,,,3.0,,,3.0,,,,,,3.0,,,,,,,,,,3.0,,,,29.0,744.0,227.0,202.0,15.0,22.0,28.0,18.0,102.0,139.0,0.0,1.0,23.0,32.0,29.0,173.0,47.0,25.7,7.8,7.0,0.5,0.8,1.0,0.6,1.0,6.0,1.6,0.73,0.74,0.0,0.72,11.0,9.8,0.7,1.1,1.4,0.9,1.4,8.4,2.3,0.73,0.74,0.0,0.72,0.73,0.74,0.27,0.31,14.0,14.0,57.0,160.0,158.0,166.0,59.0,230.0,29.0,43.0,90.0,55.0,60.0,165.0,13.0,17.0,194.0,185.0,169.0,57.0,233.0,11.0,33.0,114.0,57.0,53.0,221.0
65,Paul Pierce,Celtics,SF,PF,"6'7""",,3.91,,,,,,,,,,,,,,64.0,69.0,69.0,66.0,-50.0,114.0,18.0,5.0,62.0,14.0,10.0,26.0,18.0,,,,,2 S9,,,,,,,,2,,2,,,,,2,19.5,0.64,0.5,3.2,0.29,2.98,0.75,3.2,3.75,5.1,1.1,0.0,1.0,29.0,35.0,94.0,91.0,69.0,81.0,25.0,,93.0,92.0,92.0,92.0,84.0,98.0,98.0,84.0,81.0,91.0,85.0,70.0,96.0,76.0,86.0,76.0,89.0,45.0,75.0,52.0,90.0,79.0,77.0,97.0,78.0,70.0,82.0,75.0,95.0,70.0,78.0,69.0,91.0,74.0,50.0,89.0,85.0,90.0,73.0,72.0,74.0,98.0,95.0,9,0,0,8,0,1,3.0,3.0,,,3.0,,3.0,,3.0,,3.0,,,,,,,,,,,,,,,,1.0,,,,,,,3.0,,,,,3.0,,,29.0,1014.0,550.0,144.0,90.0,31.0,0.0,24.0,198.0,516.0,91.0,316.0,63.0,84.0,14.0,130.0,40.0,35.0,19.0,5.0,3.1,1.1,0.0,0.8,0.5,4.5,1.4,0.38,0.54,0.29,0.75,19.5,5.1,3.2,1.1,0.0,0.9,0.5,4.6,1.4,0.38,0.54,0.29,0.75,0.47,0.5,0.14,0.54,199.0,205.0,104.0,62.0,45.0,52.0,87.0,75.0,6.0,195.0,130.0,80.0,84.0,129.0,208.0,142.0,133.0,165.0,62.0,104.0,109.0,11.0,206.0,114.0,86.0,109.0,55.0
266,Bam Adebayo,,C,PF,"6'9""",2-Way 3-Level Cleaner,3.9,,,,,✅,✅,,,,,✅,,,201.0,159.0,170.0,138.0,41.0,160.0,74.0,7.0,210.0,71.0,28.0,48.0,71.0,,,,,,,,,,,1 S8,1,,1,,1,,1,1,2,8.1,-1.06,0.68,0.2,0.35,1.66,0.63,1.7,2.81,7.9,0.9,0.5,0.0,29.0,32.2,88.0,88.0,90.0,74.0,85.0,,77.0,88.0,81.0,78.0,77.0,70.0,70.0,85.0,74.0,84.0,85.0,83.0,92.0,90.0,90.0,80.0,84.0,85.0,80.0,80.0,82.0,82.0,60.0,90.0,66.0,72.0,69.0,66.0,74.0,50.0,78.0,90.0,88.0,43.0,58.0,94.0,80.0,95.0,72.0,57.0,86.0,70.0,95.0,24,0,0,6,13,5,,,,,,2.0,1.0,2.0,2.0,2.0,1.0,2.0,2.0,,2.0,2.0,,1.0,2.0,3.0,,,2.0,,1.0,,,3.0,,3.0,,2.0,3.0,,3.0,2.0,1.0,2.0,,3.0,,29.0,933.0,209.0,204.0,45.0,24.0,12.0,16.0,88.0,135.0,6.0,17.0,27.0,43.0,16.0,188.0,40.0,32.2,7.2,7.0,1.6,0.8,0.4,0.6,0.6,6.5,1.4,0.65,0.7,0.35,0.63,8.1,7.9,1.7,0.9,0.5,0.6,0.6,7.3,1.5,0.65,0.7,0.35,0.63,0.67,0.68,0.22,0.22,33.0,38.0,72.0,210.0,98.0,176.0,59.0,167.0,29.0,92.0,90.0,72.0,50.0,129.0,34.0,32.0,84.0,216.0,210.0,73.0,197.0,38.0,90.0,39.0,81.0,72.0,71.0
388,Kirk Hinrich,,PG,SG,"6'4""",,3.9,,,,,,,🟡,,✅,,,,,245.0,246.0,198.0,232.0,92.0,153.0,57.0,7.0,114.0,63.0,31.0,31.0,55.0,,,,,,,1 S9,2 S9,1 S9,,,,,,1,,,,,,14.3,-0.14,0.51,3.0,0.36,1.56,1.0,6.2,7.27,2.7,1.0,0.2,0.0,29.0,15.9,82.0,89.0,34.0,86.0,10.0,,73.0,75.0,81.0,89.0,90.0,71.0,30.0,78.0,86.0,89.0,39.0,70.0,95.0,95.0,70.0,48.0,82.0,25.0,25.0,30.0,46.0,28.0,55.0,95.0,86.0,95.0,86.0,86.0,74.0,90.0,75.0,34.0,89.0,93.0,30.0,95.0,92.0,95.0,41.0,32.0,50.0,50.0,89.0,12,0,0,2,8,2,,3.0,,,1.0,,,,,,,,,,,,,,,2.0,,,2.0,2.0,2.0,3.0,2.0,,2.0,2.0,,2.0,,1.0,,,,,,,,29.0,462.0,183.0,35.0,80.0,13.0,3.0,11.0,62.0,170.0,39.0,110.0,20.0,20.0,1.0,34.0,13.0,15.9,6.3,1.2,2.8,0.4,0.1,0.4,0.0,1.2,0.4,0.36,0.38,0.36,1.0,14.3,2.7,6.2,1.0,0.2,0.9,0.1,2.6,1.0,0.36,0.38,0.36,1.0,0.48,0.51,0.08,0.4,193.0,195.0,169.0,109.0,225.0,194.0,223.0,98.0,159.0,155.0,33.0,217.0,219.0,2.0,219.0,229.0,81.0,1.0,114.0,189.0,35.0,20.0,150.0,114.0,196.0,180.0,9.0
67,Dennis Johnson,Suns,PG,SG,"6'4""",,3.86,,,,✅,,,,,🟡,,,✅,faded:Driver/Fouls/Glue,86.0,77.0,72.0,74.0,-113.0,199.0,80.0,9.0,201.0,91.0,91.0,4.0,42.0,,,,1 S7f,1 S7f,,2 S9,2 S7f,1 S7f,,,,1,,1,2,1,,,1,8.6,-0.99,0.51,0.2,0.18,2.42,0.77,9.1,7.09,2.9,0.3,0.3,0.0,27.0,35.3,94.0,97.0,73.0,88.0,10.0,,85.0,95.0,88.0,68.0,82.0,98.0,80.0,84.0,88.0,97.0,67.0,75.0,91.0,87.0,85.0,61.0,93.0,31.0,31.0,46.0,66.0,60.0,75.0,87.0,88.0,92.0,89.0,88.0,94.0,78.0,81.0,73.0,97.0,71.0,49.0,97.0,81.0,98.0,49.0,47.0,50.0,84.0,,18,0,4,12,1,1,,,,,,,3.0,,3.0,,1.0,,,,,,3.0,3.0,,3.0,3.0,2.0,3.0,3.0,3.0,4.0,3.0,,3.0,4.0,3.0,4.0,,4.0,,,,,,,,27.0,954.0,227.0,77.0,241.0,8.0,7.0,34.0,87.0,195.0,4.0,22.0,49.0,64.0,8.0,69.0,50.0,35.3,8.4,2.9,8.9,0.3,0.3,1.3,0.3,2.6,1.9,0.45,0.48,0.18,0.77,8.6,2.9,9.1,0.3,0.3,1.3,0.3,2.6,1.9,0.45,0.48,0.18,0.77,0.46,0.51,0.08,0.24,211.0,201.0,169.0,200.0,38.0,152.0,145.0,2.0,197.0,108.0,204.0,96.0,149.0,208.0,147.0,198.0,176.0,156.0,201.0,176.0,4.0,224.0,124.0,183.0,118.0,180.0,174.0
105,Dave DeBusschere,Knicks,PF,,,,3.83,,,,,,,,,,,✅,,,,,,,,126.0,61.0,6.0,158.0,42.0,10.0,20.0,68.0,,,,,,,,,,2 S9,1 S9,,,,,,,,,,11.5,-0.55,0.58,1.6,0.35,1.75,0.85,2.3,6.75,8.4,1.1,0.7,0.0,29.0,29.1,,,,,75.0,,,,,,,,,,,,,,,,,,,,,,,,,,,,,,,,,,,,,,,,,,,,,0,0,0,0,0,0,,,,,,,,,,,,,,,,,,,,,,,,,,,,,,,,,,,,,,,,,,29.0,845.0,270.0,198.0,54.0,26.0,16.0,8.0,99.0,215.0,37.0,105.0,35.0,41.0,17.0,181.0,36.0,29.1,9.3,6.8,1.9,0.9,0.6,0.3,0.6,6.2,1.2,0.46,0.56,0.35,0.85,11.5,8.4,2.3,1.1,0.7,0.3,0.7,7.7,1.5,0.46,0.56,0.35,0.85,0.55,0.58,0.23,0.32,122.0,124.0,68.0,157.0,130.0,139.0,65.0,147.0,18.0,69.0,16.0,72.0,58.0,92.0,135.0,112.0,86.0,68.0,158.0,68.0,162.0,11.0,75.0,6.0,71.0,63.0,71.0
348,Doug Christie,Raptors,SG,SF,"6'6""",,3.8,,,,,,,🟡,,,,,,,,237.0,195.0,238.0,,185.0,73.0,8.0,139.0,73.0,31.0,59.0,70.0,,,2 S9,,,,,2 S9,2 S9,,,,,,,,,,,2,12.9,-0.35,0.57,3.0,0.38,0.69,0.88,4.2,6.93,2.5,0.8,0.2,0.0,29.0,30.8,84.0,86.0,55.0,76.0,10.0,,88.0,83.0,88.0,88.0,84.0,98.0,85.0,75.0,76.0,81.0,50.0,70.0,83.0,86.0,77.0,64.0,78.0,47.0,75.0,45.0,55.0,33.0,84.0,98.0,78.0,78.0,79.0,80.0,79.0,75.0,73.0,55.0,86.0,82.0,52.0,82.0,75.0,80.0,56.0,59.0,53.0,68.0,89.0,8,0,0,6,2,0,,3.0,,,,,,,,,,,,,,,,,,2.0,,,,,2.0,3.0,3.0,,,3.0,,3.0,,3.0,,,,,,,,29.0,893.0,319.0,62.0,104.0,20.0,5.0,15.0,115.0,271.0,74.0,193.0,15.0,17.0,1.0,61.0,34.0,30.8,11.0,2.1,3.6,0.7,0.2,0.5,0.0,2.1,1.2,0.42,0.53,0.38,0.88,12.9,2.5,4.2,0.8,0.2,0.6,0.0,2.5,1.4,0.42,0.53,0.38,0.88,0.56,0.57,0.07,0.36,111.0,132.0,193.0,134.0,117.0,110.0,175.0,60.0,59.0,131.0,63.0,217.0,168.0,92.0,176.0,151.0,57.0,43.0,139.0,204.0,67.0,69.0,150.0,39.0,224.0,186.0,55.0
250,Don Ohl,,PG,SG,"6'3""",,3.78,,,,,,,,🟡,✅,,,,D<85,230.0,225.0,182.0,217.0,,,,,,,,,,,,,2 S8,2 S8,2 S8,1 S8,,1 S8,,,,,,2,,,,,,8.2,-1.05,0.51,0.0,0.0,3.56,0.7,6.1,5.67,3.2,0.4,1.1,0.0,11.0,9.2,87.0,84.0,35.0,84.0,20.0,,89.0,89.0,88.0,84.0,78.0,98.0,95.0,80.0,84.0,82.0,49.0,75.0,94.0,95.0,83.0,64.0,87.0,25.0,70.0,45.0,44.0,55.0,88.0,98.0,80.0,85.0,86.0,80.0,85.0,62.0,73.0,35.0,84.0,72.0,67.0,84.0,85.0,85.0,51.0,50.0,52.0,98.0,92.0,15,0,0,8,6,1,,,1.0,,,,3.0,,3.0,,,,,,,,,3.0,3.0,,2.0,2.0,2.0,2.0,3.0,,,2.0,3.0,,3.0,,,3.0,,,,,,2.0,,11.0,101.0,23.0,9.0,17.0,1.0,3.0,3.0,8.0,18.0,0.0,1.0,7.0,10.0,1.0,8.0,5.0,9.2,2.1,0.8,1.5,0.1,0.3,0.3,0.1,0.7,0.5,0.44,0.47,0.0,0.7,8.2,3.2,6.1,0.4,1.1,1.1,0.4,2.9,1.8,,,,,0.44,0.51,0.09,0.23,,,,,,,,,,,,,,,,,,,,,,,,,,,
98,Richie Guerin,,SG,PG,"6'4""",,3.78,,,,,,,,,✅,,,,faded:Driver/Fouls/Scoring PG,136.0,127.0,122.0,124.0,-53.0,189.0,75.0,9.0,146.0,76.0,79.0,55.0,8.0,,,,2 S8f,1 S7f,2 S8f,1 S8,2 S8f,1 S8,,,,2,,1,,,,,,12.6,-0.39,0.53,1.0,0.28,2.78,0.88,4.8,5.0,4.2,0.5,0.0,0.0,26.0,28.9,92.0,88.0,63.0,89.0,20.0,,91.0,90.0,89.0,86.0,85.0,98.0,95.0,90.0,89.0,90.0,85.0,88.0,98.0,97.0,81.0,76.0,86.0,55.0,65.0,69.0,75.0,70.0,95.0,95.0,84.0,82.0,86.0,83.0,86.0,84.0,76.0,63.0,88.0,67.0,45.0,89.0,89.0,90.0,80.0,79.0,80.0,83.0,95.0,12,0,0,7,5,0,,2.0,,,3.0,,3.0,,3.0,,2.0,,,,,,,,,,,2.0,3.0,3.0,,2.0,,,3.0,,2.0,,,,,,,,3.0,,,26.0,751.0,263.0,88.0,100.0,11.0,0.0,20.0,96.0,223.0,20.0,71.0,51.0,58.0,8.0,80.0,34.0,28.9,10.1,3.4,3.8,0.4,0.0,0.8,0.3,3.1,1.3,0.43,0.5,0.28,0.88,12.6,4.2,4.8,0.5,0.0,1.0,0.4,3.8,1.6,0.43,0.5,0.28,0.88,0.48,0.53,0.12,0.35,197.0,180.0,119.0,142.0,134.0,126.0,127.0,51.0,159.0,195.0,130.0,96.0,127.0,107.0,173.0,184.0,134.0,46.0,146.0,125.0,61.0,184.0,206.0,136.0,94.0,126.0,102.0
80,Chris Webber,Kings,PF,C,"6'9""",,3.74,,,,,,,,,,,,,D<85,97.0,97.0,92.0,97.0,11.0,86.0,45.0,4.0,100.0,19.0,36.0,10.0,62.0,,,,,2 S9,,,,,,2 S9,,,,2,,,,,,15.7,0.07,0.57,0.0,0.11,2.95,0.77,3.3,5.33,9.2,0.7,0.9,0.0,29.0,36.2,93.0,53.0,78.0,79.0,50.0,,85.0,97.0,90.0,66.0,80.0,80.0,95.0,81.0,79.0,53.0,88.0,85.0,98.0,80.0,85.0,90.0,84.0,95.0,85.0,90.0,84.0,94.0,89.0,98.0,76.0,78.0,75.0,75.0,88.0,65.0,75.0,78.0,53.0,82.0,89.0,79.0,70.0,75.0,92.0,92.0,92.0,95.0,95.0,14,0,0,13,1,0,,,,3.0,,3.0,,,,3.0,3.0,3.0,3.0,,3.0,3.0,,,3.0,,,,,,,,,3.0,,,,,,,,3.0,3.0,2.0,,3.0,,29.0,1050.0,457.0,267.0,96.0,19.0,26.0,18.0,195.0,362.0,1.0,9.0,66.0,86.0,33.0,234.0,48.0,36.2,15.8,9.2,3.3,0.7,0.9,0.6,1.1,8.1,1.7,0.54,0.55,0.11,0.77,15.7,9.2,3.3,0.7,0.9,0.6,1.1,8.0,1.6,0.54,0.55,0.11,0.77,0.54,0.57,0.25,0.44,135.0,135.0,62.0,97.0,15.0,73.0,40.0,67.0,59.0,50.0,90.0,50.0,38.0,183.0,73.0,129.0,186.0,154.0,100.0,62.0,105.0,109.0,65.0,39.0,63.0,61.0,102.0
90,Chauncey Billups,Pistons,PG,SG,"6'3""",,3.74,,,,✅,,,,,✅,,,,faded:Scoring PG,83.0,101.0,107.0,96.0,-137.0,220.0,89.0,10.0,128.0,69.0,60.0,35.0,81.0,,,,,,2 S8f,1 S9,,1 S9,,,,1,,1,,1,,,2,13.4,-0.27,0.46,1.7,0.22,2.45,0.84,5.9,2.96,2.2,0.6,0.1,0.0,32.0,29.0,93.0,94.0,58.0,88.0,10.0,,91.0,87.0,88.0,88.0,87.0,98.0,95.0,86.0,88.0,95.0,80.0,72.0,93.0,95.0,80.0,53.0,92.0,25.0,25.0,38.0,44.0,40.0,77.0,81.0,91.0,94.0,88.0,89.0,91.0,92.0,75.0,58.0,94.0,63.0,30.0,88.0,95.0,95.0,41.0,32.0,50.0,69.0,95.0,21,0,0,21,0,0,3.0,3.0,,,3.0,,3.0,,3.0,,3.0,,,,,,3.0,3.0,,3.0,3.0,3.0,3.0,3.0,3.0,3.0,3.0,,3.0,3.0,3.0,3.0,,3.0,,,,,,,,32.0,927.0,345.0,56.0,151.0,16.0,2.0,51.0,124.0,351.0,44.0,197.0,53.0,63.0,3.0,53.0,29.0,29.0,10.8,1.8,4.7,0.5,0.1,1.6,0.1,1.7,0.9,0.35,0.52,0.22,0.84,13.4,2.2,5.9,0.6,0.1,2.0,0.1,2.1,1.1,0.35,0.52,0.22,0.84,0.42,0.46,0.06,0.37,224.0,224.0,213.0,128.0,132.0,112.0,195.0,34.0,126.0,155.0,218.0,173.0,193.0,42.0,225.0,162.0,163.0,81.0,128.0,216.0,39.0,154.0,170.0,223.0,196.0,213.0,14.0
139,World B. Free,Clippers,PG,SG,"6'2""",,3.73,,,,,,,,,✅,,,,D<85,264.0,,,289.0,96.0,168.0,65.0,8.0,74.0,43.0,69.0,18.0,14.0,,,,2 S9,1 S9,,1 S7,,1 S9,,,,,,1,,,,,,18.1,0.43,0.45,1.4,0.23,3.88,0.78,6.8,3.42,3.7,0.4,0.3,0.0,22.0,15.6,89.0,74.0,35.0,85.0,25.0,,90.0,92.0,92.0,93.0,81.0,85.0,98.0,84.0,85.0,79.0,68.0,92.0,95.0,90.0,82.0,67.0,94.0,25.0,88.0,45.0,70.0,30.0,90.0,95.0,86.0,92.0,83.0,80.0,89.0,84.0,66.0,35.0,74.0,70.0,50.0,76.0,74.0,80.0,44.0,48.0,39.0,95.0,92.0,9,0,0,3,6,0,3.0,3.0,,,3.0,,2.0,,2.0,,,,,,,,,,,,2.0,2.0,2.0,2.0,,,,,,,,,,,,,,,,,,22.0,343.0,172.0,35.0,65.0,4.0,3.0,19.0,65.0,176.0,13.0,56.0,29.0,37.0,2.0,33.0,23.0,15.6,7.8,1.6,3.0,0.2,0.1,0.9,0.1,1.5,1.0,0.37,0.43,0.23,0.78,18.1,3.7,6.8,0.4,0.3,2.0,0.2,3.5,2.4,0.37,0.43,0.23,0.78,0.41,0.45,0.1,0.5,228.0,227.0,137.0,74.0,228.0,166.0,205.0,80.0,219.0,155.0,154.0,173.0,204.0,58.0,218.0,222.0,161.0,138.0,74.0,137.0,20.0,211.0,124.0,223.0,158.0,136.0,226.0
31,Steve Nash,Suns,PG,,"6'3""",,3.69,,,,,,,,🟡,✅,,,,D<85,59.0,59.0,82.0,69.0,-64.0,123.0,44.0,6.0,109.0,61.0,51.0,9.0,37.0,,,,,,2 S9,1 S9,,1 S9,,,,,,1,,,,,2,14.6,-0.09,0.54,2.1,0.32,2.88,0.89,7.9,5.26,3.0,0.9,0.0,0.0,28.0,32.6,96.0,80.0,25.0,93.0,0.0,,95.0,94.0,94.0,94.0,91.0,98.0,98.0,82.0,93.0,87.0,50.0,65.0,98.0,98.0,82.0,52.0,97.0,25.0,25.0,28.0,25.0,30.0,88.0,98.0,96.0,98.0,93.0,94.0,99.0,98.0,70.0,25.0,80.0,88.0,30.0,87.0,92.0,90.0,60.0,59.0,61.0,68.0,,11,0,4,7,0,0,3.0,,,,3.0,,3.0,,3.0,,,,,,,,3.0,,,4.0,3.0,3.0,4.0,4.0,4.0,,,,,,,,,,,,,,,,,28.0,914.0,370.0,76.0,200.0,23.0,0.0,38.0,126.0,312.0,53.0,167.0,65.0,73.0,5.0,71.0,32.0,32.6,13.2,2.7,7.1,0.8,0.0,1.4,0.2,2.5,1.1,0.4,0.5,0.32,0.89,14.6,3.0,7.9,0.9,0.0,1.5,0.2,2.8,1.3,0.4,0.5,0.32,0.89,0.49,0.54,0.08,0.4,184.0,174.0,169.0,109.0,88.0,90.0,156.0,8.0,29.0,195.0,211.0,131.0,152.0,74.0,199.0,180.0,113.0,42.0,109.0,169.0,10.0,38.0,206.0,201.0,158.0,173.0,35.0
22,Chris Paul,,PG,,"6'0""",,3.62,,,,,,,,,✅,,,✅,<6'2 faded:Driver/Fouls/Scoring PG,39.0,55.0,36.0,37.0,-162.0,201.0,81.0,9.0,131.0,71.0,73.0,24.0,90.0,,,,1 S8f,1 S8f,1 S8f,1 S8,,1 S8,,,,2,,1,,,,,1,13.2,-0.3,0.52,1.3,0.39,2.06,0.84,6.4,3.04,2.0,0.8,0.0,0.0,24.0,32.1,97.0,95.0,65.0,96.0,0.0,,93.0,98.0,95.0,83.0,85.0,98.0,98.0,87.0,96.0,96.0,68.0,88.0,97.0,85.0,77.0,59.0,97.0,25.0,27.0,40.0,55.0,48.0,88.0,95.0,96.0,96.0,92.0,96.0,98.0,98.0,82.0,65.0,95.0,98.0,35.0,93.0,96.0,95.0,45.0,34.0,55.0,80.0,99.0,22,0,3,11,6,2,2.0,,4.0,2.0,2.0,,4.0,,3.0,,,,,,,,3.0,3.0,1.0,3.0,3.0,3.0,2.0,2.0,3.0,2.0,4.0,,3.0,3.0,1.0,3.0,,3.0,,,,,,,,24.0,770.0,283.0,43.0,137.0,17.0,1.0,45.0,109.0,252.0,28.0,71.0,37.0,44.0,3.0,40.0,28.0,32.1,11.8,1.8,5.7,0.7,0.0,1.9,0.1,1.7,1.2,0.43,0.45,0.39,0.84,13.2,2.0,6.4,0.8,0.0,2.1,0.1,1.9,1.3,0.43,0.45,0.39,0.84,0.49,0.52,0.06,0.37,187.0,182.0,213.0,128.0,102.0,105.0,195.0,20.0,59.0,195.0,227.0,173.0,193.0,92.0,168.0,216.0,49.0,81.0,131.0,225.0,26.0,69.0,206.0,227.0,196.0,221.0,35.0
155,Jerry Stackhouse,,SG,SF,"6'6""",,3.62,,,,,,,,,,,,,D<85 faded:Scorer,100.0,139.0,108.0,106.0,-34.0,134.0,49.0,6.0,42.0,26.0,47.0,74.0,63.0,,2 S7f,,2 S9,1 S7,,,,,,,,,,2,,,,,,23.0,1.16,0.51,2.3,0.27,3.62,0.85,3.2,2.15,2.6,0.6,0.1,0.0,29.0,28.1,89.0,78.0,70.0,84.0,30.0,,91.0,95.0,90.0,80.0,85.0,98.0,98.0,86.0,84.0,78.0,74.0,93.0,98.0,92.0,80.0,83.0,92.0,55.0,90.0,78.0,82.0,74.0,95.0,96.0,76.0,68.0,82.0,81.0,79.0,70.0,73.0,70.0,78.0,74.0,54.0,80.0,82.0,75.0,46.0,51.0,41.0,60.0,92.0,6,0,0,2,3,1,3.0,,,,2.0,,2.0,,2.0,,3.0,,,,,,,,,,,1.0,,,,,,,,,,,,,,,,,,,,29.0,816.0,522.0,59.0,73.0,14.0,3.0,34.0,200.0,476.0,52.0,191.0,70.0,82.0,4.0,55.0,28.0,28.1,18.0,2.0,2.5,0.5,0.1,1.2,0.1,1.9,1.0,0.42,0.52,0.27,0.85,23.0,2.6,3.2,0.6,0.1,1.5,0.2,2.4,1.2,0.42,0.52,0.27,0.85,0.48,0.51,0.07,0.64,197.0,198.0,193.0,40.0,142.0,58.0,181.0,114.0,126.0,155.0,187.0,173.0,178.0,58.0,179.0,162.0,139.0,68.0,42.0,197.0,109.0,154.0,170.0,201.0,158.0,197.0,21.0
84,Dennis Rodman,Bulls,PF,SF,"6'7""",,3.3,,,,,✅,,,,,,✅,,,149.0,93.0,163.0,151.0,-28.0,177.0,78.0,8.0,231.0,83.0,36.0,26.0,60.0,,,,,,,,,,,1 S9,,,1,2,,,,1,2,5.0,-1.53,0.7,0.0,,1.78,0.69,2.2,5.0,9.4,0.7,0.1,0.0,21.0,15.4,93.0,77.0,98.0,78.0,95.0,,76.0,86.0,65.0,62.0,65.0,97.0,80.0,88.0,78.0,77.0,86.0,88.0,98.0,99.0,88.0,75.0,55.0,95.0,70.0,75.0,48.0,79.0,79.0,98.0,55.0,61.0,45.0,50.0,61.0,59.0,82.0,98.0,77.0,57.0,50.0,98.0,98.0,98.0,99.0,99.0,98.0,83.0,95.0,11,1,3,6,1,0,,,,,,3.0,,,,,,,,,,3.0,,,,,,,,,,3.0,2.0,3.0,,,,,4.0,,3.0,4.0,5.0,3.0,,4.0,,21.0,323.0,45.0,84.0,20.0,6.0,1.0,4.0,17.0,25.0,0.0,0.0,11.0,16.0,15.0,69.0,16.0,15.4,2.1,4.0,1.0,0.3,0.0,0.2,0.7,3.3,0.8,0.68,0.68,,0.69,5.0,9.4,2.2,0.7,0.1,0.4,1.7,7.7,1.8,0.68,0.68,,0.69,0.68,0.7,0.26,0.14,30.0,27.0,60.0,231.0,230.0,232.0,108.0,211.0,197.0,195.0,4.0,67.0,120.0,29.0,24.0,39.0,,201.0,231.0,60.0,171.0,109.0,170.0,12.0,50.0,63.0,153.0
147,Jack Sikma,,C,,"6'11""",,3.3,,,,,✅,,,,,,✅,✅,,190.0,188.0,185.0,235.0,,,,,,,,,,,,,,,,,,,,1 S8,,,1,,,,,1,1,8.2,-1.05,0.74,0.1,1.0,1.58,0.76,1.1,4.0,13.6,0.8,1.5,0.0,29.0,13.4,89.0,44.0,91.0,53.0,50.0,,86.0,90.0,88.0,75.0,86.0,98.0,80.0,77.0,53.0,44.0,92.0,70.0,97.0,95.0,88.0,82.0,74.0,85.0,65.0,87.0,88.0,88.0,70.0,95.0,55.0,60.0,42.0,25.0,78.0,69.0,77.0,91.0,44.0,64.0,80.0,92.0,80.0,85.0,91.0,88.0,93.0,55.0,92.0,16,0,0,10,4,2,,,,3.0,,3.0,,2.0,,3.0,,2.0,3.0,,2.0,1.0,,,1.0,,,,,,,3.0,,2.0,,,,,3.0,,3.0,3.0,3.0,3.0,,,,29.0,388.0,88.0,147.0,12.0,9.0,16.0,3.0,37.0,52.0,1.0,1.0,13.0,17.0,26.0,121.0,15.0,13.4,3.0,5.1,0.4,0.3,0.6,0.1,0.9,4.2,0.5,0.71,0.71,1.0,0.76,8.2,13.6,1.1,0.8,1.5,0.3,2.4,11.2,1.4,,,,,0.72,0.74,0.38,0.23,,,,,,,,,,,,,,,,,,,,,,,,,,,
141,Eddie Jones,Hornets,SG,SF,"6'6""",,3.23,,,,,,,,,,,,✅,faded:Glue,80.0,94.0,83.0,77.0,-79.0,159.0,59.0,7.0,86.0,51.0,25.0,98.0,42.0,,,2 S9,,,,,2 S8f,,,,,2,,2,,,,,1,17.0,0.27,0.6,3.4,0.4,2.23,0.73,2.1,3.63,2.9,0.5,0.3,1.0,29.0,35.0,89.0,93.0,60.0,80.0,35.0,,90.0,88.0,85.0,92.0,84.0,98.0,95.0,85.0,80.0,94.0,60.0,84.0,93.0,95.0,88.0,67.0,83.0,50.0,85.0,29.0,75.0,55.0,75.0,85.0,76.0,72.0,88.0,80.0,72.0,70.0,84.0,60.0,93.0,96.0,52.0,94.0,95.0,95.0,43.0,41.0,45.0,60.0,92.0,17,0,0,9,7,1,2.0,2.0,,,1.0,,2.0,,2.0,,2.0,,,,,,2.0,,,,3.0,2.0,3.0,3.0,,3.0,3.0,,,3.0,,3.0,,3.0,,,,,3.0,,,29.0,1015.0,478.0,82.0,58.0,14.0,9.0,16.0,168.0,368.0,96.0,241.0,46.0,63.0,4.0,78.0,51.0,35.0,16.5,2.8,2.0,0.5,0.3,0.6,0.1,2.7,1.8,0.46,0.57,0.4,0.73,17.0,2.9,2.1,0.5,0.3,0.6,0.1,2.8,1.8,0.46,0.57,0.4,0.73,0.59,0.6,0.08,0.47,88.0,97.0,169.0,86.0,45.0,67.0,149.0,138.0,126.0,108.0,90.0,173.0,143.0,196.0,139.0,109.0,43.0,176.0,86.0,176.0,176.0,184.0,124.0,39.0,196.0,173.0,153.0
50,David Thompson,,SG,SF,"6'4""",,3.2,,,,,,,🟡,,,,,,,129.0,126.0,142.0,101.0,-50.0,179.0,69.0,8.0,146.0,76.0,85.0,51.0,19.0,,,,,,,,2 S9,1 S9,,,,,,1,,,,,2,12.6,-0.39,0.5,0.4,0.22,1.8,0.86,5.0,4.66,3.6,0.7,1.1,0.0,29.0,33.8,95.0,88.0,60.0,95.0,20.0,,91.0,97.0,88.0,77.0,85.0,98.0,98.0,91.0,95.0,88.0,78.0,99.0,98.0,98.0,82.0,86.0,98.0,85.0,98.0,66.0,75.0,74.0,96.0,98.0,82.0,78.0,82.0,76.0,88.0,85.0,82.0,60.0,88.0,68.0,85.0,95.0,85.0,95.0,79.0,80.0,78.0,83.0,99.0,7,0,1,5,1,0,,,,,,3.0,3.0,,3.0,,3.0,,,4.0,,,,,,,,2.0,,,,,,,,,,,,,,,,,,3.0,,29.0,981.0,344.0,98.0,135.0,19.0,31.0,29.0,146.0,326.0,10.0,46.0,42.0,49.0,8.0,90.0,68.0,33.8,11.9,3.4,4.7,0.7,1.1,1.0,0.3,3.1,2.3,0.45,0.49,0.22,0.86,12.6,3.6,5.0,0.7,1.1,1.1,0.3,3.3,2.5,0.45,0.49,0.22,0.86,0.46,0.5,0.1,0.35,208.0,208.0,137.0,142.0,71.0,103.0,127.0,34.0,59.0,37.0,169.0,96.0,127.0,228.0,146.0,194.0,164.0,62.0,146.0,146.0,57.0,109.0,54.0,151.0,118.0,145.0,228.0
344,P.J. Brown,1996-97 Heat,C,,"7'1""",,3.2,,,,,✅,,,,,,✅,✅,,239.0,,,270.0,,,,,,,,,,,,,,,,,,,,1 S7,,,1,,,,,1,1,4.8,,0.74,0.0,,1.48,0.75,1.9,5.0,7.4,1.5,0.4,0.0,14.0,6.9,84.0,58.0,90.0,64.0,99.0,,63.0,77.0,75.0,26.0,73.0,75.0,50.0,73.0,64.0,58.0,80.0,74.0,87.0,75.0,76.0,69.0,69.0,95.0,79.0,65.0,52.0,66.0,70.0,58.0,39.0,40.0,35.0,25.0,64.0,31.0,77.0,90.0,58.0,58.0,75.0,92.0,75.0,90.0,91.0,93.0,89.0,70.0,89.0,13,0,0,9,4,0,,,,3.0,,3.0,,,,,,2.0,,,2.0,2.0,,,3.0,,,,,,,3.0,,3.0,,,,,3.0,,3.0,3.0,2.0,3.0,,,,14.0,97.0,13.0,20.0,5.0,4.0,1.0,1.0,5.0,7.0,0.0,0.0,3.0,4.0,1.0,19.0,7.0,6.9,0.9,1.4,0.4,0.3,0.1,0.1,0.1,1.4,0.5,0.71,0.71,,0.75,4.8,7.4,1.9,1.5,0.4,0.4,0.4,7.1,2.6,,,,,0.71,0.74,0.21,0.13,,,,,,,,,,,,,,,,,,,,,,,,,,,
57,Jimmy Butler,Heat,SF,SG,"6'7""",,3.18,,,,,,,,,,,,,,93.0,86.0,75.0,67.0,-31.0,124.0,21.0,6.0,67.0,16.0,13.0,29.0,36.0,,,,,,,,,,,,2,2,,2,1,2,,,,18.8,0.54,0.52,2.9,0.3,2.49,0.8,3.1,4.44,4.0,0.9,0.4,0.0,27.0,34.3,93.0,90.0,80.0,84.0,70.0,,87.0,90.0,79.0,75.0,85.0,95.0,95.0,87.0,84.0,92.0,76.0,82.0,97.0,98.0,81.0,78.0,90.0,40.0,80.0,75.0,75.0,75.0,90.0,98.0,83.0,85.0,86.0,82.0,85.0,77.0,86.0,80.0,90.0,90.0,65.0,92.0,92.0,90.0,61.0,62.0,59.0,95.0,95.0,21,0,0,7,6,8,,,,,,1.0,2.0,,2.0,1.0,3.0,,,,,,,3.0,2.0,1.0,1.0,2.0,1.0,1.0,1.0,2.0,3.0,1.0,3.0,3.0,3.0,3.0,,2.0,,,,,,,,27.0,927.0,485.0,103.0,80.0,23.0,11.0,18.0,180.0,442.0,74.0,245.0,51.0,64.0,4.0,99.0,44.0,34.3,18.0,3.8,3.0,0.9,0.4,0.7,0.1,3.7,1.6,0.41,0.54,0.3,0.8,18.8,4.0,3.1,0.9,0.4,0.7,0.2,3.8,1.7,0.41,0.54,0.3,0.8,0.49,0.52,0.11,0.52,182.0,189.0,128.0,67.0,56.0,58.0,113.0,80.0,18.0,92.0,108.0,173.0,108.0,165.0,192.0,140.0,127.0,125.0,67.0,128.0,115.0,38.0,107.0,67.0,158.0,126.0,122.0
670,Ben Wallace,2003-04 Pistons,C,PF,"6'9""",,3.1,,,,,✅,,,,,,✅,,,173.0,,134.0,164.0,-5.0,178.0,79.0,8.0,230.0,82.0,36.0,29.0,54.0,,,,,,,,,,,1 S9,,,1,,,,,1,2,5.5,-1.45,0.59,0.0,0.0,1.08,0.59,2.1,6.0,10.1,0.8,1.5,0.0,29.0,25.2,89.0,61.0,98.0,65.0,99.0,,58.0,71.0,45.0,25.0,44.0,98.0,65.0,82.0,65.0,61.0,92.0,85.0,91.0,98.0,83.0,67.0,55.0,80.0,65.0,60.0,48.0,58.0,74.0,98.0,44.0,54.0,45.0,30.0,55.0,34.0,89.0,98.0,61.0,77.0,95.0,98.0,97.0,99.0,84.0,82.0,86.0,50.0,92.0,12,0,7,5,0,0,,,,,,3.0,,,,,3.0,,3.0,,,3.0,,,,,,,,,,4.0,,4.0,,,,,4.0,,4.0,4.0,4.0,3.0,,4.0,,29.0,731.0,111.0,205.0,42.0,16.0,30.0,7.0,49.0,85.0,0.0,1.0,13.0,22.0,31.0,174.0,37.0,25.2,3.8,7.1,1.4,0.6,1.0,0.2,1.1,6.0,1.3,0.58,0.58,0.0,0.59,5.5,10.1,2.1,0.8,1.5,0.3,1.5,8.6,1.8,0.58,0.58,0.0,0.59,0.58,0.59,0.28,0.15,96.0,118.0,54.0,229.0,161.0,224.0,56.0,185.0,90.0,43.0,4.0,50.0,60.0,107.0,60.0,99.0,194.0,221.0,230.0,54.0,176.0,69.0,27.0,6.0,53.0,52.0,153.0
785,Draymond Green,Warriors,PF,C,"6'7""",,3.1,,,,,✅,,🟡,,,,,,,102.0,,,139.0,-74.0,176.0,77.0,8.0,180.0,59.0,10.0,7.0,78.0,,,,,,,,2 S9,,2 S9,,,,1,,,,,1,2,10.1,-0.76,0.57,1.6,0.36,1.38,0.67,3.7,4.48,6.0,0.8,0.7,0.0,37.0,34.5,89.0,64.0,97.0,76.0,55.0,,76.0,75.0,68.0,85.0,70.0,90.0,65.0,84.0,76.0,78.0,90.0,66.0,93.0,98.0,88.0,71.0,79.0,55.0,74.0,68.0,64.0,69.0,60.0,98.0,81.0,84.0,77.0,75.0,92.0,77.0,88.0,97.0,64.0,85.0,80.0,97.0,92.0,98.0,70.0,54.0,85.0,85.0,92.0,15,0,1,4,5,5,,,,1.0,,1.0,,,,,1.0,,1.0,,,,,,3.0,2.0,,,,,2.0,4.0,,2.0,1.0,2.0,,2.0,3.0,,3.0,,,3.0,,,,37.0,1275.0,358.0,214.0,130.0,28.0,26.0,29.0,135.0,290.0,55.0,153.0,33.0,49.0,12.0,202.0,47.0,34.5,9.7,5.8,3.5,0.8,0.7,0.8,0.3,5.5,1.3,0.47,0.58,0.36,0.67,10.1,6.0,3.7,0.8,0.7,0.8,0.3,5.7,1.3,0.47,0.58,0.36,0.67,0.56,0.57,0.17,0.28,112.0,129.0,87.0,179.0,51.0,130.0,72.0,63.0,29.0,63.0,130.0,96.0,65.0,107.0,129.0,97.0,77.0,210.0,180.0,92.0,84.0,69.0,75.0,90.0,118.0,90.0,35.0
138,Maurice Lucas,,PF,C,"6'9""",,3.06,,,,,✅,,,,,,,,,193.0,164.0,188.0,204.0,60.0,133.0,63.0,6.0,202.0,68.0,36.0,68.0,52.0,,,,,,,,,,,2 S9,,,1,,,,,1,2,8.5,-1.0,0.59,0.0,0.0,1.8,0.82,1.1,2.83,10.3,1.3,1.0,0.0,29.0,19.3,90.0,64.0,92.0,73.0,50.0,,82.0,90.0,81.0,60.0,78.0,90.0,90.0,84.0,73.0,64.0,90.0,80.0,95.0,95.0,88.0,82.0,73.0,80.0,75.0,86.0,88.0,89.0,69.0,95.0,55.0,58.0,60.0,49.0,60.0,50.0,86.0,92.0,64.0,85.0,86.0,92.0,90.0,95.0,90.0,89.0,90.0,50.0,95.0,16,0,0,16,0,0,,,,3.0,,3.0,,,,,3.0,,3.0,,,3.0,,,3.0,,,,,,,3.0,3.0,3.0,,,,,3.0,3.0,3.0,3.0,3.0,3.0,,3.0,,29.0,561.0,133.0,160.0,17.0,20.0,15.0,6.0,55.0,101.0,0.0,1.0,23.0,28.0,31.0,129.0,31.0,19.3,4.6,5.5,0.6,0.7,0.5,0.2,1.1,4.4,1.1,0.55,0.55,0.0,0.82,8.5,10.3,1.1,1.3,1.0,0.4,2.0,8.3,2.0,0.55,0.55,0.0,0.82,0.55,0.59,0.29,0.24,125.0,116.0,48.0,200.0,201.0,214.0,78.0,227.0,59.0,81.0,4.0,50.0,92.0,74.0,70.0,129.0,194.0,99.0,202.0,52.0,218.0,2.0,59.0,12.0,42.0,55.0,192.0
211,Michael Finley,,SF,SG,"6'7""",,3.04,,,,,,,,,,,,,D<85,165.0,140.0,156.0,163.0,,,,,,,,,,,,2 S8,2 S8,2 S8,,,,,,,,,,2,,,,,,12.2,-0.45,0.52,2.0,0.3,1.02,0.9,3.0,4.83,4.2,0.7,0.1,0.0,27.0,13.0,88.0,77.0,63.0,83.0,25.0,,89.0,85.0,86.0,87.0,85.0,94.0,98.0,83.0,83.0,77.0,68.0,95.0,98.0,73.0,86.0,79.0,88.0,55.0,90.0,60.0,79.0,79.0,88.0,95.0,70.0,74.0,80.0,76.0,70.0,49.0,65.0,63.0,77.0,61.0,40.0,80.0,51.0,80.0,61.0,54.0,68.0,60.0,92.0,7,0,0,6,1,0,3.0,3.0,,,3.0,,3.0,,3.0,,2.0,,,,,,,,,,,,,,,,,,,,,,,,,,,,3.0,,,27.0,352.0,119.0,41.0,29.0,7.0,1.0,6.0,45.0,109.0,20.0,67.0,9.0,10.0,3.0,38.0,12.0,13.0,4.4,1.5,1.1,0.3,0.0,0.2,0.1,1.4,0.4,0.41,0.6,0.3,0.9,12.2,4.2,3.0,0.7,0.1,0.6,0.3,3.9,1.2,,,,,0.5,0.52,0.12,0.34,,,,,,,,,,,,,,,,,,,,,,,,,,,
276,Mikal Bridges,,SG,SF,"6'6""",2-Way Combo Guard Creator,2.93,,,,,,,🟡,,,,,,,235.0,294.0,262.0,254.0,84.0,151.0,55.0,7.0,102.0,59.0,34.0,64.0,28.0,,,,,,,,2 S9,2 S9,,,,2,,2,,2,,,2,15.4,0.03,0.58,2.9,0.39,1.64,0.79,3.7,8.0,3.4,0.8,0.1,0.0,18.0,17.1,84.0,88.0,69.0,80.0,25.0,,81.0,95.0,85.0,82.0,83.0,70.0,70.0,84.0,80.0,87.0,68.0,85.0,92.0,95.0,84.0,62.0,75.0,40.0,75.0,55.0,57.0,57.0,60.0,80.0,77.0,78.0,82.0,72.0,88.0,64.0,78.0,69.0,88.0,75.0,63.0,82.0,86.0,85.0,46.0,41.0,50.0,70.0,95.0,15,0,0,4,7,4,3.0,1.0,,2.0,2.0,,,,1.0,,,,,,,,,,,,,,,,,2.0,2.0,1.0,3.0,1.0,3.0,2.0,,2.0,,,,,3.0,2.0,,18.0,308.0,132.0,29.0,32.0,7.0,1.0,4.0,48.0,108.0,25.0,64.0,11.0,14.0,2.0,27.0,8.0,17.1,7.3,1.6,1.8,0.4,0.1,0.2,0.1,1.5,0.4,0.44,0.52,0.39,0.79,15.4,3.4,3.7,0.8,0.1,0.5,0.2,3.2,0.9,0.44,0.52,0.39,0.79,0.56,0.58,0.09,0.43,112.0,125.0,156.0,101.0,219.0,175.0,205.0,153.0,159.0,155.0,4.0,173.0,204.0,2.0,153.0,157.0,53.0,137.0,102.0,155.0,84.0,69.0,170.0,29.0,158.0,151.0,4.0
83,Sidney Moncrief,Bucks,SG,PG,"6'3""",,2.87,,,,✅,,,,,🟡,,,✅,faded:Driver/Fouls/Passer,100.0,111.0,113.0,89.0,-125.0,225.0,93.0,10.0,204.0,92.0,85.0,66.0,14.0,,,,2 S7f,2 S7f,,2 S9,,2 S8f,,,,1,,1,,1,,,1,8.4,-1.02,0.44,0.4,0.21,1.77,0.69,3.6,5.31,3.7,0.7,0.1,0.0,26.0,32.8,94.0,98.0,63.0,89.0,30.0,,87.0,89.0,87.0,75.0,84.0,98.0,90.0,91.0,89.0,97.0,85.0,88.0,98.0,98.0,82.0,77.0,92.0,40.0,81.0,68.0,78.0,70.0,89.0,98.0,82.0,84.0,82.0,83.0,84.0,79.0,81.0,63.0,98.0,67.0,45.0,95.0,98.0,98.0,68.0,62.0,74.0,75.0,95.0,13,1,3,6,3,0,,,,,2.0,,3.0,,3.0,,,,,,,,,,,,,2.0,3.0,,,3.0,3.0,2.0,,4.0,4.0,4.0,,5.0,,,,,,3.0,,26.0,852.0,198.0,87.0,85.0,16.0,2.0,16.0,80.0,206.0,9.0,43.0,29.0,42.0,6.0,81.0,39.0,32.8,7.6,3.3,3.3,0.6,0.1,0.6,0.2,3.1,1.5,0.39,0.44,0.21,0.69,8.4,3.7,3.6,0.7,0.1,0.7,0.3,3.4,1.6,0.39,0.44,0.21,0.69,0.41,0.44,0.1,0.23,225.0,229.0,137.0,204.0,86.0,169.0,130.0,67.0,90.0,155.0,90.0,131.0,127.0,146.0,206.0,220.0,167.0,200.0,204.0,137.0,91.0,109.0,170.0,67.0,118.0,141.0,102.0
150,Karl-Anthony Towns,,C,PF,"7'0""",Post-Bullying Stretch Cleaner,2.86,,,,,,,,,,✅,,,D<85 faded:Roller,131.0,98.0,120.0,114.0,34.0,97.0,49.0,5.0,134.0,33.0,8.0,48.0,46.0,,,,,,,,,,1 S9,1 S8f,,,,,,,,,,13.1,-0.32,0.69,2.0,0.41,1.17,0.97,1.7,4.4,10.8,0.9,0.5,0.0,34.0,28.1,89.0,50.0,71.0,76.0,15.0,,80.0,85.0,54.0,85.0,86.0,85.0,85.0,83.0,76.0,76.0,87.0,70.0,98.0,90.0,82.0,87.0,82.0,85.0,75.0,92.0,92.0,89.0,80.0,98.0,64.0,60.0,65.0,66.0,79.0,51.0,60.0,71.0,50.0,42.0,58.0,79.0,55.0,65.0,82.0,73.0,92.0,,95.0,18,0,0,5,8,5,2.0,3.0,,3.0,,1.0,,2.0,1.0,3.0,2.0,3.0,2.0,,3.0,2.0,,,,1.0,,,2.0,,1.0,,,,,,,,,,,2.0,,2.0,,1.0,,34.0,954.0,347.0,285.0,44.0,25.0,13.0,10.0,132.0,239.0,53.0,128.0,30.0,31.0,28.0,257.0,49.0,28.1,10.2,8.4,1.3,0.7,0.4,0.3,0.8,7.6,1.4,0.55,0.71,0.41,0.97,13.1,10.8,1.7,0.9,0.5,0.4,1.1,9.7,1.8,0.55,0.71,0.41,0.97,0.66,0.69,0.3,0.36,40.0,31.0,46.0,134.0,142.0,123.0,46.0,196.0,59.0,92.0,16.0,61.0,43.0,129.0,68.0,26.0,31.0,9.0,134.0,46.0,197.0,38.0,90.0,12.0,63.0,33.0,153.0
41,James Worthy,Lakers,SF,PF,"6'9""",,2.79,,,,,,✅,,,,,,,faded:Fouls/Glue,85.0,76.0,49.0,75.0,-70.0,155.0,26.0,7.0,186.0,39.0,45.0,25.0,1.0,,,,,2 S7f,,,1 S7f,,,,1,,2,2,2,,1,2,2,9.6,-0.84,0.64,0.1,0.18,1.87,0.72,3.3,4.18,8.2,0.7,0.6,0.0,31.0,32.9,95.0,85.0,87.0,83.0,40.0,,91.0,97.0,90.0,82.0,81.0,98.0,95.0,89.0,83.0,88.0,80.0,90.0,98.0,98.0,85.0,91.0,94.0,90.0,95.0,91.0,92.0,90.0,78.0,98.0,75.0,75.0,76.0,70.0,75.0,77.0,80.0,87.0,85.0,63.0,59.0,88.0,85.0,95.0,87.0,88.0,85.0,70.0,99.0,19,0,0,13,5,1,,,,3.0,3.0,3.0,3.0,2.0,3.0,2.0,3.0,3.0,,,3.0,2.0,,,3.0,,,1.0,,,,2.0,,3.0,,,,,2.0,3.0,3.0,,,3.0,,,,31.0,1019.0,272.0,232.0,92.0,19.0,18.0,22.0,116.0,190.0,2.0,11.0,38.0,53.0,23.0,209.0,52.0,32.9,8.8,7.5,3.0,0.6,0.6,0.7,0.7,6.7,1.7,0.61,0.64,0.18,0.72,9.6,8.2,3.3,0.7,0.6,0.8,0.8,7.4,1.8,0.61,0.64,0.18,0.72,0.62,0.64,0.23,0.27,67.0,67.0,68.0,184.0,83.0,146.0,52.0,80.0,90.0,69.0,108.0,67.0,49.0,183.0,51.0,60.0,176.0,186.0,186.0,70.0,105.0,109.0,82.0,90.0,67.0,71.0,153.0
152,Allan Houston,Knicks,SG,SF,"6'6""",,2.75,,✅,,,,,,,,,,,D<85 faded:Passer,92.0,91.0,90.0,90.0,-55.0,147.0,53.0,7.0,49.0,29.0,14.0,93.0,51.0,,,1 S8,,,,,,2 S8f,,,,,,2,,,,,,21.0,0.87,0.61,4.2,0.43,1.62,0.93,2.4,2.9,2.8,0.4,0.2,0.0,29.0,32.2,89.0,79.0,64.0,84.0,10.0,,94.0,90.0,95.0,93.0,92.0,98.0,95.0,82.0,84.0,75.0,54.0,72.0,98.0,98.0,93.0,62.0,75.0,35.0,45.0,45.0,82.0,64.0,52.0,98.0,77.0,79.0,83.0,81.0,79.0,62.0,73.0,64.0,79.0,65.0,59.0,82.0,84.0,80.0,61.0,59.0,62.0,83.0,92.0,4,0,0,4,0,0,3.0,3.0,,,3.0,,,,,,,,,,,,,,,,,,,,,,,,,,,,,,,,,,3.0,,,29.0,933.0,543.0,72.0,61.0,10.0,4.0,21.0,198.0,424.0,108.0,250.0,39.0,42.0,2.0,70.0,39.0,32.2,18.7,2.5,2.1,0.3,0.1,0.7,0.1,2.4,1.3,0.47,0.52,0.43,0.93,21.0,2.8,2.4,0.4,0.2,0.8,0.1,2.7,1.5,0.47,0.52,0.43,0.93,0.59,0.61,0.08,0.58,81.0,85.0,169.0,49.0,98.0,54.0,161.0,131.0,197.0,155.0,108.0,173.0,156.0,107.0,126.0,168.0,18.0,21.0,49.0,185.0,156.0,211.0,150.0,90.0,196.0,178.0,71.0
173,Micheal Ray Richardson,,PG,SG,"6'5""",,2.69,,,,✅,,,,,🟡,,,,faded:Fouls/Glue/Passer,105.0,131.0,121.0,119.0,-62.0,167.0,64.0,8.0,206.0,93.0,94.0,6.0,63.0,,,,,2 S8f,,2 S9,2 S8f,2 S7f,,,,1,,1,2,1,,,2,8.3,-1.03,0.49,0.1,0.08,2.73,0.77,8.8,6.73,2.6,0.9,0.5,0.0,26.0,35.0,89.0,95.0,70.0,88.0,10.0,,83.0,89.0,80.0,72.0,77.0,95.0,85.0,84.0,88.0,96.0,68.0,78.0,97.0,90.0,73.0,64.0,86.0,35.0,78.0,42.0,63.0,52.0,60.0,98.0,92.0,95.0,90.0,91.0,92.0,94.0,86.0,70.0,95.0,98.0,68.0,84.0,98.0,90.0,63.0,66.0,59.0,30.0,92.0,13,0,2,11,0,0,,,,,,,3.0,,3.0,,3.0,,,,,,,,,3.0,,,,,3.0,3.0,4.0,,4.0,3.0,3.0,3.0,,3.0,,,,,,3.0,,26.0,910.0,210.0,66.0,222.0,24.0,12.0,33.0,77.0,185.0,3.0,36.0,53.0,69.0,7.0,59.0,53.0,35.0,8.1,2.5,8.5,0.9,0.5,1.3,0.3,2.3,2.0,0.42,0.5,0.08,0.77,8.3,2.6,8.8,0.9,0.5,1.3,0.3,2.3,2.1,0.42,0.5,0.08,0.77,0.42,0.49,0.07,0.23,220.0,215.0,193.0,204.0,45.0,158.0,161.0,3.0,18.0,81.0,204.0,96.0,162.0,218.0,185.0,187.0,190.0,152.0,206.0,197.0,6.0,38.0,90.0,183.0,118.0,203.0,205.0
252,Brook Lopez,Nets,C,,"7'0""",,2.63,,,,,,,,,,,✅,,D<85,262.0,271.0,226.0,269.0,151.0,111.0,54.0,5.0,154.0,39.0,25.0,76.0,58.0,,,,,,,,,,,1 S9,,,,,,,,,,11.9,-0.49,0.67,0.4,0.41,1.84,0.79,0.9,2.25,9.7,0.9,0.9,0.0,29.0,25.7,87.0,25.0,82.0,25.0,90.0,,90.0,93.0,90.0,80.0,81.0,97.0,98.0,64.0,25.0,25.0,93.0,60.0,95.0,74.0,76.0,80.0,72.0,85.0,60.0,92.0,85.0,93.0,76.0,80.0,46.0,35.0,35.0,25.0,78.0,59.0,66.0,82.0,25.0,56.0,81.0,84.0,69.0,65.0,86.0,82.0,89.0,80.0,92.0,10,0,0,5,4,1,,,,2.0,,3.0,,,,,,2.0,3.0,,2.0,3.0,,,,,,,,,,2.0,,,,,,,1.0,,,3.0,,3.0,,,,29.0,744.0,245.0,200.0,18.0,19.0,19.0,8.0,103.0,167.0,9.0,22.0,30.0,38.0,40.0,160.0,43.0,25.7,8.4,6.9,0.6,0.7,0.7,0.3,1.4,5.5,1.5,0.62,0.65,0.41,0.79,11.9,9.7,0.9,0.9,0.9,0.4,1.9,7.7,2.1,0.62,0.65,0.41,0.79,0.64,0.67,0.27,0.33,50.0,43.0,57.0,151.0,158.0,152.0,63.0,227.0,59.0,63.0,16.0,41.0,65.0,146.0,47.0,52.0,34.0,130.0,154.0,58.0,226.0,38.0,65.0,12.0,46.0,63.0,205.0
321,Dell Curry,,SG,SF,"6'5""",,2.6,,✅,,,,,,,,,,,D<85 faded:Scorer/Driver/Fouls,157.0,103.0,110.0,112.0,-4.0,161.0,60.0,7.0,83.0,50.0,21.0,70.0,55.0,,2 S7f,1 S7,2 S7f,2 S7f,,,,,,,,,,2,,,,,,17.2,0.3,0.59,3.7,0.4,1.61,0.93,3.4,5.08,2.7,0.6,0.0,0.0,25.0,26.0,85.0,78.0,33.0,80.0,15.0,,91.0,88.0,90.0,96.0,86.0,98.0,90.0,78.0,80.0,78.0,55.0,60.0,98.0,98.0,79.0,53.0,74.0,25.0,55.0,25.0,51.0,25.0,70.0,98.0,81.0,82.0,82.0,80.0,82.0,77.0,66.0,33.0,78.0,65.0,40.0,80.0,82.0,85.0,52.0,50.0,53.0,53.0,92.0,5,0,0,4,1,0,3.0,3.0,,,3.0,,,,,,,,,,,,,,,,,2.0,,,,,,,,,,,,,,,,,3.0,,,25.0,650.0,311.0,49.0,61.0,10.0,0.0,12.0,109.0,249.0,66.0,166.0,27.0,29.0,4.0,45.0,18.0,26.0,12.4,2.0,2.4,0.4,0.0,0.5,0.2,1.8,0.7,0.44,0.52,0.4,0.93,17.2,2.7,3.4,0.6,0.0,0.7,0.2,2.5,1.0,0.44,0.52,0.4,0.93,0.57,0.59,0.08,0.48,100.0,109.0,169.0,82.0,154.0,96.0,181.0,117.0,159.0,195.0,63.0,131.0,183.0,13.0,163.0,166.0,43.0,19.0,83.0,189.0,101.0,154.0,206.0,67.0,158.0,186.0,9.0
765,Toumani Camara,,PF,SF,"6'7""",Lockdown Defender,2.5,,,,,,✅,,,,,,,,,,,243.0,,232.0,83.0,10.0,229.0,81.0,17.0,7.0,83.0,,,,,,,,,,2 S9,,1,2,2,,1,,1,2,2,5.6,-1.44,0.51,1.0,0.35,0.61,0.57,3.7,4.67,3.0,0.7,0.3,0.0,24.0,17.2,82.0,90.0,87.0,63.0,65.0,,71.0,89.0,67.0,80.0,69.0,70.0,50.0,82.0,63.0,89.0,78.0,78.0,88.0,95.0,80.0,62.0,82.0,60.0,75.0,55.0,55.0,55.0,32.0,85.0,60.0,68.0,65.0,58.0,67.0,41.0,84.0,87.0,90.0,82.0,51.0,92.0,90.0,95.0,52.0,51.0,54.0,65.0,95.0,14,0,0,9,2,3,,,,1.0,,,,,,,1.0,,,,,,,,,,,,,,,3.0,3.0,3.0,3.0,3.0,3.0,3.0,2.0,,3.0,,2.0,,1.0,3.0,,24.0,413.0,64.0,34.0,42.0,8.0,3.0,9.0,24.0,60.0,12.0,34.0,4.0,7.0,2.0,32.0,21.0,17.2,2.7,1.4,1.8,0.3,0.1,0.4,0.1,1.3,0.9,0.4,0.46,0.35,0.57,5.6,3.0,3.7,0.7,0.3,0.8,0.2,2.8,1.8,0.4,0.46,0.35,0.57,0.5,0.51,0.08,0.15,177.0,202.0,169.0,229.0,217.0,231.0,212.0,153.0,197.0,155.0,33.0,173.0,213.0,42.0,201.0,209.0,84.0,222.0,229.0,169.0,84.0,109.0,124.0,90.0,158.0,173.0,153.0
279,Rony Seikaly,,C,,"6'11""",,2.5,,,,,,,,,,,✅,,,213.0,179.0,222.0,258.0,,,,,,,,,,,,,,,,,,,,1 S8,,,2,,,,,,2,8.4,-1.02,0.73,0.0,,1.03,0.83,2.6,1.88,12.1,1.2,0.9,0.0,26.0,8.0,86.0,42.0,89.0,60.0,99.0,,82.0,95.0,76.0,60.0,74.0,97.0,90.0,74.0,60.0,42.0,90.0,80.0,95.0,74.0,76.0,80.0,72.0,85.0,60.0,92.0,85.0,92.0,76.0,80.0,46.0,35.0,35.0,25.0,78.0,59.0,73.0,89.0,42.0,56.0,81.0,88.0,69.0,85.0,91.0,92.0,90.0,40.0,92.0,10,0,0,8,2,0,,,,3.0,,3.0,,,,2.0,2.0,3.0,,,3.0,,,,3.0,,,,,,,,,,,,,,3.0,,,3.0,,3.0,,,,26.0,209.0,49.0,70.0,15.0,7.0,5.0,8.0,22.0,31.0,0.0,0.0,5.0,6.0,13.0,57.0,7.0,8.0,1.9,2.7,0.6,0.3,0.2,0.3,0.5,2.2,0.3,0.71,0.71,,0.83,8.4,12.1,2.6,1.2,0.9,1.4,2.2,9.8,1.2,,,,,0.71,0.73,0.33,0.23,,,,,,,,,,,,,,,,,,,,,,,,,,,
246,Don Buse,,PG,SG,"6'4""",,2.42,,,,,,,,,🟡,,,,faded:Driver/Fouls/Glue,189.0,228.0,200.0,203.0,-16.0,205.0,83.0,9.0,214.0,95.0,79.0,30.0,51.0,,,,2 S7f,2 S7f,,2 S9,2 S8f,2 S7f,,,,2,,2,2,2,,,2,7.9,-1.09,0.47,1.0,0.28,2.17,0.86,6.3,6.46,2.8,0.9,0.1,0.0,28.0,17.2,87.0,94.0,75.0,84.0,0.0,,79.0,78.0,79.0,78.0,81.0,70.0,90.0,81.0,84.0,94.0,61.0,66.0,92.0,90.0,81.0,51.0,79.0,25.0,45.0,28.0,52.0,41.0,52.0,85.0,87.0,88.0,86.0,84.0,89.0,89.0,87.0,75.0,94.0,94.0,70.0,93.0,90.0,95.0,37.0,29.0,45.0,84.0,92.0,14,0,0,8,5,1,,,2.0,,,,,,,,,,,,,,,2.0,2.0,,,1.0,3.0,3.0,,3.0,3.0,,3.0,3.0,2.0,3.0,,3.0,,,,,,2.0,,28.0,481.0,106.0,37.0,84.0,12.0,2.0,13.0,34.0,99.0,13.0,47.0,25.0,29.0,3.0,34.0,24.0,17.2,3.8,1.3,3.0,0.4,0.1,0.5,0.1,1.2,0.9,0.34,0.4,0.28,0.86,7.9,2.8,6.3,0.9,0.1,1.0,0.2,2.5,1.8,0.34,0.4,0.28,0.86,0.41,0.47,0.08,0.22,226.0,221.0,169.0,210.0,217.0,224.0,217.0,80.0,159.0,155.0,63.0,173.0,219.0,42.0,229.0,227.0,137.0,59.0,214.0,185.0,32.0,38.0,170.0,136.0,158.0,186.0,153.0
320,Al Horford,Hawks,C,,"6'10""",,2.4,,,,,✅,,,,,,,✅,,,248.0,250.0,198.0,,188.0,81.0,9.0,225.0,80.0,30.0,14.0,74.0,,,,,,,,,,,2 S9,,,1,,,,,1,1,6.8,-1.26,0.69,0.1,0.09,0.93,0.87,2.5,4.0,6.8,0.3,1.4,0.0,29.0,20.1,85.0,63.0,92.0,53.0,70.0,,89.0,97.0,96.0,80.0,82.0,96.0,80.0,76.0,53.0,67.0,90.0,69.0,93.0,85.0,78.0,77.0,74.0,80.0,61.0,87.0,86.0,87.0,60.0,84.0,63.0,75.0,50.0,33.0,88.0,70.0,75.0,92.0,63.0,42.0,78.0,92.0,70.0,90.0,64.0,57.0,71.0,25.0,92.0,16,0,0,6,5,5,1.0,,,3.0,,3.0,,1.0,,2.0,3.0,1.0,2.0,,1.0,3.0,,,1.0,,,,,,,3.0,,,,,,,2.0,,3.0,2.0,,2.0,,,,29.0,583.0,110.0,110.0,40.0,5.0,22.0,10.0,48.0,73.0,1.0,11.0,13.0,15.0,11.0,99.0,32.0,20.1,3.8,3.8,1.4,0.2,0.8,0.3,0.4,3.4,1.1,0.66,0.76,0.09,0.87,6.8,6.8,2.5,0.3,1.4,0.6,0.7,6.1,2.0,0.66,0.76,0.09,0.87,0.66,0.69,0.19,0.19,39.0,30.0,80.0,222.0,192.0,224.0,113.0,185.0,219.0,54.0,16.0,85.0,115.0,74.0,30.0,15.0,187.0,55.0,225.0,80.0,147.0,224.0,33.0,39.0,71.0,81.0,192.0
169,Ron Harper,,PG,SG,"6'6""",,2.4,,,,✅,,,,,🟡,,,,faded:Glue/Passer,201.0,200.0,162.0,199.0,14.0,187.0,74.0,9.0,186.0,88.0,83.0,16.0,83.0,,,,,,,2 S9,1 S7f,2 S8f,,,,1,,,,1,,,2,9.6,-0.84,0.57,0.7,0.25,1.44,0.82,7.0,5.74,2.1,0.7,0.3,0.0,29.0,23.3,89.0,92.0,42.0,76.0,30.0,,86.0,88.0,84.0,76.0,80.0,92.0,95.0,82.0,76.0,93.0,56.0,80.0,90.0,95.0,84.0,63.0,92.0,43.0,63.0,39.0,58.0,51.0,75.0,82.0,84.0,88.0,88.0,76.0,84.0,84.0,79.0,42.0,92.0,84.0,57.0,90.0,92.0,95.0,52.0,52.0,51.0,80.0,92.0,15,0,0,11,4,0,,,,,,,3.0,,3.0,,2.0,,,,,,2.0,,,2.0,,,3.0,,2.0,3.0,3.0,3.0,3.0,3.0,3.0,3.0,,3.0,,,,,,,,29.0,677.0,181.0,40.0,132.0,13.0,6.0,23.0,73.0,146.0,13.0,52.0,22.0,27.0,4.0,36.0,29.0,23.3,6.2,1.4,4.6,0.4,0.2,0.8,0.1,1.2,1.0,0.5,0.64,0.25,0.82,9.6,2.1,7.0,0.7,0.3,1.2,0.2,1.9,1.5,0.5,0.64,0.25,0.82,0.55,0.57,0.06,0.27,125.0,132.0,213.0,184.0,168.0,196.0,212.0,38.0,159.0,131.0,130.0,173.0,219.0,58.0,101.0,59.0,151.0,109.0,186.0,218.0,17.0,109.0,124.0,166.0,158.0,221.0,71.0
784,John Wall,,PG,,"6'4""",,2.4,,,,,,,,,✅,,,,,109.0,,,132.0,-86.0,195.0,77.0,9.0,124.0,67.0,67.0,19.0,90.0,,,,,,,1 S9,,1 S9,,,,,,1,,,,,,13.7,-0.23,0.43,1.5,0.26,1.93,0.72,6.7,7.25,2.0,0.6,0.5,0.0,22.0,21.2,89.0,86.0,38.0,96.0,0.0,,84.0,75.0,80.0,76.0,80.0,96.0,95.0,87.0,96.0,92.0,60.0,88.0,95.0,95.0,83.0,63.0,93.0,25.0,85.0,35.0,57.0,42.0,79.0,90.0,92.0,85.0,90.0,96.0,96.0,93.0,74.0,38.0,86.0,81.0,55.0,82.0,92.0,85.0,44.0,36.0,51.0,80.0,95.0,14,0,0,6,5,3,,,3.0,,2.0,2.0,,,3.0,,,,,,,,3.0,3.0,,3.0,3.0,,,1.0,,1.0,2.0,2.0,,,1.0,2.0,,,,,,,,,,22.0,466.0,177.0,26.0,87.0,8.0,6.0,12.0,70.0,196.0,19.0,73.0,18.0,25.0,2.0,24.0,22.0,21.2,8.0,1.2,4.0,0.4,0.3,0.5,0.1,1.1,1.0,0.36,0.42,0.26,0.72,13.7,2.0,6.7,0.6,0.5,0.9,0.2,1.9,1.7,0.36,0.42,0.26,0.72,0.41,0.43,0.06,0.38,228.0,231.0,213.0,121.0,181.0,160.0,223.0,47.0,159.0,108.0,63.0,173.0,224.0,58.0,224.0,224.0,144.0,183.0,124.0,225.0,21.0,154.0,90.0,114.0,158.0,221.0,122.0
164,Derek Harper,Mavericks,PG,SG,"6'4""",,2.36,,,,,,,,,✅,,,,faded:Glue/Passer,216.0,229.0,166.0,171.0,64.0,152.0,56.0,7.0,186.0,88.0,73.0,1.0,55.0,,,,,,,1 S7,2 S7f,1 S7f,,,,2,,1,,1,,,,9.6,-0.84,0.48,1.3,0.28,1.88,0.71,11.5,8.67,2.7,0.8,0.2,0.0,26.0,25.0,89.0,88.0,47.0,88.0,15.0,,87.0,80.0,84.0,83.0,81.0,98.0,95.0,80.0,88.0,90.0,56.0,63.0,95.0,85.0,81.0,58.0,87.0,25.0,47.0,36.0,55.0,48.0,78.0,85.0,89.0,90.0,86.0,90.0,97.0,83.0,74.0,47.0,88.0,88.0,32.0,84.0,95.0,85.0,37.0,32.0,41.0,98.0,92.0,13,0,0,10,3,0,,,,,,,3.0,,3.0,,,,,,,,2.0,,,2.0,,,,,2.0,3.0,3.0,3.0,3.0,3.0,3.0,3.0,,3.0,,,,,,,,26.0,650.0,173.0,48.0,208.0,14.0,3.0,24.0,63.0,165.0,23.0,83.0,24.0,34.0,2.0,46.0,26.0,25.0,6.7,1.8,8.0,0.5,0.1,0.9,0.1,1.8,1.0,0.38,0.49,0.28,0.71,9.6,2.7,11.5,0.8,0.2,1.3,0.1,2.5,1.4,0.38,0.49,0.28,0.71,0.45,0.48,0.07,0.27,213.0,217.0,193.0,184.0,162.0,187.0,195.0,5.0,126.0,155.0,154.0,173.0,183.0,58.0,211.0,192.0,137.0,191.0,186.0,189.0,1.0,69.0,150.0,183.0,196.0,186.0,55.0
123,Wayne Embry,,C,PF,"6'8""",,2.32,,,,,,,,,,,✅,,,217.0,165.0,212.0,226.0,72.0,145.0,71.0,7.0,192.0,63.0,36.0,14.0,48.0,,,,,,,,,,,1 S9,,,,,,,,,,9.4,-0.87,0.59,0.0,0.0,2.41,0.83,2.5,3.6,10.5,0.8,0.9,0.0,22.0,23.8,90.0,69.0,85.0,70.0,90.0,,75.0,95.0,70.0,32.0,84.0,73.0,95.0,82.0,70.0,69.0,90.0,85.0,86.0,88.0,85.0,89.0,92.0,85.0,85.0,92.0,88.0,92.0,89.0,85.0,53.0,38.0,86.0,59.0,37.0,43.0,82.0,85.0,69.0,85.0,85.0,85.0,80.0,85.0,94.0,94.0,94.0,55.0,95.0,16,0,0,11,5,0,,,,,,3.0,2.0,2.0,2.0,3.0,3.0,3.0,3.0,,3.0,2.0,,,,,,,,,,2.0,,,,,,,3.0,,,3.0,3.0,3.0,,3.0,,22.0,523.0,137.0,153.0,36.0,11.0,13.0,10.0,54.0,101.0,0.0,3.0,29.0,35.0,34.0,119.0,24.0,23.8,6.2,7.0,1.6,0.5,0.6,0.5,1.5,5.4,1.1,0.54,0.55,0.0,0.83,9.4,10.5,2.5,0.8,0.9,0.7,2.3,8.2,1.7,0.54,0.55,0.0,0.83,0.54,0.59,0.29,0.26,141.0,115.0,48.0,190.0,164.0,196.0,59.0,167.0,126.0,69.0,63.0,40.0,68.0,74.0,78.0,126.0,194.0,94.0,192.0,48.0,147.0,69.0,65.0,67.0,34.0,58.0,122.0
111,Donovan Mitchell,,SG,PG,"6'3""",Mid-Paint Combo Guard,2.26,,,,,,,,,🟡,,,,D<85 faded:Scorer/Shooter/Driver,95.0,85.0,105.0,51.0,-89.0,184.0,72.0,8.0,106.0,60.0,37.0,61.0,55.0,,1 S7f,1 S8f,2 S7f,2 S7f,,2 S9,,2 S9,,,,,,1,,,,,2,14.8,-0.06,0.6,2.8,0.36,2.05,0.86,3.8,4.25,2.7,0.4,0.0,0.0,31.0,31.2,95.0,75.0,68.0,95.0,0.0,,92.0,98.0,93.0,86.0,85.0,90.0,98.0,89.0,95.0,90.0,60.0,97.0,96.0,95.0,80.0,69.0,95.0,50.0,92.0,37.0,49.0,44.0,90.0,98.0,84.0,84.0,90.0,86.0,84.0,74.0,70.0,68.0,75.0,66.0,45.0,79.0,79.0,75.0,46.0,36.0,56.0,90.0,95.0,19,0,0,9,5,5,3.0,2.0,3.0,3.0,3.0,1.0,3.0,,3.0,,3.0,,,3.0,,,2.0,2.0,,,1.0,3.0,2.0,1.0,2.0,,,,,,,,,,,,,,1.0,1.0,,31.0,968.0,399.0,72.0,102.0,10.0,1.0,24.0,138.0,311.0,76.0,209.0,47.0,55.0,6.0,66.0,34.0,31.2,12.9,2.3,3.3,0.3,0.0,0.8,0.2,2.1,1.1,0.44,0.61,0.36,0.86,14.8,2.7,3.8,0.4,0.0,0.9,0.2,2.5,1.3,0.44,0.61,0.36,0.86,0.57,0.6,0.07,0.41,104.0,107.0,193.0,105.0,114.0,93.0,168.0,67.0,197.0,195.0,130.0,131.0,168.0,74.0,153.0,81.0,72.0,65.0,106.0,189.0,78.0,211.0,206.0,114.0,158.0,186.0,35.0
16,John Stockton,Jazz,PG,SG,"6'1""",,2.23,,,,✅,,,,,✅,,,✅,<6'2 faded:Scoring PG/Passer,43.0,51.0,84.0,57.0,-179.0,222.0,91.0,10.0,199.0,90.0,76.0,10.0,83.0,,,,,,2 S8f,1 S8,,1 S8f,,,,1,,1,,1,,,1,8.8,-0.96,0.42,1.1,0.24,2.25,0.78,7.6,7.14,2.1,0.5,0.1,0.0,29.0,32.6,97.0,96.0,50.0,95.0,10.0,,92.0,93.0,92.0,93.0,82.0,98.0,95.0,91.0,95.0,97.0,69.0,84.0,98.0,98.0,99.0,48.0,95.0,25.0,25.0,25.0,29.0,25.0,71.0,85.0,97.0,99.0,93.0,95.0,99.0,99.0,82.0,50.0,96.0,99.0,35.0,97.0,99.0,98.0,41.0,37.0,45.0,60.0,99.0,18,0,6,12,0,0,,,,,3.0,,3.0,,3.0,,,,,,,,3.0,3.0,,4.0,3.0,3.0,3.0,3.0,4.0,4.0,4.0,,4.0,3.0,3.0,3.0,,4.0,,,,,,,,29.0,944.0,232.0,54.0,200.0,14.0,2.0,28.0,78.0,250.0,30.0,126.0,46.0,59.0,4.0,50.0,36.0,32.6,8.0,1.9,6.9,0.5,0.1,1.0,0.1,1.7,1.2,0.31,0.39,0.24,0.78,8.8,2.1,7.6,0.5,0.1,1.1,0.2,1.9,1.4,0.31,0.39,0.24,0.78,0.37,0.42,0.06,0.25,232.0,232.0,213.0,197.0,88.0,160.0,187.0,11.0,126.0,155.0,169.0,173.0,193.0,92.0,233.0,228.0,159.0,143.0,199.0,218.0,11.0,184.0,170.0,151.0,158.0,221.0,55.0
116,Paul Arizin,,SF,SG,"6'3""",,2.22,,,,,,,,,,,,✅,faded:Shooter/Fouls/Passer,70.0,81.0,81.0,61.0,-84.0,154.0,25.0,7.0,97.0,23.0,25.0,23.0,36.0,,,2 S8f,,2 S8f,,,,1 S8f,,,,2,,1,,2,,,1,15.9,0.1,0.56,2.0,0.37,2.87,0.83,3.4,3.54,4.0,0.6,0.5,0.0,29.0,33.7,91.0,90.0,50.0,87.0,15.0,,92.0,90.0,94.0,90.0,83.0,98.0,98.0,88.0,87.0,88.0,66.0,82.0,98.0,95.0,98.0,77.0,94.0,45.0,45.0,78.0,84.0,82.0,95.0,95.0,75.0,76.0,78.0,86.0,85.0,50.0,80.0,50.0,90.0,88.0,50.0,92.0,92.0,95.0,88.0,87.0,88.0,75.0,95.0,14,0,0,6,7,1,,,3.0,,,,3.0,,3.0,,3.0,,,,,,,2.0,,,,1.0,2.0,2.0,,,,2.0,,,2.0,,,2.0,,,3.0,,3.0,2.0,,29.0,978.0,431.0,110.0,92.0,15.0,13.0,26.0,156.0,352.0,54.0,146.0,65.0,78.0,9.0,101.0,47.0,33.7,14.9,3.8,3.2,0.5,0.4,0.9,0.3,3.5,1.6,0.44,0.5,0.37,0.83,15.9,4.0,3.4,0.6,0.5,1.0,0.3,3.7,1.7,0.44,0.5,0.37,0.83,0.52,0.56,0.11,0.44,158.0,152.0,128.0,97.0,75.0,77.0,113.0,72.0,126.0,92.0,154.0,96.0,113.0,165.0,155.0,189.0,66.0,88.0,97.0,128.0,101.0,154.0,90.0,136.0,118.0,129.0,122.0
49,Jerry Lucas,Kings,PF,C,"6'8""",,2.12,,,,,,,,,,,,✅,faded:Stretch 4/5,113.0,114.0,109.0,113.0,-44.0,157.0,73.0,7.0,210.0,71.0,19.0,41.0,51.0,,,,,,,,,,2 S8f,2 S9,,,2,,,,,2,1,8.1,-1.06,0.66,0.9,0.51,0.98,0.81,1.8,5.88,10.4,0.7,0.9,0.0,29.0,33.0,95.0,37.0,95.0,64.0,65.0,,93.0,95.0,93.0,90.0,85.0,98.0,98.0,79.0,64.0,44.0,89.0,70.0,98.0,95.0,95.0,90.0,82.0,85.0,70.0,96.0,96.0,96.0,96.0,98.0,64.0,75.0,55.0,40.0,78.0,73.0,77.0,95.0,37.0,50.0,88.0,90.0,84.0,95.0,98.0,97.0,98.0,83.0,99.0,14,0,2,8,4,0,,,,4.0,,3.0,3.0,,3.0,2.0,3.0,,3.0,,,,,,,,,,,,,2.0,,,,,,,2.0,,2.0,3.0,4.0,3.0,,3.0,,29.0,958.0,215.0,277.0,47.0,19.0,25.0,8.0,85.0,151.0,24.0,47.0,21.0,26.0,45.0,232.0,51.0,33.0,7.4,9.6,1.6,0.7,0.9,0.3,1.6,8.0,1.8,0.56,0.59,0.51,0.81,8.1,10.4,1.8,0.7,0.9,0.3,1.7,8.7,1.9,0.56,0.59,0.51,0.81,0.64,0.66,0.29,0.22,53.0,47.0,48.0,210.0,80.0,173.0,37.0,167.0,59.0,50.0,16.0,39.0,39.0,196.0,64.0,95.0,4.0,116.0,210.0,51.0,190.0,109.0,65.0,6.0,50.0,51.0,174.0
433,Jalen Suggs,,PG,SG,"6'5""",2-Way Mid-Range Menace,2.05,,,,,,,,,🟡,,,,,218.0,321.0,252.0,259.0,,,,,,,,,,,,,,,,2 S8,,2 S8,,,,2,,1,,2,,,2,7.2,,0.66,0.8,0.33,0.85,0.5,5.5,4.33,4.7,0.0,0.4,0.0,11.0,7.7,82.0,91.0,55.0,88.0,25.0,,78.0,91.0,94.0,78.0,84.0,60.0,60.0,84.0,88.0,92.0,59.0,90.0,88.0,85.0,80.0,62.0,82.0,40.0,80.0,39.0,38.0,74.0,55.0,84.0,80.0,78.0,80.0,88.0,77.0,75.0,80.0,55.0,91.0,97.0,66.0,84.0,82.0,85.0,50.0,39.0,60.0,55.0,95.0,16,0,0,2,10,4,,,1.0,2.0,,,2.0,,,,1.0,,,,,,,2.0,2.0,,,1.0,2.0,,,3.0,1.0,,2.0,2.0,2.0,3.0,,2.0,,,,,,2.0,,11.0,85.0,17.0,11.0,13.0,0.0,1.0,3.0,7.0,12.0,2.0,6.0,1.0,2.0,1.0,10.0,3.0,7.7,1.5,1.0,1.2,0.0,0.1,0.3,0.1,0.9,0.3,0.58,0.83,0.33,0.5,7.2,4.7,5.5,0.0,0.4,1.3,0.4,4.2,1.3,,,,,0.67,0.66,0.13,0.2,,,,,,,,,,,,,,,,,,,,,,,,,,,
428,Amen Thompson,,SG,PG,"6'7""",2-Way Blow-By High Flyer,2.0,,,,✅,,,,,,,,,,187.0,404.0,234.0,176.0,4.0,183.0,71.0,8.0,185.0,87.0,91.0,87.0,6.0,,,,,,,,,,,,2,1,,1,2,1,,,2,9.8,-0.81,0.6,0.2,0.13,1.84,0.83,2.7,4.0,4.5,0.9,0.3,0.0,29.0,20.2,86.0,93.0,78.0,95.0,80.0,,71.0,88.0,69.0,57.0,77.0,75.0,60.0,88.0,95.0,93.0,59.0,99.0,95.0,85.0,80.0,64.0,83.0,60.0,96.0,44.0,48.0,44.0,44.0,95.0,81.0,80.0,86.0,90.0,80.0,70.0,80.0,78.0,93.0,59.0,56.0,92.0,90.0,95.0,64.0,66.0,61.0,75.0,95.0,20,0,0,10,4,6,,,,,,,2.0,,2.0,,1.0,,,1.0,,,,,1.0,,,2.0,2.0,,1.0,3.0,3.0,3.0,3.0,3.0,3.0,3.0,1.0,3.0,1.0,,3.0,,,3.0,,29.0,586.0,159.0,74.0,44.0,14.0,5.0,11.0,65.0,119.0,4.0,31.0,25.0,30.0,5.0,69.0,31.0,20.2,5.5,2.6,1.5,0.5,0.2,0.4,0.2,2.4,1.1,0.55,0.69,0.13,0.83,9.8,4.5,2.7,0.9,0.3,0.7,0.3,4.2,1.9,0.55,0.69,0.13,0.83,0.56,0.6,0.13,0.27,109.0,100.0,110.0,184.0,189.0,207.0,158.0,178.0,126.0,131.0,33.0,131.0,156.0,74.0,69.0,34.0,185.0,88.0,185.0,116.0,139.0,38.0,124.0,67.0,118.0,119.0,174.0
127,Bobby Jones,,SF,PF,"6'9""",,2.0,,,,✅,✅,✅,,,,,,,,189.0,118.0,174.0,191.0,-22.0,211.0,44.0,10.0,228.0,51.0,45.0,45.0,36.0,,,,,,,,,,,,1,1,1,,1,1,1,2,2,5.7,-1.42,0.61,0.1,0.5,1.06,0.76,2.5,4.1,4.0,0.7,0.8,0.0,30.0,19.3,90.0,92.0,95.0,75.0,70.0,,70.0,80.0,76.0,30.0,86.0,90.0,60.0,76.0,75.0,92.0,70.0,78.0,70.0,70.0,78.0,72.0,85.0,65.0,65.0,65.0,65.0,78.0,79.0,70.0,61.0,56.0,61.0,60.0,78.0,49.0,92.0,95.0,92.0,88.0,82.0,98.0,97.0,95.0,55.0,50.0,60.0,70.0,95.0,16,0,5,6,4,1,,,,2.0,,1.0,2.0,,2.0,,2.0,,,,,,,,,,,,,,,4.0,3.0,3.0,3.0,4.0,4.0,4.0,3.0,3.0,4.0,,,,,3.0,,30.0,580.0,92.0,64.0,41.0,11.0,13.0,10.0,39.0,68.0,1.0,2.0,13.0,17.0,9.0,55.0,35.0,19.3,3.1,2.1,1.4,0.4,0.4,0.3,0.3,1.8,1.2,0.57,0.58,0.5,0.76,5.7,4.0,2.5,0.7,0.8,0.6,0.6,3.4,2.2,0.57,0.58,0.5,0.76,0.58,0.61,0.11,0.16,93.0,90.0,128.0,228.0,201.0,230.0,175.0,185.0,159.0,92.0,16.0,96.0,183.0,92.0,61.0,104.0,5.0,158.0,228.0,128.0,147.0,109.0,70.0,39.0,81.0,141.0,214.0
789,Larry Nance,Suns,SF,PF,"6'10""",,2.0,,,,,✅,✅,,,,,,,,203.0,,,247.0,30.0,173.0,31.0,8.0,216.0,48.0,52.0,43.0,2.0,,,,,,,,,,,,1,2,1,,2,2,1,2,2,7.7,-1.12,0.62,0.0,0.0,1.28,0.71,2.6,2.92,8.0,0.7,1.7,0.0,25.0,19.1,88.0,87.0,93.0,68.0,65.0,,83.0,88.0,84.0,55.0,77.0,98.0,95.0,80.0,68.0,87.0,70.0,90.0,91.0,77.0,78.0,83.0,78.0,90.0,95.0,83.0,83.0,83.0,82.0,73.0,51.0,51.0,50.0,53.0,51.0,49.0,84.0,93.0,87.0,60.0,74.0,94.0,85.0,95.0,70.0,66.0,74.0,98.0,,13,0,0,7,5,1,,,,3.0,,2.0,,,,,3.0,,,,,,,,,,,,,,,3.0,2.0,3.0,,2.0,3.0,2.0,1.0,3.0,3.0,,,2.0,,,,25.0,478.0,102.0,106.0,35.0,9.0,23.0,12.0,45.0,75.0,0.0,2.0,12.0,17.0,11.0,95.0,14.0,19.1,4.1,4.2,1.4,0.4,0.9,0.5,0.4,3.8,0.6,0.6,0.62,0.0,0.71,7.7,8.0,2.6,0.7,1.7,0.9,0.8,7.2,1.1,0.6,0.62,0.0,0.71,0.6,0.62,0.22,0.21,78.0,83.0,72.0,216.0,204.0,221.0,103.0,185.0,159.0,50.0,63.0,85.0,106.0,6.0,55.0,74.0,194.0,191.0,216.0,72.0,141.0,109.0,16.0,114.0,67.0,73.0,14.0
429,Ausar Thompson,,SF,PF,"6'6""",2-Way Blow-By High Flyer,2.0,,,,,,✅,,,,,,,,,,367.0,223.0,,213.0,46.0,10.0,226.0,50.0,44.0,29.0,17.0,,,,,,,,,,,,1,2,2,1,2,,1,2,2,6.4,-1.32,0.51,0.3,0.14,1.64,0.48,3.1,4.54,5.3,0.7,1.0,0.0,29.0,23.5,84.0,91.0,87.0,94.0,75.0,,60.0,87.0,73.0,71.0,58.0,40.0,30.0,87.0,94.0,92.0,50.0,98.0,95.0,95.0,80.0,62.0,84.0,60.0,91.0,45.0,46.0,45.0,43.0,80.0,73.0,70.0,78.0,88.0,70.0,61.0,88.0,87.0,91.0,97.0,72.0,92.0,90.0,90.0,66.0,68.0,65.0,50.0,95.0,13,0,0,7,5,1,,,,,,2.0,,,,,,,,1.0,,,,,,,,,2.0,,,2.0,3.0,3.0,3.0,2.0,3.0,3.0,,,2.0,,3.0,,,3.0,,29.0,681.0,122.0,100.0,59.0,14.0,19.0,13.0,51.0,105.0,5.0,35.0,15.0,31.0,6.0,94.0,28.0,23.5,4.2,3.4,2.0,0.5,0.7,0.4,0.2,3.2,1.0,0.49,0.66,0.14,0.48,6.4,5.3,3.1,0.7,1.0,0.7,0.3,5.0,1.5,0.49,0.66,0.14,0.48,0.51,0.51,0.15,0.18,172.0,192.0,98.0,226.0,166.0,217.0,127.0,138.0,126.0,63.0,33.0,131.0,124.0,58.0,108.0,50.0,182.0,227.0,226.0,103.0,115.0,109.0,59.0,67.0,118.0,100.0,71.0
353,Gerald Wallace,,SF,PF,"6'7""",,2.0,,,,,,✅,,,,,,,,116.0,174.0,130.0,123.0,-75.0,191.0,35.0,9.0,206.0,45.0,38.0,18.0,23.0,,,,,,,,,,,,1,2,,1,2,2,1,,2,8.3,-1.03,0.58,1.0,0.38,1.75,0.68,3.6,8.73,4.9,0.7,0.4,0.0,31.0,31.1,84.0,92.0,85.0,85.0,65.0,,75.0,79.0,85.0,82.0,78.0,50.0,75.0,80.0,85.0,92.0,60.0,88.0,90.0,75.0,73.0,63.0,82.0,35.0,85.0,50.0,50.0,50.0,70.0,80.0,69.0,68.0,78.0,79.0,70.0,48.0,87.0,85.0,92.0,92.0,62.0,92.0,94.0,95.0,69.0,54.0,83.0,35.0,89.0,10,0,0,7,2,1,,,,,,,,,,,3.0,,,,,,,,,,,1.0,,,,3.0,3.0,2.0,,3.0,3.0,3.0,,2.0,,,,,,3.0,,31.0,965.0,223.0,131.0,96.0,20.0,10.0,11.0,82.0,173.0,27.0,71.0,32.0,47.0,11.0,120.0,55.0,31.1,7.2,4.2,3.1,0.6,0.3,0.4,0.4,3.9,1.8,0.47,0.54,0.38,0.68,8.3,4.9,3.6,0.7,0.4,0.4,0.4,4.5,2.1,0.47,0.54,0.38,0.68,0.55,0.58,0.14,0.23,116.0,128.0,104.0,204.0,115.0,176.0,103.0,75.0,90.0,108.0,33.0,85.0,105.0,196.0,119.0,139.0,59.0,205.0,206.0,109.0,91.0,109.0,107.0,12.0,94.0,113.0,205.0
219,Mike Conley,Grizzlies,PG,,"6'1""",,1.95,,,,,,,,🟡,✅,,,,<6'2,245.0,232.0,265.0,230.0,,,,,,,,,,,,,,,2 S7,1 S7,,2 S7,,,,2,,1,,,,,,13.4,-0.27,0.53,2.3,0.3,2.14,0.89,7.0,19.67,2.5,0.6,0.2,0.0,27.0,11.2,88.0,88.0,31.0,85.0,0.0,,89.0,87.0,86.0,86.0,86.0,98.0,90.0,81.0,85.0,88.0,40.0,95.0,94.0,85.0,82.0,48.0,85.0,25.0,30.0,25.0,40.0,29.0,63.0,84.0,87.0,92.0,87.0,85.0,93.0,79.0,70.0,31.0,88.0,67.0,45.0,88.0,88.0,85.0,42.0,32.0,52.0,98.0,92.0,18,0,0,1,4,13,,,2.0,1.0,2.0,,1.0,,1.0,,,,,,,,1.0,2.0,,1.0,1.0,3.0,1.0,1.0,1.0,1.0,,,,1.0,1.0,1.0,,2.0,,,,,,,,27.0,303.0,113.0,21.0,59.0,5.0,2.0,3.0,39.0,99.0,19.0,64.0,16.0,18.0,3.0,18.0,14.0,11.2,4.2,0.8,2.2,0.2,0.1,0.1,0.1,0.7,0.5,0.39,0.57,0.3,0.89,13.4,2.5,7.0,0.6,0.2,0.4,0.4,2.1,1.7,,,,,0.49,0.53,0.07,0.37,,,,,,,,,,,,,,,,,,,,,,,,,,,
140,Jaylen Brown,,SF,PF,"6'6""",2-Way Mid-Paint Point Forward,1.86,,,,,,,,,,,,,faded:Shooter/Fouls,60.0,70.0,71.0,52.0,-140.0,200.0,39.0,9.0,126.0,28.0,28.0,11.0,42.0,,,2 S7f,,2 S8f,,,,2 S9,,,,2,,2,2,,,,2,13.6,-0.24,0.51,1.9,0.31,1.97,0.72,3.9,4.15,3.7,0.5,0.2,0.0,36.0,35.1,95.0,89.0,70.0,79.0,60.0,,90.0,95.0,88.0,80.0,78.0,98.0,98.0,85.0,79.0,88.0,69.0,84.0,95.0,95.0,82.0,80.0,96.0,40.0,94.0,69.0,80.0,80.0,85.0,95.0,79.0,78.0,86.0,76.0,84.0,72.0,74.0,70.0,89.0,46.0,52.0,86.0,87.0,85.0,58.0,42.0,73.0,98.0,95.0,23,0,0,8,8,7,2.0,,,3.0,3.0,2.0,3.0,,3.0,3.0,3.0,,,3.0,,,,2.0,1.0,,,,,,,1.0,1.0,2.0,1.0,2.0,2.0,2.0,,1.0,1.0,,1.0,,2.0,3.0,,36.0,1264.0,476.0,130.0,137.0,18.0,6.0,33.0,180.0,434.0,66.0,215.0,50.0,69.0,8.0,122.0,51.0,35.1,13.2,3.6,3.8,0.5,0.2,0.9,0.2,3.4,1.4,0.42,0.52,0.31,0.72,13.6,3.7,3.9,0.5,0.2,0.9,0.2,3.5,1.5,0.42,0.52,0.31,0.72,0.49,0.51,0.1,0.38,182.0,194.0,137.0,121.0,43.0,90.0,119.0,51.0,126.0,131.0,154.0,131.0,115.0,129.0,186.0,160.0,124.0,180.0,126.0,137.0,75.0,184.0,150.0,114.0,158.0,136.0,71.0
151,Rashard Lewis,,PF,SF,"6'10""",,1.76,,,,,,,,,,✅,,,D<85,165.0,194.0,161.0,166.0,,,,,,,,,,,,2 S8,,,,,,,1 S8,,,,,2,,,,,,13.3,-0.29,0.56,1.4,0.3,2.42,0.92,2.5,2.7,6.4,0.8,0.3,0.0,28.0,13.8,89.0,57.0,69.0,81.0,35.0,,93.0,90.0,92.0,93.0,84.0,98.0,98.0,78.0,81.0,57.0,70.0,80.0,90.0,85.0,80.0,76.0,88.0,50.0,80.0,74.0,79.0,69.0,90.0,80.0,74.0,75.0,78.0,74.0,82.0,60.0,67.0,69.0,57.0,74.0,53.0,74.0,75.0,70.0,52.0,40.0,63.0,84.0,92.0,6,0,0,3,3,0,2.0,2.0,,3.0,3.0,,,,,,2.0,,,,,,,,,,,,,,,,,,,,,,,,,,,,3.0,,,28.0,386.0,143.0,69.0,27.0,9.0,3.0,10.0,52.0,115.0,15.0,50.0,24.0,26.0,5.0,64.0,13.0,13.8,5.1,2.5,1.0,0.3,0.1,0.4,0.2,2.3,0.5,0.45,0.57,0.3,0.92,13.3,6.4,2.5,0.8,0.3,0.9,0.5,6.0,1.2,,,,,0.52,0.56,0.18,0.37,,,,,,,,,,,,,,,,,,,,,,,,,,,
793,Jalen Williams,Thunder,SF,PF,"6'5""",2-Way Point Forward,1.6,,,,✅,,,,,,,,,,105.0,,,104.0,-97.0,202.0,40.0,9.0,160.0,35.0,28.0,13.0,42.0,,,,,,,,,,,,,1,,1,2,1,,,2,11.3,-0.58,0.55,1.9,0.36,1.69,0.74,3.8,5.18,3.7,0.5,0.3,1.0,29.0,28.7,87.0,92.0,85.0,87.0,15.0,,76.0,85.0,72.0,79.0,83.0,70.0,70.0,85.0,87.0,92.0,68.0,83.0,90.0,90.0,80.0,67.0,88.0,25.0,80.0,67.0,67.0,66.0,54.0,87.0,80.0,78.0,86.0,83.0,78.0,73.0,82.0,85.0,92.0,66.0,51.0,92.0,90.0,95.0,50.0,37.0,62.0,65.0,95.0,24,0,0,9,8,7,2.0,,,2.0,1.0,,1.0,,2.0,,2.0,,,1.0,,,,1.0,2.0,,,1.0,2.0,,,3.0,1.0,3.0,1.0,3.0,3.0,3.0,2.0,3.0,3.0,,2.0,,3.0,3.0,,29.0,832.0,260.0,86.0,88.0,11.0,6.0,17.0,94.0,218.0,43.0,118.0,29.0,39.0,8.0,78.0,43.0,28.7,9.0,3.0,3.0,0.4,0.2,0.6,0.3,2.7,1.5,0.43,0.51,0.36,0.74,11.3,3.7,3.8,0.5,0.3,0.7,0.3,3.4,1.9,0.43,0.51,0.36,0.74,0.53,0.55,0.1,0.31,144.0,159.0,137.0,160.0,135.0,145.0,138.0,80.0,159.0,131.0,90.0,96.0,143.0,146.0,171.0,173.0,72.0,170.0,160.0,137.0,78.0,184.0,124.0,67.0,118.0,141.0,174.0
85,Mark Price,Cavaliers,PG,SG,"6'0""",,1.53,,,,,,,,,✅,,,,D<85 <6'2,193.0,178.0,201.0,187.0,,,,,,,,,,,,2 S8,,,,1 S8,,1 S8,,,,,,2,,,,,,19.5,0.64,0.46,4.1,0.28,0.86,1.0,5.6,13.0,0.9,0.4,0.0,0.0,15.0,11.2,93.0,78.0,25.0,80.0,0.0,,96.0,92.0,95.0,96.0,95.0,98.0,98.0,77.0,80.0,82.0,40.0,60.0,95.0,95.0,85.0,50.0,89.0,25.0,25.0,25.0,29.0,25.0,84.0,95.0,91.0,97.0,88.0,80.0,97.0,92.0,62.0,25.0,78.0,74.0,27.0,75.0,78.0,80.0,41.0,38.0,44.0,98.0,95.0,14,0,0,11,2,1,3.0,3.0,3.0,3.0,3.0,,3.0,,3.0,,,,,,,,1.0,,,3.0,,2.0,3.0,3.0,3.0,,,,,,,,,2.0,,,,,,,,15.0,168.0,91.0,4.0,26.0,2.0,0.0,2.0,34.0,98.0,19.0,67.0,4.0,4.0,0.0,4.0,3.0,11.2,6.1,0.3,1.7,0.1,0.0,0.1,0.0,0.3,0.2,0.35,0.48,0.28,1.0,19.5,0.9,5.6,0.4,0.0,0.4,0.0,0.9,0.6,,,,,0.44,0.46,0.02,0.54,,,,,,,,,,,,,,,,,,,,,,,,,,,
282,Brian Winters,,SG,,"6'4""",,1.51,,✅,,,,,,,,,,,D<85,182.0,128.0,158.0,168.0,-15.0,197.0,79.0,9.0,93.0,56.0,16.0,88.0,51.0,,,1 S8,,,,,,,,,,,,,,,,,,16.3,0.16,0.54,4.0,0.38,1.71,0.94,2.6,3.44,2.8,0.6,0.0,0.0,29.0,26.1,86.0,79.0,59.0,74.0,15.0,,89.0,80.0,84.0,87.0,88.0,98.0,95.0,82.0,74.0,74.0,66.0,76.0,98.0,91.0,95.0,63.0,80.0,41.0,60.0,31.0,45.0,70.0,75.0,98.0,77.0,79.0,76.0,70.0,79.0,79.0,72.0,59.0,79.0,84.0,54.0,79.0,75.0,75.0,60.0,59.0,61.0,68.0,95.0,8,0,0,6,2,0,3.0,3.0,,,3.0,,2.0,,2.0,,,,,,,,,,,,,,,,,,3.0,3.0,,,,,,3.0,,,,,,,,29.0,756.0,343.0,58.0,55.0,13.0,1.0,16.0,113.0,302.0,83.0,216.0,34.0,36.0,3.0,55.0,30.0,26.1,11.8,2.0,1.9,0.4,0.0,0.6,0.1,1.9,1.0,0.37,0.35,0.38,0.94,16.3,2.8,2.6,0.6,0.0,0.8,0.1,2.6,1.4,0.37,0.35,0.38,0.94,0.51,0.54,0.08,0.45,167.0,172.0,169.0,93.0,153.0,105.0,181.0,147.0,159.0,195.0,90.0,173.0,178.0,58.0,215.0,233.0,56.0,13.0,93.0,185.0,141.0,154.0,206.0,90.0,196.0,180.0,55.0
396,Jaden McDaniels,,SF,PF,"6'9""",2-Way Off-Screen Shooter,1.5,,,,,,,,,,,,,,210.0,345.0,266.0,179.0,-7.0,217.0,48.0,10.0,186.0,39.0,33.0,51.0,18.0,,,,,,,,,,,,2,2,,2,2,2,2,,2,9.6,-0.84,0.56,1.5,0.33,0.79,0.79,2.1,3.4,5.1,0.5,0.7,0.0,29.0,30.0,83.0,90.0,83.0,79.0,65.0,,78.0,92.0,88.0,86.0,85.0,70.0,50.0,80.0,79.0,91.0,60.0,80.0,85.0,85.0,90.0,60.0,84.0,40.0,75.0,52.0,56.0,54.0,37.0,85.0,56.0,44.0,78.0,70.0,40.0,47.0,79.0,83.0,90.0,46.0,68.0,88.0,88.0,90.0,48.0,44.0,52.0,60.0,95.0,15,0,0,4,5,6,1.0,,,2.0,,,,,,,1.0,,,,,,,2.0,,,,,,,,3.0,1.0,2.0,2.0,,3.0,3.0,,2.0,1.0,,1.0,,1.0,3.0,,29.0,870.0,232.0,124.0,51.0,13.0,17.0,15.0,90.0,197.0,37.0,113.0,15.0,19.0,9.0,115.0,49.0,30.0,8.0,4.3,1.8,0.4,0.6,0.5,0.3,4.0,1.7,0.46,0.63,0.33,0.79,9.6,5.1,2.1,0.5,0.7,0.6,0.4,4.8,2.0,0.46,0.63,0.33,0.79,0.55,0.56,0.14,0.27,117.0,142.0,104.0,184.0,122.0,160.0,100.0,153.0,159.0,69.0,63.0,96.0,102.0,183.0,139.0,64.0,102.0,130.0,186.0,104.0,176.0,184.0,75.0,39.0,94.0,103.0,192.0
418,Luguentz Dort,,SG,SF,"6'4""",2-Way Mid-Paint Bully,1.5,,,,✅,,,,,,,,,,,340.0,244.0,280.0,,216.0,88.0,10.0,222.0,96.0,63.0,64.0,42.0,,,,,,,,,,,,,1,,2,1,1,,,2,7.0,-1.23,0.49,1.6,0.32,1.05,0.93,3.7,16.67,2.9,0.9,0.4,0.0,22.0,21.9,80.0,94.0,75.0,79.0,20.0,,67.0,68.0,92.0,77.0,76.0,50.0,40.0,86.0,79.0,94.0,70.0,87.0,92.0,94.0,80.0,57.0,74.0,50.0,85.0,40.0,38.0,44.0,40.0,85.0,63.0,67.0,72.0,76.0,68.0,31.0,81.0,75.0,94.0,75.0,55.0,90.0,88.0,90.0,47.0,42.0,52.0,50.0,95.0,12,0,1,7,1,3,,,,1.0,1.0,,,,,,,,,1.0,,,,,,,,,,,,4.0,3.0,,3.0,3.0,3.0,3.0,,3.0,2.0,,,,,3.0,,22.0,481.0,93.0,39.0,50.0,12.0,6.0,3.0,29.0,88.0,22.0,68.0,13.0,14.0,4.0,35.0,20.0,21.9,4.2,1.8,2.3,0.5,0.3,0.1,0.2,1.6,0.9,0.33,0.35,0.32,0.93,7.0,2.9,3.7,0.9,0.4,0.2,0.3,2.6,1.5,0.33,0.35,0.32,0.93,0.46,0.49,0.08,0.19,212.0,210.0,169.0,222.0,172.0,217.0,195.0,124.0,126.0,108.0,1.0,131.0,201.0,42.0,231.0,232.0,104.0,21.0,222.0,176.0,84.0,38.0,107.0,2.0,118.0,180.0,71.0
166,Jerry Sloan,,SG,SF,"6'5""",,1.42,,,,✅,,,,,,,,,faded:Fouls,132.0,242.0,167.0,137.0,-97.0,229.0,95.0,10.0,142.0,75.0,44.0,90.0,34.0,,,,,2 S8f,,,,,,,,1,,2,,1,,,2,12.7,-0.38,0.43,2.4,0.24,1.52,0.79,2.5,2.84,3.2,0.6,0.1,0.0,36.0,21.7,89.0,96.0,52.0,80.0,30.0,,84.0,80.0,85.0,75.0,85.0,98.0,80.0,84.0,80.0,96.0,60.0,82.0,87.0,95.0,88.0,69.0,80.0,45.0,77.0,52.0,63.0,53.0,88.0,95.0,76.0,74.0,75.0,76.0,84.0,72.0,82.0,52.0,96.0,83.0,57.0,98.0,92.0,95.0,68.0,58.0,78.0,75.0,92.0,12,0,1,9,2,0,,,,,,,2.0,,2.0,,,,,,,,,,3.0,,,,,,,3.0,4.0,3.0,3.0,3.0,3.0,3.0,,3.0,,,,,3.0,,,36.0,781.0,275.0,70.0,54.0,14.0,3.0,19.0,98.0,305.0,53.0,219.0,26.0,33.0,4.0,66.0,30.0,21.7,7.6,1.9,1.5,0.4,0.1,0.5,0.1,1.8,0.8,0.32,0.52,0.24,0.79,12.7,3.2,2.5,0.6,0.1,0.9,0.2,3.0,1.4,0.32,0.52,0.24,0.79,0.41,0.43,0.09,0.35,227.0,230.0,156.0,142.0,175.0,169.0,187.0,178.0,159.0,155.0,63.0,173.0,183.0,29.0,232.0,157.0,157.0,133.0,142.0,163.0,147.0,154.0,170.0,114.0,158.0,160.0,55.0
324,Tony Allen,,SG,SF,"6'4""",,1.41,,,,✅,,,,,,,,,faded:Combo G,240.0,282.0,230.0,245.0,16.0,224.0,92.0,10.0,233.0,98.0,94.0,61.0,63.0,,,,,,,2 S7f,,,,,,1,,2,,1,,,2,3.5,-1.75,0.56,0.1,0.2,1.03,0.67,3.8,7.86,2.6,0.8,0.3,0.0,24.0,21.9,85.0,97.0,60.0,84.0,15.0,,69.0,74.0,72.0,72.0,70.0,92.0,35.0,83.0,84.0,97.0,75.0,78.0,90.0,85.0,73.0,66.0,83.0,35.0,85.0,42.0,63.0,52.0,75.0,96.0,59.0,58.0,70.0,71.0,59.0,36.0,84.0,60.0,97.0,86.0,53.0,97.0,95.0,97.0,64.0,68.0,60.0,50.0,92.0,11,0,2,6,1,2,,,,,,,1.0,,1.0,,2.0,,,,,,,,,,,,,,,3.0,3.0,3.0,3.0,4.0,3.0,4.0,,3.0,,,,,,,,24.0,525.0,51.0,38.0,55.0,12.0,4.0,7.0,20.0,39.0,1.0,5.0,10.0,15.0,3.0,35.0,27.0,21.9,2.1,1.6,2.3,0.5,0.2,0.3,0.1,1.5,1.1,0.51,0.56,0.2,0.67,3.5,2.6,3.8,0.8,0.3,0.5,0.2,2.4,1.9,0.51,0.56,0.2,0.67,0.53,0.56,0.07,0.1,149.0,150.0,193.0,233.0,172.0,232.0,205.0,124.0,126.0,131.0,16.0,173.0,204.0,74.0,91.0,119.0,169.0,212.0,233.0,197.0,78.0,69.0,124.0,29.0,158.0,197.0,174.0
792,Pascal Siakam,Pacers,PF,C,"6'8""",2-Way Inside-Out Creator,1.4,,,,,,,,,,✅,,,,130.0,,,122.0,-40.0,170.0,75.0,8.0,131.0,32.0,6.0,11.0,80.0,,,,,,,,,,1 S9,,2,,,,,,,,,13.2,-0.3,0.55,2.2,0.38,1.65,0.75,3.0,4.93,5.4,0.9,0.2,0.0,29.0,30.1,87.0,79.0,86.0,76.0,25.0,,86.0,97.0,82.0,82.0,74.0,85.0,98.0,80.0,76.0,78.0,70.0,79.0,95.0,80.0,82.0,83.0,80.0,80.0,80.0,88.0,88.0,88.0,68.0,90.0,72.0,72.0,79.0,69.0,79.0,61.0,73.0,86.0,79.0,41.0,55.0,86.0,82.0,80.0,61.0,53.0,69.0,80.0,92.0,21,0,0,2,6,13,,,,1.0,,1.0,1.0,1.0,3.0,,,1.0,1.0,,1.0,1.0,,,1.0,2.0,,,2.0,,2.0,,,1.0,,2.0,1.0,1.0,2.0,,3.0,1.0,,,,2.0,,29.0,874.0,321.0,130.0,74.0,21.0,4.0,15.0,119.0,272.0,53.0,140.0,30.0,40.0,3.0,127.0,26.0,30.1,11.1,4.5,2.6,0.7,0.1,0.5,0.1,4.4,0.9,0.44,0.5,0.38,0.75,13.2,5.4,3.0,0.9,0.2,0.6,0.1,5.2,1.1,0.44,0.5,0.38,0.75,0.54,0.55,0.15,0.37,141.0,157.0,98.0,128.0,121.0,109.0,98.0,104.0,59.0,155.0,63.0,173.0,92.0,42.0,163.0,184.0,61.0,165.0,131.0,99.0,119.0,38.0,150.0,39.0,196.0,95.0,14.0
387,OG Anunoby,,SF,PF,"6'7""",2-Way High Flyer,1.4,,,,,,,,,,,,,,159.0,210.0,179.0,130.0,-67.0,226.0,51.0,10.0,231.0,52.0,40.0,52.0,29.0,,,,,,,,,,,,2,2,,2,2,2,,,2,5.0,-1.53,0.52,0.8,0.31,1.61,0.73,1.5,3.42,4.5,0.8,0.4,0.0,29.0,33.9,85.0,90.0,81.0,81.0,35.0,,75.0,71.0,58.0,81.0,79.0,80.0,80.0,82.0,81.0,91.0,68.0,85.0,85.0,85.0,81.0,60.0,75.0,60.0,85.0,38.0,37.0,36.0,60.0,90.0,58.0,58.0,72.0,71.0,52.0,38.0,82.0,81.0,90.0,76.0,62.0,89.0,89.0,90.0,52.0,47.0,58.0,75.0,95.0,15,0,0,6,5,4,1.0,,,3.0,,,,,,,,,,,,,,1.0,,,,,1.0,,,3.0,3.0,1.0,2.0,2.0,3.0,3.0,,2.0,2.0,,,,3.0,2.0,,29.0,982.0,137.0,122.0,41.0,22.0,12.0,12.0,42.0,112.0,21.0,67.0,32.0,44.0,7.0,115.0,37.0,33.9,4.7,4.2,1.4,0.8,0.4,0.4,0.2,4.0,1.3,0.38,0.47,0.31,0.73,5.0,4.5,1.5,0.8,0.4,0.4,0.3,4.2,1.4,0.38,0.47,0.31,0.73,0.47,0.52,0.12,0.14,203.0,182.0,119.0,231.0,66.0,213.0,103.0,185.0,29.0,92.0,33.0,131.0,102.0,107.0,214.0,207.0,116.0,178.0,231.0,116.0,207.0,69.0,107.0,12.0,118.0,119.0,55.0
45,Isiah Thomas,Pistons,PG,SG,"6'1""",,1.38,,,,,,,,,🟡,,,,<6'2 faded:Driver/Fouls,86.0,133.0,136.0,159.0,-76.0,162.0,61.0,7.0,148.0,78.0,84.0,10.0,70.0,,,,2 S8f,1 S7f,,2 S9,,2 S9,,,,,,1,,2,,,2,12.3,-0.44,0.55,0.6,0.31,2.55,0.81,7.6,5.57,2.5,0.7,0.0,0.0,29.0,20.9,95.0,85.0,40.0,94.0,25.0,,90.0,95.0,92.0,76.0,82.0,98.0,98.0,88.0,94.0,88.0,65.0,84.0,97.0,96.0,90.0,59.0,97.0,25.0,65.0,25.0,29.0,44.0,94.0,92.0,97.0,97.0,97.0,94.0,98.0,97.0,70.0,40.0,85.0,84.0,35.0,84.0,78.0,85.0,40.0,35.0,45.0,68.0,99.0,18,1,2,11,1,3,,,,,,,3.0,,3.0,,2.0,,,,,,3.0,3.0,,4.0,5.0,3.0,3.0,3.0,4.0,3.0,1.0,,3.0,1.0,3.0,1.0,,3.0,,,,,,,,29.0,607.0,207.0,42.0,128.0,12.0,0.0,23.0,81.0,168.0,10.0,32.0,35.0,43.0,5.0,37.0,21.0,20.9,7.1,1.4,4.4,0.4,0.0,0.8,0.2,1.3,0.7,0.48,0.52,0.31,0.81,12.3,2.5,7.6,0.7,0.0,1.4,0.3,2.2,1.2,0.48,0.52,0.31,0.81,0.51,0.55,0.07,0.34,167.0,157.0,193.0,148.0,183.0,179.0,212.0,40.0,159.0,195.0,130.0,131.0,213.0,13.0,112.0,159.0,116.0,112.0,148.0,204.0,11.0,109.0,206.0,195.0,118.0,210.0,21.0
424,Chet Holmgren,,PF,C,"7'1""",Backline Crafty 3-Level Scorer,1.37,,,,,,,,,,✅,,,,101.0,116.0,111.0,95.0,-43.0,144.0,70.0,7.0,179.0,58.0,12.0,71.0,48.0,,,,,,,,,,1 S9,,,,,,,,,,,10.2,-0.75,0.68,1.5,0.36,0.58,0.73,1.0,1.56,10.5,0.7,1.5,0.0,29.0,31.9,88.0,75.0,85.0,75.0,45.0,,85.0,95.0,94.0,78.0,79.0,90.0,75.0,74.0,75.0,75.0,45.0,75.0,87.0,90.0,80.0,82.0,85.0,75.0,75.0,79.0,79.0,79.0,85.0,95.0,58.0,60.0,65.0,67.0,59.0,37.0,77.0,85.0,75.0,36.0,90.0,88.0,78.0,85.0,74.0,62.0,86.0,80.0,95.0,18,0,0,4,6,8,1.0,,,2.0,,3.0,,,,2.0,,2.0,,1.0,1.0,2.0,,,1.0,,,,1.0,,,,,3.0,1.0,,1.0,,3.0,,3.0,1.0,2.0,,,2.0,,29.0,926.0,263.0,270.0,25.0,17.0,38.0,16.0,107.0,187.0,38.0,105.0,11.0,15.0,17.0,253.0,39.0,31.9,9.1,9.3,0.9,0.6,1.3,0.6,0.6,8.7,1.3,0.57,0.84,0.36,0.73,10.2,10.5,1.0,0.7,1.5,0.6,0.7,9.8,1.5,0.57,0.84,0.36,0.73,0.67,0.68,0.29,0.28,33.0,38.0,48.0,179.0,106.0,142.0,39.0,216.0,90.0,29.0,90.0,72.0,29.0,107.0,62.0,2.0,74.0,172.0,179.0,48.0,221.0,109.0,27.0,39.0,71.0,29.0,71.0
183,Joe Caldwell,,SG,SF,"6'5""",,1.3,,,,✅,,,,,,,,,,251.0,288.0,175.0,229.0,,,,,,,,,,,,,,,,,,,,,,1,,2,,1,,,2,4.9,-1.54,0.76,0.0,0.0,0.55,1.0,4.9,4.5,3.5,0.5,0.0,0.0,13.0,10.2,88.0,90.0,68.0,83.0,15.0,,87.0,92.0,78.0,78.0,87.0,92.0,95.0,85.0,83.0,92.0,65.0,78.0,98.0,97.0,81.0,74.0,90.0,40.0,80.0,49.0,78.0,72.0,89.0,93.0,78.0,75.0,86.0,79.0,78.0,72.0,78.0,68.0,90.0,77.0,47.0,89.0,88.0,90.0,54.0,49.0,58.0,98.0,92.0,9,0,0,6,0,3,,,,,,1.0,1.0,,1.0,,,,,,,,,,,,,,,,,3.0,3.0,3.0,3.0,,3.0,,,3.0,,,,,,,,13.0,132.0,18.0,13.0,18.0,2.0,0.0,4.0,8.0,11.0,0.0,1.0,2.0,2.0,1.0,12.0,7.0,10.2,1.4,1.0,1.4,0.2,0.0,0.3,0.1,0.9,0.5,0.73,0.8,0.0,1.0,4.9,3.5,4.9,0.5,0.0,1.1,0.3,3.3,1.9,,,,,0.73,0.76,0.1,0.14,,,,,,,,,,,,,,,,,,,,,,,,,,,
273,Bruce Bowen,Spurs,SF,SG,"6'7""",,1.3,,,,✅,,,,,,,,,,123.0,102.0,117.0,105.0,-92.0,215.0,47.0,10.0,182.0,38.0,18.0,26.0,49.0,,,,,,,,,,,,,1,,2,,1,,,2,9.9,-0.79,0.55,2.2,0.36,1.12,0.55,3.2,5.5,3.1,0.5,0.5,0.0,29.0,34.3,86.0,96.0,64.0,78.0,20.0,,82.0,70.0,88.0,91.0,63.0,80.0,98.0,82.0,78.0,96.0,75.0,67.0,91.0,85.0,80.0,62.0,70.0,35.0,65.0,35.0,48.0,74.0,79.0,90.0,68.0,77.0,76.0,68.0,80.0,38.0,81.0,64.0,96.0,69.0,61.0,95.0,88.0,97.0,42.0,36.0,47.0,80.0,92.0,8,0,2,6,0,0,,3.0,,,,,,,,,,,,,,,,,,,,,,,,4.0,3.0,3.0,,3.0,4.0,3.0,,3.0,,,,,,,,29.0,995.0,274.0,86.0,88.0,14.0,13.0,16.0,98.0,235.0,61.0,169.0,17.0,31.0,4.0,82.0,48.0,34.3,9.4,3.0,3.0,0.5,0.4,0.6,0.1,2.8,1.7,0.42,0.56,0.36,0.55,9.9,3.1,3.2,0.5,0.5,0.6,0.1,3.0,1.7,0.42,0.56,0.36,0.55,0.55,0.55,0.09,0.28,122.0,162.0,156.0,179.0,56.0,135.0,138.0,80.0,126.0,92.0,90.0,173.0,137.0,183.0,184.0,116.0,76.0,223.0,182.0,165.0,109.0,184.0,90.0,39.0,196.0,160.0,122.0
170,Richard Hamilton,Pistons,SG,SF,"6'6""",,1.27,,,,,,,,,,,,,,120.0,109.0,125.0,127.0,-23.0,143.0,51.0,7.0,67.0,41.0,37.0,74.0,37.0,,,,,,,,,,,,,2,,,,,,,,18.8,0.54,0.54,2.8,0.33,2.59,0.88,3.2,7.36,3.0,0.5,0.1,1.0,26.0,34.8,89.0,89.0,64.0,76.0,10.0,,91.0,82.0,92.0,90.0,86.0,98.0,97.0,74.0,76.0,94.0,50.0,62.0,94.0,75.0,70.0,64.0,85.0,35.0,70.0,35.0,70.0,60.0,71.0,86.0,76.0,76.0,78.0,79.0,76.0,71.0,74.0,64.0,89.0,65.0,37.0,85.0,88.0,90.0,43.0,41.0,45.0,53.0,92.0,8,0,1,3,4,0,3.0,2.0,,3.0,4.0,,2.0,,2.0,,,,,,,,,,,,,,,,,,,,,,,,,2.0,,,,,3.0,,,26.0,904.0,472.0,76.0,81.0,13.0,2.0,11.0,172.0,407.0,71.0,215.0,57.0,65.0,4.0,72.0,17.0,34.8,18.2,2.9,3.1,0.5,0.1,0.4,0.2,2.8,0.7,0.42,0.53,0.33,0.88,18.8,3.0,3.2,0.5,0.1,0.4,0.2,2.9,0.7,0.42,0.53,0.33,0.88,0.51,0.54,0.08,0.52,172.0,170.0,169.0,67.0,48.0,56.0,145.0,75.0,126.0,155.0,33.0,131.0,137.0,13.0,177.0,151.0,99.0,48.0,67.0,169.0,109.0,184.0,170.0,12.0,158.0,168.0,2.0
298,Michael Cooper,Lakers,SG,PG,"6'5""",,1.2,,,,✅,,,,,,,,,,202.0,195.0,189.0,161.0,-29.0,231.0,97.0,10.0,182.0,86.0,51.0,79.0,63.0,,,,,,,,,,,,,1,,,2,1,,,2,9.9,-0.79,0.49,2.1,0.34,1.47,0.89,3.0,3.13,2.6,0.4,0.3,0.0,29.0,31.3,86.0,98.0,84.0,75.0,15.0,,77.0,80.0,80.0,83.0,87.0,80.0,50.0,82.0,75.0,97.0,50.0,75.0,82.0,95.0,97.0,63.0,79.0,62.0,84.0,36.0,51.0,55.0,57.0,80.0,70.0,63.0,76.0,75.0,64.0,71.0,84.0,84.0,98.0,65.0,51.0,96.0,94.0,98.0,45.0,41.0,48.0,75.0,92.0,7,0,4,3,0,0,,,,,,,,,,,,,,,,,,,,,,,,,,4.0,3.0,3.0,,4.0,4.0,4.0,,3.0,,,,,,,,29.0,909.0,250.0,65.0,75.0,10.0,7.0,24.0,82.0,237.0,53.0,155.0,33.0,37.0,3.0,62.0,37.0,31.3,8.6,2.2,2.6,0.3,0.2,0.8,0.1,2.1,1.3,0.35,0.35,0.34,0.89,9.9,2.6,3.0,0.4,0.3,1.0,0.1,2.5,1.5,0.35,0.35,0.34,0.89,0.46,0.49,0.07,0.28,210.0,210.0,193.0,179.0,112.0,149.0,171.0,104.0,197.0,131.0,130.0,173.0,168.0,107.0,227.0,231.0,91.0,39.0,182.0,197.0,119.0,211.0,124.0,136.0,196.0,186.0,71.0
316,James Donaldson,,C,,"7'2""",,1.19,,,,,,,,,,,✅,,D<85,155.0,99.0,137.0,196.0,17.0,138.0,67.0,6.0,224.0,79.0,36.0,33.0,39.0,,,,,,,,,,,1 S9,,,,,,,,,,6.9,-1.24,0.77,0.0,,0.74,0.46,2.0,3.33,11.5,0.5,1.1,0.0,28.0,19.2,85.0,55.0,83.0,63.0,99.0,,70.0,92.0,73.0,25.0,81.0,80.0,70.0,77.0,63.0,55.0,90.0,68.0,85.0,95.0,82.0,77.0,74.0,75.0,65.0,85.0,81.0,88.0,68.0,80.0,48.0,59.0,40.0,30.0,59.0,50.0,76.0,83.0,55.0,60.0,86.0,83.0,78.0,85.0,88.0,87.0,89.0,70.0,92.0,8,0,0,8,0,0,,,,3.0,,3.0,,,,,,3.0,,,3.0,,,,3.0,,,,,,,,,,,,,,3.0,,,3.0,,3.0,,,,28.0,537.0,103.0,171.0,30.0,8.0,17.0,9.0,49.0,62.0,0.0,0.0,5.0,11.0,30.0,141.0,21.0,19.2,3.7,6.1,1.1,0.3,0.6,0.3,1.1,5.0,0.8,0.79,0.79,,0.46,6.9,11.5,2.0,0.5,1.1,0.6,2.0,9.5,1.4,0.79,0.79,,0.46,0.79,0.77,0.32,0.19,6.0,7.0,37.0,222.0,203.0,227.0,69.0,204.0,197.0,69.0,16.0,50.0,73.0,29.0,6.0,9.0,,229.0,224.0,39.0,182.0,184.0,54.0,39.0,42.0,38.0,55.0
338,Andrea Bargnani,,C,,"7'0""",,1.16,,,,,,,,,,✅,,,D<85,220.0,289.0,243.0,240.0,102.0,118.0,56.0,6.0,160.0,43.0,14.0,63.0,70.0,,,,,,,,,,1 S7,,,,,,,,,,,11.3,-0.58,0.72,1.3,0.5,0.88,0.94,1.3,3.43,8.2,0.8,1.2,0.0,29.0,22.7,84.0,47.0,84.0,66.0,40.0,,84.0,85.0,77.0,90.0,84.0,89.0,80.0,78.0,66.0,52.0,90.0,75.0,90.0,95.0,80.0,72.0,69.0,75.0,60.0,84.0,81.0,88.0,61.0,60.0,57.0,65.0,42.0,54.0,74.0,48.0,68.0,84.0,47.0,62.0,85.0,75.0,61.0,65.0,75.0,72.0,77.0,80.0,92.0,11,0,0,2,6,3,,,,2.0,1.0,,,,,,,2.0,2.0,3.0,2.0,3.0,,,,,,,,,,,,,,,,,,,2.0,1.0,2.0,1.0,,,,29.0,657.0,206.0,149.0,24.0,14.0,21.0,7.0,84.0,137.0,23.0,46.0,15.0,16.0,8.0,141.0,40.0,22.7,7.1,5.1,0.8,0.5,0.7,0.2,0.3,4.9,1.4,0.61,0.67,0.5,0.94,11.3,8.2,1.3,0.8,1.2,0.4,0.4,7.7,2.2,0.61,0.67,0.5,0.94,0.7,0.72,0.23,0.31,23.0,20.0,68.0,160.0,169.0,179.0,84.0,218.0,126.0,63.0,4.0,96.0,76.0,129.0,50.0,43.0,5.0,16.0,160.0,70.0,213.0,69.0,47.0,12.0,94.0,63.0,214.0
131,Rajon Rondo,Celtics,PG,,"6'1""",,1.11,,,,✅,,,,,🟡,,,,<6'2 faded:Passer,207.0,181.0,197.0,149.0,-26.0,233.0,98.0,10.0,227.0,97.0,94.0,14.0,83.0,,,,,,,2 S9,,2 S7f,,,,1,,1,,1,,,2,6.0,-1.38,0.38,0.1,0.08,1.38,0.4,7.1,4.12,2.1,0.7,0.1,0.0,24.0,21.7,90.0,92.0,36.0,85.0,25.0,,75.0,75.0,74.0,75.0,61.0,92.0,75.0,81.0,85.0,93.0,48.0,85.0,88.0,92.0,79.0,58.0,97.0,25.0,30.0,60.0,50.0,50.0,61.0,90.0,94.0,97.0,92.0,96.0,97.0,90.0,77.0,36.0,92.0,95.0,37.0,84.0,97.0,95.0,50.0,46.0,54.0,55.0,95.0,19,0,1,18,0,0,,,,,,,3.0,,3.0,,3.0,,,,,,3.0,3.0,3.0,3.0,,4.0,3.0,3.0,3.0,3.0,3.0,,3.0,3.0,3.0,3.0,,3.0,,,,,,3.0,,24.0,520.0,86.0,30.0,103.0,10.0,1.0,25.0,38.0,105.0,2.0,26.0,8.0,20.0,2.0,28.0,22.0,21.7,3.6,1.3,4.3,0.4,0.0,1.0,0.1,1.2,0.9,0.36,0.46,0.08,0.4,6.0,2.1,7.1,0.7,0.1,1.7,0.1,1.9,1.5,0.36,0.46,0.08,0.4,0.37,0.38,0.06,0.17,233.0,233.0,213.0,227.0,175.0,228.0,217.0,43.0,159.0,195.0,169.0,173.0,219.0,42.0,222.0,212.0,191.0,231.0,227.0,218.0,15.0,109.0,170.0,215.0,196.0,221.0,71.0
299,Paul Pressey,1984-85 Bucks,SG,SF,"6'5""",,1.1,,,,✅,,,,,,,,,,282.0,,273.0,297.0,,,,,,,,,,,,,,,,,,,,,,1,,,,1,,,2,6.8,-1.26,0.36,0.0,0.0,3.19,0.71,8.4,18.5,4.8,0.2,0.5,0.0,16.0,9.9,85.0,92.0,57.0,62.0,40.0,,77.0,77.0,74.0,67.0,75.0,79.0,90.0,86.0,62.0,91.0,69.0,92.0,98.0,98.0,90.0,74.0,85.0,62.0,90.0,49.0,66.0,60.0,84.0,98.0,75.0,79.0,78.0,67.0,79.0,72.0,76.0,57.0,92.0,69.0,59.0,81.0,80.0,95.0,59.0,59.0,59.0,70.0,92.0,16,0,0,11,3,2,,,,,,2.0,3.0,,3.0,,,,,,,,,,,1.0,2.0,3.0,3.0,3.0,1.0,3.0,3.0,2.0,,3.0,3.0,3.0,,3.0,,,,,,,,16.0,158.0,30.0,21.0,37.0,1.0,2.0,2.0,10.0,35.0,0.0,6.0,10.0,14.0,1.0,20.0,13.0,9.9,1.9,1.3,2.3,0.1,0.1,0.1,0.1,1.2,0.8,0.29,0.34,0.0,0.71,6.8,4.8,8.4,0.2,0.5,0.5,0.2,4.6,3.0,,,,,0.29,0.36,0.13,0.19,,,,,,,,,,,,,,,,,,,,,,,,,,,
184,Arvydas Sabonis,Trail Blazers,C,PF,"7'3""",,1.1,,,,,,,,,,,✅,,D<85,181.0,169.0,178.0,205.0,45.0,136.0,65.0,6.0,218.0,74.0,36.0,36.0,47.0,,,,,,,,,,,1 S7,,,,,,,,,,7.6,-1.14,0.68,0.0,0.0,1.11,0.69,1.9,5.6,10.7,0.8,1.0,0.0,27.0,19.1,88.0,28.0,84.0,50.0,65.0,,88.0,90.0,86.0,80.0,84.0,95.0,95.0,68.0,50.0,28.0,88.0,57.0,95.0,72.0,83.0,76.0,52.0,85.0,60.0,89.0,70.0,87.0,71.0,90.0,63.0,82.0,38.0,25.0,88.0,83.0,69.0,84.0,28.0,61.0,73.0,85.0,71.0,80.0,82.0,74.0,89.0,80.0,92.0,18,0,0,15,3,0,,,,3.0,,3.0,,2.0,,3.0,,3.0,3.0,,3.0,3.0,,3.0,2.0,3.0,,,,,3.0,3.0,,2.0,,,,,3.0,,3.0,3.0,,3.0,,,,27.0,517.0,109.0,154.0,28.0,12.0,14.0,5.0,49.0,73.0,0.0,1.0,11.0,16.0,26.0,128.0,15.0,19.1,4.0,5.7,1.0,0.4,0.5,0.2,1.0,4.7,0.6,0.67,0.68,0.0,0.69,7.6,10.7,1.9,0.8,1.0,0.3,1.8,8.9,1.0,0.67,0.68,0.0,0.69,0.67,0.68,0.3,0.21,36.0,35.0,46.0,216.0,204.0,223.0,75.0,211.0,159.0,81.0,4.0,55.0,82.0,6.0,27.0,37.0,194.0,201.0,218.0,47.0,185.0,69.0,59.0,6.0,47.0,48.0,9.0
260,Geoff Petrie,,SG,PG,"6'4""",,1.08,,,,,,,,🟡,✅,,,,D<85,246.0,253.0,278.0,281.0,,,,,,,,,,,,,,,2 S8,1 S8,,2 S8,,,,,,2,,,,,,14.3,,0.47,1.3,0.2,2.17,0.8,4.8,,5.2,0.0,0.0,0.0,22.0,3.8,87.0,77.0,62.0,84.0,25.0,,89.0,84.0,88.0,86.0,85.0,90.0,98.0,83.0,84.0,80.0,70.0,78.0,95.0,95.0,80.0,67.0,86.0,35.0,65.0,54.0,68.0,68.0,60.0,97.0,81.0,82.0,86.0,83.0,82.0,74.0,69.0,62.0,77.0,77.0,55.0,75.0,70.0,65.0,52.0,47.0,56.0,98.0,99.0,16,0,0,8,0,8,,,3.0,,3.0,,3.0,,3.0,,,,,,,,1.0,3.0,3.0,1.0,3.0,1.0,1.0,1.0,1.0,,1.0,1.0,,,,,,3.0,,,,,,,,22.0,83.0,33.0,12.0,11.0,0.0,0.0,0.0,13.0,33.0,3.0,15.0,4.0,5.0,0.0,12.0,5.0,3.8,1.5,0.5,0.5,0.0,0.0,0.0,0.0,0.5,0.2,0.39,0.56,0.2,0.8,14.3,5.2,4.8,0.0,0.0,0.0,0.0,5.2,2.2,,,,,0.44,0.47,0.14,0.4,,,,,,,,,,,,,,,,,,,,,,,,,,,
277,Kristaps Porzingis,,C,PF,"7'2""",Shot-Erasing Stretch Riser,1.05,,,,,,,,,,✅,,,D<85,197.0,162.0,159.0,186.0,75.0,122.0,59.0,6.0,121.0,28.0,9.0,41.0,77.0,,,,,,,,,,1 S9,,,,,,,,,,,13.9,-0.2,0.71,1.9,0.39,1.17,0.8,1.8,2.6,6.4,0.5,1.4,0.0,28.0,27.5,84.0,56.0,75.0,66.0,35.0,,84.0,91.0,94.0,80.0,84.0,75.0,80.0,72.0,66.0,65.0,74.0,78.0,80.0,70.0,77.0,77.0,79.0,85.0,75.0,81.0,84.0,81.0,47.0,85.0,57.0,50.0,68.0,56.0,40.0,70.0,63.0,75.0,56.0,37.0,87.0,74.0,60.0,55.0,64.0,65.0,64.0,60.0,95.0,15,0,0,1,8,6,2.0,1.0,,3.0,,,,2.0,,2.0,1.0,2.0,1.0,,2.0,1.0,,,2.0,,,,,,,,,2.0,,,,,1.0,,,1.0,,2.0,,,,28.0,769.0,296.0,136.0,39.0,10.0,29.0,15.0,118.0,197.0,40.0,102.0,20.0,25.0,11.0,125.0,42.0,27.5,10.6,4.9,1.4,0.4,1.0,0.5,0.4,4.5,1.5,0.6,0.82,0.39,0.8,13.9,6.4,1.8,0.5,1.4,0.7,0.5,5.9,2.0,0.6,0.82,0.39,0.8,0.7,0.71,0.18,0.38,21.0,22.0,83.0,121.0,145.0,117.0,89.0,185.0,159.0,43.0,63.0,85.0,84.0,146.0,56.0,5.0,51.0,122.0,121.0,85.0,190.0,184.0,33.0,67.0,86.0,85.0,192.0
256,Glenn Robinson,Bucks,SF,,"6'7""",,1.02,,,,,,,,,,,,,D<85 faded:Shooter/Glue/Passer,97.0,146.0,93.0,98.0,-44.0,141.0,23.0,7.0,78.0,18.0,17.0,31.0,14.0,,,2 S7f,,,,,2 S8f,2 S8f,,,2,,,1,,,,,,17.7,0.37,0.48,2.3,0.3,2.81,0.82,3.0,3.35,5.7,0.8,0.6,1.0,28.0,32.5,87.0,84.0,79.0,85.0,50.0,,89.0,88.0,84.0,83.0,84.0,97.0,95.0,86.0,85.0,85.0,85.0,86.0,95.0,89.0,75.0,83.0,80.0,65.0,90.0,84.0,84.0,84.0,80.0,99.0,81.0,80.0,86.0,84.0,84.0,69.0,80.0,79.0,84.0,77.0,74.0,84.0,83.0,80.0,79.0,79.0,79.0,25.0,92.0,12,0,0,4,5,3,,,,3.0,1.0,2.0,,,,,3.0,2.0,1.0,,2.0,,,3.0,,,,,2.0,,,,,,,,1.0,,,,,,2.0,,,3.0,,28.0,909.0,447.0,143.0,77.0,19.0,15.0,23.0,165.0,433.0,59.0,195.0,58.0,71.0,16.0,127.0,40.0,32.5,16.0,5.1,2.8,0.7,0.5,0.8,0.6,4.5,1.4,0.38,0.44,0.3,0.82,17.7,5.7,3.0,0.8,0.6,0.9,0.6,5.0,1.6,0.38,0.44,0.3,0.82,0.45,0.48,0.16,0.49,214.0,217.0,94.0,78.0,92.0,72.0,84.0,98.0,59.0,81.0,130.0,72.0,84.0,129.0,212.0,217.0,126.0,106.0,78.0,96.0,119.0,69.0,82.0,114.0,81.0,100.0,102.0
263,Doug Collins,,SG,SF,"6'6""",,0.95,,,,,,,🟡,,,,,,D<85 faded:Shooter/Combo G,196.0,185.0,97.0,188.0,21.0,175.0,68.0,8.0,118.0,65.0,43.0,66.0,55.0,,,2 S7f,,,,2 S7f,2 S9,2 S9,,,,,,,,,,,,14.2,-0.15,0.6,2.6,0.39,1.37,0.96,3.6,4.31,2.7,0.7,0.1,0.0,29.0,23.6,87.0,84.0,42.0,73.0,30.0,,92.0,92.0,94.0,84.0,88.0,97.0,95.0,74.0,73.0,84.0,45.0,50.0,95.0,97.0,77.0,64.0,88.0,42.0,42.0,70.0,60.0,33.0,80.0,98.0,75.0,79.0,77.0,74.0,79.0,64.0,70.0,42.0,84.0,78.0,37.0,84.0,82.0,85.0,39.0,41.0,37.0,75.0,92.0,9,0,0,4,3,2,2.0,2.0,,,3.0,,1.0,,1.0,,2.0,,,,,,,,,,,,,,,,3.0,,,,,,,3.0,,,,,3.0,,,29.0,684.0,270.0,51.0,69.0,13.0,2.0,16.0,98.0,213.0,49.0,125.0,25.0,26.0,6.0,45.0,28.0,23.6,9.3,1.8,2.4,0.4,0.1,0.6,0.2,1.6,1.0,0.46,0.56,0.39,0.96,14.2,2.7,3.6,0.7,0.1,0.8,0.3,2.4,1.5,0.46,0.56,0.39,0.96,0.57,0.6,0.07,0.39,97.0,100.0,193.0,118.0,165.0,139.0,195.0,117.0,159.0,155.0,90.0,131.0,201.0,58.0,135.0,122.0,51.0,10.0,118.0,189.0,91.0,109.0,170.0,90.0,118.0,197.0,71.0
783,Ja Morant,Grizzlies,PG,SG,"6'2""",Blow-By Dual Finisher,0.9,,,,,,,,,✅,,,,D<85,71.0,,,87.0,-123.0,194.0,76.0,9.0,118.0,65.0,58.0,51.0,76.0,,,,,,,1 S9,,1 S9,,,,,,1,,,,,,14.2,-0.15,0.55,1.9,0.32,1.87,0.88,5.0,4.13,2.4,0.4,0.4,0.0,34.0,27.1,89.0,79.0,39.0,92.0,50.0,,89.0,95.0,83.0,79.0,82.0,98.0,98.0,84.0,92.0,81.0,52.0,93.0,95.0,95.0,80.0,64.0,96.0,25.0,95.0,34.0,37.0,37.0,95.0,95.0,92.0,92.0,93.0,92.0,93.0,88.0,63.0,39.0,79.0,49.0,50.0,75.0,78.0,70.0,54.0,46.0,61.0,40.0,95.0,19,0,0,13,3,3,,1.0,2.0,1.0,1.0,3.0,3.0,,3.0,,,,,3.0,,,3.0,3.0,3.0,2.0,3.0,3.0,3.0,3.0,2.0,,,3.0,,,,,,,,,,,,3.0,,34.0,922.0,364.0,61.0,128.0,9.0,10.0,31.0,137.0,308.0,48.0,150.0,42.0,48.0,2.0,59.0,36.0,27.1,10.7,1.8,3.8,0.3,0.3,0.9,0.1,1.7,1.1,0.44,0.56,0.32,0.88,14.2,2.4,5.0,0.4,0.4,1.2,0.1,2.3,1.4,0.44,0.56,0.32,0.88,0.52,0.55,0.07,0.39,155.0,159.0,193.0,118.0,147.0,115.0,195.0,51.0,197.0,108.0,154.0,173.0,193.0,74.0,150.0,113.0,107.0,49.0,118.0,210.0,57.0,211.0,107.0,166.0,196.0,203.0,55.0
419,Alex Caruso,,SF,PG,"6'5""",2-Way Mid-Range Menace,0.9,,,,,,,,,,,,,,248.0,249.0,253.0,271.0,,,,,,,,,,,,,,,,,,,,,,2,,2,,2,,,2,0.0,,0.0,0.0,0.0,0.0,,0.0,0.0,3.3,0.0,0.0,,3.0,7.3,79.0,93.0,51.0,82.0,35.0,,68.0,90.0,82.0,74.0,79.0,50.0,35.0,75.0,82.0,94.0,31.0,72.0,85.0,85.0,81.0,52.0,75.0,35.0,75.0,30.0,43.0,29.0,40.0,85.0,73.0,75.0,78.0,82.0,75.0,57.0,82.0,51.0,93.0,97.0,57.0,90.0,92.0,95.0,47.0,40.0,54.0,30.0,95.0,11,0,0,5,2,4,,,,,,1.0,,,,,,,,,,,,1.0,,,,,1.0,,,3.0,3.0,,1.0,2.0,2.0,3.0,,3.0,,,,,,3.0,,3.0,22.0,0.0,2.0,0.0,0.0,0.0,1.0,0.0,6.0,0.0,5.0,0.0,0.0,0.0,2.0,0.0,7.3,0.0,0.7,0.0,0.0,0.0,0.3,0.0,0.7,0.0,0.0,0.0,0.0,,0.0,3.3,0.0,0.0,0.0,1.6,0.0,3.3,0.0,,,,,0.0,0.0,0.09,0.0,,,,,,,,,,,,,,,,,,,,,,,,,,,
310,Jack Marin,,SF,SG,"6'7""",,0.8,,,,,,,,,,,,,,243.0,296.0,294.0,266.0,35.0,208.0,42.0,9.0,206.0,45.0,45.0,11.0,51.0,,,,,,,,,,,,2,,,2,2,2,,,,8.3,-1.03,0.49,0.1,0.25,1.62,1.0,3.9,5.8,3.0,0.9,0.5,0.0,14.0,19.0,86.0,85.0,78.0,83.0,30.0,,85.0,85.0,84.0,86.0,89.0,75.0,90.0,84.0,83.0,85.0,78.0,77.0,90.0,85.0,88.0,63.0,85.0,65.0,70.0,29.0,48.0,44.0,82.0,78.0,77.0,74.0,86.0,78.0,75.0,70.0,79.0,78.0,85.0,70.0,65.0,85.0,84.0,85.0,79.0,78.0,79.0,80.0,92.0,12,0,0,3,9,0,,,,,,,2.0,,2.0,,3.0,,,,,,,3.0,,,,,2.0,2.0,,,,,3.0,,2.0,,,2.0,,,2.0,,2.0,2.0,,14.0,266.0,61.0,22.0,29.0,7.0,4.0,5.0,24.0,57.0,1.0,4.0,12.0,12.0,0.0,22.0,23.0,19.0,4.4,1.6,2.1,0.5,0.3,0.4,0.0,1.6,1.6,0.42,0.43,0.25,1.0,8.3,3.0,3.9,0.9,0.5,0.7,0.0,3.0,3.1,0.42,0.43,0.25,1.0,0.43,0.49,0.08,0.23,219.0,214.0,169.0,204.0,206.0,215.0,205.0,131.0,126.0,108.0,33.0,217.0,201.0,165.0,178.0,221.0,151.0,1.0,206.0,169.0,75.0,38.0,90.0,67.0,224.0,160.0,233.0
342,Nicolas Claxton,,C,,"6'11""",Lockdown Defender,0.8,,,,,,,,,,,✅,,D<85,201.0,217.0,217.0,241.0,30.0,171.0,76.0,8.0,222.0,78.0,36.0,58.0,72.0,,,,,,,,,,,1 S8,2,,,,,,,,,7.0,-1.23,0.68,0.0,0.0,1.1,0.47,1.5,1.75,7.5,0.9,1.4,0.0,28.0,17.5,82.0,79.0,84.0,69.0,95.0,,73.0,94.0,78.0,64.0,61.0,70.0,70.0,79.0,69.0,77.0,71.0,79.0,90.0,89.0,80.0,72.0,79.0,80.0,75.0,72.0,64.0,72.0,55.0,80.0,50.0,40.0,49.0,44.0,48.0,71.0,73.0,84.0,79.0,41.0,76.0,85.0,64.0,85.0,72.0,68.0,75.0,70.0,95.0,9,0,0,2,4,3,,,,,,2.0,,,,,,,,,,1.0,,,,,,,1.0,,,,,3.0,,,,,2.0,,2.0,1.0,2.0,,,3.0,,28.0,491.0,95.0,102.0,21.0,12.0,19.0,12.0,44.0,63.0,0.0,1.0,7.0,15.0,16.0,86.0,24.0,17.5,3.4,3.6,0.8,0.4,0.7,0.4,0.6,3.1,0.9,0.7,0.71,0.0,0.47,7.0,7.5,1.5,0.9,1.4,0.9,1.2,6.3,1.8,0.7,0.71,0.0,0.47,0.7,0.68,0.21,0.19,22.0,34.0,75.0,222.0,215.0,229.0,119.0,218.0,159.0,63.0,33.0,72.0,127.0,42.0,20.0,27.0,194.0,228.0,222.0,75.0,207.0,38.0,33.0,114.0,62.0,80.0,153.0
132,Manu Ginobili,Spurs,SG,,"6'6""",,0.77,,,,,,,,,✅,,,,D<85 faded:Fouls,162.0,204.0,180.0,110.0,-2.0,164.0,62.0,8.0,124.0,67.0,51.0,57.0,23.0,,,,,2 S8f,,1 S9,,1 S8,,,,,,2,,,,,,13.7,-0.23,0.56,2.1,0.31,2.59,0.84,4.6,6.18,3.5,0.6,0.1,0.0,31.0,34.1,90.0,79.0,45.0,84.0,25.0,,92.0,96.0,92.0,88.0,84.0,98.0,95.0,80.0,84.0,77.0,43.0,67.0,98.0,98.0,95.0,66.0,95.0,25.0,50.0,49.0,69.0,49.0,89.0,98.0,88.0,90.0,95.0,84.0,90.0,82.0,74.0,45.0,79.0,70.0,51.0,88.0,90.0,98.0,57.0,52.0,62.0,55.0,95.0,9,0,0,8,0,1,,1.0,,,3.0,,3.0,,3.0,,3.0,,,,,,3.0,,,3.0,,3.0,,,3.0,,,,,,,,,,,,,,,,,31.0,1056.0,402.0,102.0,136.0,19.0,4.0,22.0,138.0,322.0,62.0,199.0,64.0,76.0,8.0,94.0,49.0,34.1,13.0,3.3,4.4,0.6,0.1,0.7,0.3,3.0,1.6,0.43,0.62,0.31,0.84,13.7,3.5,4.6,0.6,0.1,0.8,0.3,3.2,1.7,0.43,0.62,0.31,0.84,0.52,0.56,0.1,0.38,151.0,142.0,137.0,121.0,65.0,92.0,130.0,40.0,90.0,155.0,108.0,96.0,132.0,165.0,174.0,73.0,118.0,80.0,124.0,150.0,63.0,154.0,170.0,90.0,118.0,151.0,122.0
358,Luol Deng,,SF,PF,"6'9""",,0.7,,,,,,,,,,,,,,245.0,295.0,231.0,227.0,26.0,219.0,49.0,10.0,204.0,44.0,42.0,49.0,24.0,,,,,,,,,,,,,2,,,2,,,,2,8.4,-1.02,0.57,0.4,0.2,2.0,0.84,2.2,2.35,4.8,0.6,0.3,0.0,31.0,21.5,82.0,90.0,73.0,76.0,40.0,,84.0,94.0,88.0,80.0,75.0,84.0,85.0,81.0,76.0,92.0,78.0,64.0,96.0,90.0,74.0,65.0,84.0,40.0,80.0,55.0,71.0,52.0,48.0,86.0,58.0,59.0,70.0,67.0,57.0,37.0,77.0,73.0,90.0,62.0,47.0,92.0,88.0,90.0,58.0,51.0,64.0,70.0,92.0,3,0,0,2,0,1,,,,,,,,,,,,,,,,,,,,,,,,,,,3.0,,,,1.0,,,3.0,,,,,,,,31.0,665.0,155.0,88.0,40.0,11.0,5.0,17.0,58.0,120.0,8.0,40.0,31.0,37.0,0.0,88.0,21.0,21.5,5.0,2.8,1.3,0.4,0.2,0.5,0.0,2.8,0.7,0.48,0.62,0.2,0.84,8.4,4.8,2.2,0.6,0.3,0.9,0.0,4.8,1.1,0.48,0.62,0.2,0.84,0.52,0.57,0.13,0.23,163.0,136.0,110.0,204.0,178.0,210.0,149.0,196.0,159.0,131.0,63.0,217.0,137.0,13.0,111.0,68.0,169.0,84.0,204.0,110.0,171.0,154.0,124.0,114.0,224.0,103.0,14.0
328,Shane Battier,Grizzlies,SF,SG,"6'8""",,0.7,,,,,,,,,,,,,,155.0,160.0,143.0,160.0,-73.0,228.0,52.0,10.0,195.0,42.0,22.0,46.0,40.0,,,,,,,,,,,,,2,,,2,,,,2,9.3,-0.88,0.55,2.1,0.42,0.71,0.71,2.4,4.75,3.8,0.3,0.3,0.0,33.0,26.0,85.0,89.0,70.0,74.0,15.0,,84.0,86.0,82.0,85.0,74.0,95.0,80.0,80.0,74.0,89.0,74.0,74.0,97.0,75.0,77.0,59.0,82.0,35.0,80.0,42.0,53.0,52.0,40.0,90.0,67.0,65.0,76.0,64.0,72.0,60.0,82.0,70.0,89.0,84.0,57.0,89.0,92.0,90.0,57.0,57.0,56.0,70.0,92.0,8,0,0,7,1,0,,,,3.0,,,,,,,2.0,,,,,,,,3.0,,,,,,,,3.0,3.0,,3.0,,3.0,,3.0,,,,,,,,33.0,859.0,223.0,91.0,57.0,8.0,6.0,12.0,80.0,197.0,51.0,121.0,12.0,17.0,6.0,85.0,24.0,26.0,6.8,2.8,1.7,0.2,0.2,0.4,0.2,2.6,0.7,0.41,0.38,0.42,0.71,9.3,3.8,2.4,0.3,0.3,0.5,0.3,3.6,1.0,0.41,0.38,0.42,0.71,0.54,0.55,0.11,0.26,140.0,167.0,128.0,190.0,154.0,185.0,149.0,159.0,219.0,131.0,33.0,131.0,149.0,13.0,195.0,230.0,25.0,191.0,195.0,135.0,156.0,224.0,124.0,29.0,118.0,134.0,9.0
117,Adrian Dantley,,SF,,"6'5""",,0.69,,,,,,,,,,,,,D<85 faded:Driver/Fouls/Glue,203.0,220.0,221.0,211.0,-6.0,209.0,43.0,9.0,135.0,31.0,45.0,2.0,32.0,,,,2 S7f,2 S7f,,,2 S7f,1 S9,,,,,,1,,,,,,13.0,-0.33,0.46,0.1,0.06,2.38,0.85,6.3,3.63,4.4,0.4,0.1,0.0,30.0,16.7,91.0,80.0,69.0,88.0,60.0,,91.0,97.0,95.0,68.0,89.0,98.0,98.0,88.0,88.0,80.0,82.0,90.0,98.0,98.0,82.0,88.0,97.0,65.0,85.0,86.0,87.0,85.0,98.0,98.0,81.0,82.0,82.0,83.0,82.0,74.0,75.0,69.0,80.0,70.0,39.0,86.0,88.0,95.0,74.0,72.0,75.0,45.0,95.0,5,0,0,5,0,0,,,,,,3.0,3.0,,3.0,,3.0,,,3.0,,,,,,,,,,,,,,,,,,,,,,,,,,,,30.0,500.0,181.0,61.0,87.0,5.0,2.0,24.0,76.0,183.0,1.0,16.0,28.0,33.0,6.0,55.0,17.0,16.7,6.0,2.0,2.9,0.2,0.1,0.8,0.2,1.8,0.6,0.42,0.45,0.06,0.85,13.0,4.4,6.3,0.4,0.1,1.7,0.4,4.0,1.2,0.42,0.45,0.06,0.85,0.42,0.46,0.12,0.36,223.0,223.0,119.0,134.0,222.0,201.0,181.0,95.0,219.0,155.0,130.0,131.0,183.0,6.0,186.0,215.0,193.0,74.0,135.0,121.0,32.0,211.0,170.0,215.0,94.0,123.0,21.0
101,Marques Johnson,,SF,SG,"6'7""",,0.63,,,,,,,,,,,,,faded:Fouls/Passer,127.0,132.0,149.0,142.0,-71.0,198.0,38.0,9.0,212.0,47.0,45.0,31.0,18.0,,,,,2 S8f,,,,2 S7f,,,,,,1,,,,,,8.0,-1.08,0.64,0.1,0.2,1.56,0.78,3.0,4.0,5.1,0.7,0.0,0.0,29.0,31.9,92.0,85.0,66.0,91.0,50.0,,90.0,96.0,94.0,75.0,79.0,97.0,98.0,89.0,91.0,88.0,77.0,93.0,96.0,85.0,94.0,84.0,95.0,80.0,90.0,65.0,84.0,76.0,85.0,98.0,77.0,70.0,86.0,83.0,82.0,64.0,76.0,66.0,85.0,69.0,47.0,85.0,88.0,90.0,75.0,68.0,82.0,98.0,95.0,6,0,0,4,2,0,,,,,,3.0,3.0,,3.0,,2.0,,,,,,,,,,,,2.0,,,,,3.0,,,,,,,,,,,,,,29.0,925.0,206.0,130.0,76.0,18.0,1.0,19.0,86.0,142.0,3.0,15.0,31.0,40.0,11.0,119.0,39.0,31.9,7.1,4.5,2.6,0.6,0.0,0.7,0.4,4.1,1.3,0.61,0.65,0.2,0.78,8.0,5.1,3.0,0.7,0.0,0.7,0.4,4.6,1.5,0.61,0.65,0.2,0.78,0.62,0.64,0.14,0.22,67.0,64.0,104.0,210.0,106.0,179.0,98.0,104.0,90.0,195.0,108.0,85.0,99.0,107.0,52.0,51.0,169.0,146.0,212.0,104.0,119.0,109.0,206.0,67.0,94.0,109.0,71.0
615,Cason Wallace,,SG,PG,"6'3""",Clamp Thief,0.6,,,,,,,,,,,,,,,,,267.0,,227.0,94.0,10.0,212.0,94.0,76.0,79.0,70.0,,,,,,,,,,,,,2,,,2,1,,,,8.0,-1.08,0.45,1.1,0.26,1.76,0.68,3.0,2.53,2.5,1.1,0.1,0.0,27.0,18.9,82.0,89.0,72.0,75.0,40.0,,74.0,69.0,73.0,80.0,77.0,75.0,70.0,78.0,75.0,91.0,55.0,72.0,90.0,85.0,80.0,55.0,85.0,25.0,70.0,31.0,37.0,37.0,57.0,95.0,70.0,75.0,78.0,75.0,75.0,49.0,82.0,72.0,89.0,98.0,51.0,89.0,88.0,90.0,45.0,43.0,47.0,,95.0,9,0,0,7,1,1,,,1.0,3.0,,,,,,,,,,,,,,,,,,,,,,3.0,3.0,,3.0,2.0,3.0,3.0,,3.0,,,,,,,,27.0,510.0,113.0,35.0,43.0,15.0,1.0,17.0,40.0,114.0,16.0,62.0,17.0,25.0,4.0,31.0,18.0,18.9,4.2,1.3,1.6,0.6,0.0,0.6,0.1,1.1,0.7,0.35,0.46,0.26,0.68,8.0,2.5,3.0,1.1,0.1,1.2,0.3,2.2,1.3,0.35,0.46,0.26,0.68,0.42,0.45,0.07,0.22,221.0,226.0,193.0,210.0,208.0,217.0,217.0,167.0,90.0,195.0,90.0,173.0,224.0,13.0,226.0,209.0,146.0,207.0,212.0,204.0,119.0,11.0,170.0,166.0,118.0,210.0,35.0
158,Andrei Kirilenko,,PF,SF,"6'9""",,0.56,,,,,,,,,,,,,D<85 faded:Glue/Stretch 4/5/Roller,92.0,100.0,91.0,93.0,-37.0,129.0,62.0,6.0,219.0,75.0,23.0,9.0,80.0,,,,,,,,2 S7f,,2 S7f,2 S8f,,,,2,,,,,,7.4,-1.17,0.71,0.6,0.5,1.65,0.72,3.6,6.71,5.4,0.8,1.1,0.0,29.0,32.4,89.0,72.0,80.0,78.0,60.0,,85.0,86.0,88.0,82.0,80.0,95.0,80.0,81.0,78.0,88.0,70.0,78.0,90.0,91.0,73.0,77.0,88.0,55.0,67.0,70.0,73.0,82.0,82.0,95.0,74.0,78.0,82.0,73.0,74.0,62.0,86.0,80.0,72.0,88.0,91.0,92.0,92.0,90.0,85.0,83.0,87.0,30.0,92.0,22,0,0,14,8,0,,,,3.0,,3.0,2.0,,2.0,,3.0,2.0,,,2.0,,,,3.0,2.0,,,,,2.0,3.0,3.0,3.0,3.0,3.0,3.0,3.0,2.0,3.0,3.0,,,2.0,,3.0,,29.0,940.0,194.0,142.0,94.0,20.0,29.0,14.0,74.0,118.0,15.0,30.0,31.0,43.0,17.0,125.0,36.0,32.4,6.7,4.9,3.2,0.7,1.0,0.5,0.6,4.3,1.2,0.63,0.67,0.5,0.72,7.4,5.4,3.6,0.8,1.1,0.5,0.7,4.8,1.4,0.63,0.67,0.5,0.72,0.69,0.71,0.15,0.21,26.0,24.0,98.0,216.0,94.0,187.0,89.0,72.0,59.0,43.0,63.0,72.0,96.0,92.0,42.0,43.0,5.0,182.0,219.0,99.0,91.0,69.0,54.0,29.0,71.0,103.0,55.0
214,Michael Redd,,SG,SF,"6'6""",,0.47,,,,,,,,,,,,,D<85,124.0,124.0,114.0,134.0,-41.0,165.0,63.0,8.0,86.0,51.0,16.0,88.0,70.0,,,2 S9,,,,,,,,,,,,2,,,,,,17.0,0.27,0.56,4.0,0.38,1.58,0.85,2.6,11.0,2.5,0.5,0.4,0.0,31.0,19.9,88.0,74.0,64.0,80.0,10.0,,90.0,84.0,88.0,94.0,86.0,94.0,95.0,78.0,80.0,74.0,50.0,70.0,96.0,85.0,94.0,66.0,89.0,35.0,70.0,35.0,70.0,60.0,84.0,86.0,75.0,76.0,82.0,80.0,78.0,58.0,69.0,64.0,74.0,65.0,52.0,75.0,75.0,75.0,42.0,40.0,43.0,65.0,92.0,9,0,0,5,2,2,3.0,3.0,,3.0,3.0,,1.0,,1.0,,2.0,,,,,,,,,,,,2.0,,,,,,,,,,,,,,,,3.0,,,31.0,616.0,291.0,43.0,44.0,9.0,7.0,4.0,100.0,246.0,68.0,179.0,23.0,27.0,1.0,42.0,25.0,19.9,9.4,1.4,1.4,0.3,0.2,0.1,0.0,1.4,0.8,0.41,0.48,0.38,0.85,17.0,2.5,2.6,0.5,0.4,0.2,0.1,2.5,1.5,0.41,0.48,0.38,0.85,0.55,0.56,0.07,0.47,125.0,144.0,193.0,86.0,198.0,135.0,212.0,185.0,197.0,131.0,1.0,217.0,211.0,29.0,192.0,199.0,59.0,71.0,86.0,204.0,141.0,184.0,107.0,2.0,196.0,186.0,71.0
194,Khris Middleton,Bucks,SF,SG,"6'7""",,0.46,,,,,,,,,,,,,faded:Shooter,144.0,173.0,133.0,150.0,-59.0,203.0,41.0,9.0,135.0,31.0,25.0,26.0,26.0,,,2 S8f,,,,,,,,,,,,,2,,,,,13.0,-0.33,0.56,2.0,0.37,1.58,0.95,3.2,2.93,4.7,0.6,0.1,0.0,27.0,16.9,88.0,85.0,72.0,71.0,0.0,,91.0,90.0,92.0,86.0,89.0,96.0,95.0,80.0,71.0,85.0,73.0,66.0,92.0,80.0,90.0,69.0,84.0,40.0,65.0,49.0,64.0,83.0,65.0,98.0,73.0,78.0,77.0,71.0,70.0,71.0,69.0,72.0,85.0,43.0,35.0,83.0,80.0,85.0,51.0,37.0,65.0,45.0,92.0,15,0,0,2,6,7,2.0,2.0,,3.0,2.0,,,,,,2.0,1.0,,,1.0,,,2.0,,,,,,,,1.0,,,,1.0,2.0,1.0,,1.0,,,,,3.0,1.0,,27.0,455.0,164.0,60.0,41.0,7.0,1.0,14.0,60.0,137.0,25.0,68.0,19.0,20.0,2.0,58.0,12.0,16.9,6.1,2.2,1.5,0.3,0.0,0.5,0.1,2.1,0.4,0.44,0.51,0.37,0.95,13.0,4.7,3.2,0.6,0.1,1.1,0.2,4.6,0.9,0.44,0.51,0.37,0.95,0.53,0.56,0.13,0.36,145.0,146.0,110.0,134.0,220.0,199.0,171.0,178.0,197.0,195.0,63.0,173.0,168.0,2.0,163.0,176.0,69.0,11.0,135.0,113.0,109.0,154.0,170.0,151.0,158.0,109.0,4.0
207,Dick Van Arsdale,,SG,SF,"6'5""",,0.42,,,,,,,,,,,,,faded:Passer,148.0,154.0,153.0,131.0,-62.0,210.0,86.0,10.0,151.0,80.0,55.0,83.0,42.0,,,,,,,,,2 S8f,,,,,,,,,,,2,12.0,-0.48,0.48,2.0,0.26,1.85,0.79,2.9,2.4,2.9,0.9,0.5,0.0,29.0,25.5,88.0,90.0,64.0,73.0,15.0,,89.0,79.0,92.0,90.0,86.0,90.0,95.0,80.0,73.0,93.0,55.0,67.0,91.0,85.0,94.0,67.0,86.0,35.0,65.0,35.0,75.0,68.0,79.0,90.0,74.0,79.0,79.0,71.0,82.0,60.0,84.0,64.0,90.0,90.0,78.0,90.0,88.0,90.0,57.0,48.0,66.0,65.0,,6,0,0,4,1,1,,3.0,,3.0,3.0,,,,,,,,,,,,,,,,,,,,,2.0,1.0,,,,,,,,,,,,3.0,,,29.0,740.0,247.0,60.0,60.0,19.0,11.0,25.0,88.0,243.0,41.0,155.0,30.0,38.0,1.0,59.0,37.0,25.5,8.5,2.1,2.1,0.7,0.4,0.9,0.0,2.0,1.3,0.36,0.53,0.26,0.79,12.0,2.9,2.9,0.9,0.5,1.2,0.0,2.9,1.8,0.36,0.53,0.26,0.79,0.45,0.48,0.08,0.33,216.0,219.0,169.0,151.0,160.0,150.0,175.0,131.0,59.0,92.0,154.0,217.0,175.0,107.0,222.0,143.0,142.0,130.0,151.0,176.0,128.0,38.0,90.0,166.0,224.0,168.0,153.0
369,Scottie Barnes,,PF,PG,"6'7""",2-Way Mid-Range Menace,0.42,,,,,,,🟡,,,,,,D<85 faded:Passer,173.0,251.0,256.0,192.0,24.0,149.0,72.0,7.0,160.0,43.0,21.0,3.0,80.0,,,,,,,,2 S9,2 S7f,,,,,,2,,,,,,11.3,-0.58,0.59,0.8,0.32,2.5,0.86,4.1,4.04,5.4,0.6,1.2,0.0,29.0,34.2,87.0,80.0,80.0,82.0,55.0,,87.0,88.0,87.0,74.0,83.0,95.0,95.0,86.0,82.0,82.0,74.0,92.0,88.0,95.0,80.0,76.0,86.0,80.0,80.0,60.0,62.0,62.0,86.0,95.0,77.0,77.0,79.0,77.0,80.0,72.0,77.0,80.0,80.0,56.0,82.0,80.0,78.0,85.0,67.0,58.0,76.0,98.0,95.0,16,0,0,0,5,11,,,,1.0,,,2.0,,2.0,1.0,2.0,,,,,,,1.0,1.0,,,,2.0,,1.0,,,2.0,,1.0,1.0,1.0,1.0,,1.0,,,,,1.0,,29.0,993.0,311.0,148.0,113.0,16.0,33.0,28.0,115.0,232.0,22.0,68.0,59.0,69.0,7.0,141.0,48.0,34.2,10.7,5.1,3.9,0.6,1.1,1.0,0.2,4.9,1.7,0.5,0.57,0.32,0.86,11.3,5.4,4.1,0.6,1.2,1.0,0.3,5.1,1.7,0.5,0.57,0.32,0.86,0.54,0.59,0.15,0.31,132.0,110.0,98.0,160.0,62.0,115.0,84.0,49.0,90.0,37.0,169.0,131.0,76.0,183.0,103.0,109.0,104.0,65.0,160.0,99.0,68.0,154.0,47.0,136.0,118.0,97.0,122.0
790,Serge Ibaka,,C,PF,"6'10""",,0.4,,,,,✅,,,,,,,✅,no S7-9 mins,193.0,,,173.0,,,,,,,,,,,,,,,,,,,,,,,1,,,,,1,1,6.7,-1.27,0.77,0.1,1.0,1.02,0.29,1.8,4.0,7.6,0.5,1.5,0.0,34.0,14.5,87.0,62.0,92.0,64.0,50.0,,78.0,92.0,91.0,70.0,66.0,98.0,50.0,81.0,64.0,52.0,85.0,95.0,93.0,85.0,94.0,71.0,68.0,77.0,90.0,57.0,54.0,71.0,64.0,85.0,36.0,26.0,32.0,27.0,70.0,25.0,79.0,92.0,62.0,53.0,97.0,92.0,84.0,90.0,83.0,92.0,74.0,70.0,87.0,11,0,0,9,2,0,,,,2.0,,3.0,,,,,,,,,,,,,,,,,,,,3.0,,3.0,,3.0,,,3.0,,3.0,3.0,2.0,3.0,,3.0,,34.0,492.0,91.0,104.0,24.0,7.0,21.0,6.0,43.0,53.0,1.0,1.0,4.0,14.0,17.0,87.0,26.0,14.5,2.7,3.1,0.7,0.2,0.6,0.2,0.5,2.6,0.8,0.81,0.81,1.0,0.29,6.7,7.6,1.8,0.5,1.5,0.4,1.2,6.4,1.9,,,,,0.82,0.77,0.21,0.18,,,,,,,,,,,,,,,,,,,,,,,,,,,
162,Byron Beck,,PF,SF,"6'9""",,0.4,,,,,,,,,,,✅,,D<85,228.0,167.0,218.0,218.0,,,,,,,,,,,,,,,,,,,,1 S8,,,,,,,,,,7.6,-1.14,0.55,0.0,0.0,2.48,0.8,3.6,3.67,8.6,0.8,0.8,0.0,19.0,11.5,89.0,69.0,78.0,70.0,75.0,,85.0,92.0,80.0,68.0,84.0,90.0,95.0,81.0,70.0,69.0,90.0,75.0,90.0,95.0,80.0,85.0,85.0,75.0,75.0,88.0,88.0,88.0,89.0,95.0,68.0,69.0,70.0,65.0,78.0,59.0,73.0,78.0,69.0,65.0,80.0,73.0,70.0,75.0,92.0,91.0,93.0,55.0,92.0,20,0,0,6,14,0,,,2.0,2.0,,3.0,,,,2.0,3.0,2.0,2.0,,2.0,2.0,,2.0,3.0,,,,,,,2.0,,2.0,,,2.0,,,2.0,2.0,3.0,3.0,2.0,,3.0,,19.0,218.0,46.0,52.0,22.0,5.0,5.0,6.0,17.0,35.0,0.0,4.0,12.0,15.0,4.0,48.0,9.0,11.5,2.4,2.7,1.2,0.3,0.3,0.3,0.2,2.5,0.5,0.49,0.55,0.0,0.8,7.6,8.6,3.6,0.8,0.8,1.0,0.7,7.9,1.5,,,,,0.49,0.55,0.24,0.21,,,,,,,,,,,,,,,,,,,,,,,,,,,
309,Roy Hibbert,Pacers,C,,"7'2""",,0.4,,,,,✅,,,,,,,✅,no S7-9 mins,280.0,226.0,223.0,277.0,,,,,,,,,,,,,,,,,,,,,,,1,,,,,1,1,11.2,-0.6,0.73,0.0,,1.57,0.73,1.6,1.67,11.5,1.1,1.9,0.0,29.0,11.9,86.0,25.0,93.0,25.0,90.0,,79.0,93.0,81.0,45.0,79.0,98.0,75.0,60.0,25.0,25.0,93.0,41.0,90.0,68.0,80.0,74.0,52.0,90.0,53.0,93.0,60.0,77.0,88.0,80.0,38.0,37.0,35.0,25.0,58.0,35.0,75.0,93.0,25.0,57.0,90.0,93.0,80.0,90.0,81.0,84.0,77.0,83.0,92.0,11,0,0,9,1,1,,,,2.0,,3.0,,,,,1.0,,3.0,,,,,,,,,,,,,3.0,,,,,,,3.0,,3.0,3.0,3.0,3.0,,3.0,,29.0,345.0,107.0,110.0,15.0,11.0,18.0,9.0,48.0,67.0,0.0,0.0,11.0,15.0,19.0,91.0,18.0,11.9,3.7,3.8,0.5,0.4,0.6,0.3,0.7,3.1,0.6,0.72,0.72,,0.73,11.2,11.5,1.6,1.1,1.9,0.9,2.0,9.5,1.9,,,,,0.72,0.73,0.32,0.31,,,,,,,,,,,,,,,,,,,,,,,,,,,
372,Walker Kessler,,C,,"7'0""",Crafty Mashing Board Enforcer,0.4,,,,,,,,,,,✅,,D<85,256.0,261.0,259.0,284.0,,,,,,,,,,,,,,,,,,,,1 S8,,,,,,,,,,7.6,-1.14,0.7,0.0,,0.56,1.0,2.2,2.4,14.9,0.9,2.1,0.0,19.0,10.2,83.0,65.0,84.0,37.0,99.0,,76.0,97.0,74.0,70.0,70.0,80.0,65.0,67.0,37.0,52.0,74.0,60.0,88.0,90.0,80.0,73.0,65.0,85.0,75.0,74.0,66.0,74.0,51.0,95.0,41.0,42.0,44.0,35.0,48.0,35.0,73.0,84.0,65.0,37.0,93.0,88.0,58.0,85.0,90.0,93.0,88.0,75.0,95.0,9,0,0,0,3,6,,,,,,1.0,,,,1.0,,,1.0,,,1.0,,,,,,,,,,,,1.0,,,,,2.0,,2.0,2.0,1.0,,,,,19.0,193.0,41.0,80.0,12.0,5.0,11.0,5.0,19.0,28.0,0.0,0.0,3.0,3.0,18.0,62.0,9.0,10.2,2.2,4.2,0.6,0.3,0.6,0.3,0.9,3.3,0.5,0.68,0.68,,1.0,7.6,14.9,2.2,0.9,2.1,0.9,3.4,11.6,1.7,,,,,0.68,0.7,0.41,0.21,,,,,,,,,,,,,,,,,,,,,,,,,,,
201,Vlade Divac,Kings,C,PF,"7'1""",,0.4,,,,,,,,,,,✅,,D<85,228.0,279.0,238.0,279.0,,,,,,,,,,,,,,,,,,,,1 S8,,,,,,,,,,1.5,,0.33,0.0,0.0,0.0,,0.0,,10.7,0.0,0.8,0.0,9.0,5.2,88.0,41.0,84.0,39.0,75.0,,83.0,94.0,84.0,69.0,62.0,90.0,98.0,67.0,39.0,41.0,84.0,51.0,90.0,75.0,90.0,81.0,75.0,85.0,55.0,87.0,80.0,89.0,79.0,95.0,66.0,82.0,50.0,25.0,89.0,84.0,71.0,84.0,41.0,71.0,80.0,80.0,70.0,70.0,94.0,94.0,94.0,50.0,92.0,15,0,0,11,4,0,,,,3.0,,3.0,,2.0,,3.0,,3.0,3.0,,3.0,3.0,,3.0,2.0,3.0,,,,,3.0,,,,,,,,2.0,,,2.0,,3.0,,,,9.0,47.0,2.0,14.0,0.0,0.0,1.0,0.0,1.0,3.0,0.0,1.0,0.0,0.0,1.0,13.0,3.0,5.2,0.2,1.6,0.0,0.0,0.1,0.0,0.1,1.4,0.3,0.33,0.5,0.0,,1.5,10.7,0.0,0.0,0.8,0.0,0.8,10.0,2.3,,,,,0.33,0.33,0.3,0.04,,,,,,,,,,,,,,,,,,,,,,,,,,,
450,Danny Green,2013-14 Spurs,SG,SF,"6'6""",,0.4,,,,✅,,,,,,,,✅,no S7-9 mins,,308.0,322.0,299.0,,,,,,,,,,,,,,,,,,,,,,1,,,,1,,,1,9.4,-0.87,0.62,2.2,0.38,0.78,0.8,3.0,19.0,3.1,0.5,0.2,0.0,18.0,12.8,81.0,90.0,62.0,61.0,5.0,,81.0,79.0,71.0,86.0,79.0,98.0,70.0,79.0,61.0,91.0,69.0,69.0,98.0,98.0,82.0,55.0,80.0,40.0,63.0,30.0,54.0,35.0,52.0,82.0,62.0,70.0,70.0,60.0,74.0,38.0,79.0,62.0,90.0,65.0,66.0,88.0,80.0,90.0,52.0,49.0,54.0,70.0,82.0,8,0,0,7,0,1,,3.0,,,,,,,,,,,,,,,,,,,,,,,,3.0,1.0,,,3.0,3.0,3.0,,3.0,,,,,3.0,,,18.0,231.0,60.0,20.0,19.0,3.0,1.0,1.0,21.0,46.0,14.0,37.0,4.0,5.0,0.0,20.0,7.0,12.8,3.3,1.1,1.1,0.2,0.1,0.1,0.0,1.1,0.4,0.46,0.78,0.38,0.8,9.4,3.1,3.0,0.5,0.2,0.2,0.0,3.1,1.1,,,,,0.61,0.62,0.09,0.26,,,,,,,,,,,,,,,,,,,,,,,,,,,
224,Dan Majerle,,SG,SF,"6'6""",,0.4,,,,,,,,,,,,,,167.0,157.0,154.0,156.0,-40.0,207.0,85.0,9.0,135.0,72.0,40.0,96.0,63.0,,,,,,,,,,,,,2,,,2,,,,,13.0,-0.33,0.51,2.7,0.33,1.98,0.81,2.3,5.33,2.6,0.6,0.1,0.0,28.0,27.2,88.0,89.0,70.0,75.0,25.0,,86.0,84.0,88.0,89.0,78.0,98.0,80.0,86.0,75.0,89.0,79.0,75.0,98.0,98.0,85.0,68.0,86.0,50.0,76.0,45.0,59.0,50.0,80.0,98.0,75.0,74.0,78.0,73.0,74.0,75.0,79.0,70.0,89.0,79.0,35.0,92.0,90.0,95.0,59.0,59.0,58.0,98.0,,7,0,0,7,0,0,,3.0,,,,,,,,,,,,,,,,,,,,,,,,3.0,3.0,,,3.0,,3.0,,3.0,,,,,3.0,,,28.0,762.0,276.0,54.0,48.0,13.0,2.0,9.0,92.0,252.0,58.0,177.0,34.0,42.0,4.0,50.0,19.0,27.2,9.9,1.9,1.7,0.5,0.1,0.3,0.1,1.8,0.7,0.36,0.45,0.33,0.81,13.0,2.6,2.3,0.6,0.1,0.4,0.2,2.4,0.9,0.36,0.45,0.33,0.81,0.48,0.51,0.07,0.36,192.0,198.0,193.0,134.0,146.0,128.0,187.0,159.0,126.0,155.0,16.0,173.0,183.0,13.0,219.0,214.0,101.0,115.0,135.0,197.0,162.0,154.0,170.0,12.0,158.0,197.0,4.0
398,Ivica Zubac,,C,,"7'0""",Post Bully Board Enforcer,0.4,,,,,✅,,,,,,,✅,no S7-9 mins,218.0,324.0,350.0,244.0,,,,,,,,,,,,,,,,,,,,,,,1,,,,,1,1,10.3,,0.54,0.0,0.0,2.57,0.5,1.9,1.5,11.6,0.0,1.3,,12.0,4.7,85.0,63.0,92.0,43.0,95.0,,68.0,97.0,76.0,26.0,71.0,65.0,75.0,73.0,43.0,63.0,90.0,75.0,80.0,85.0,80.0,81.0,83.0,85.0,80.0,97.0,78.0,91.0,55.0,80.0,45.0,70.0,35.0,30.0,47.0,44.0,72.0,92.0,63.0,33.0,67.0,90.0,67.0,95.0,89.0,90.0,88.0,40.0,95.0,17,0,0,9,5,3,,,,,,1.0,,2.0,,3.0,2.0,,1.0,2.0,1.0,3.0,,,,,,,,,,,,2.0,2.0,3.0,,,3.0,,3.0,3.0,3.0,3.0,,3.0,,12.0,56.0,16.0,18.0,3.0,0.0,2.0,2.0,7.0,13.0,0.0,1.0,2.0,4.0,4.0,14.0,7.0,4.7,1.3,1.5,0.3,0.0,0.2,0.2,0.3,1.2,0.6,0.54,0.58,0.0,0.5,10.3,11.6,1.9,0.0,1.3,1.3,2.6,9.0,4.5,,,,,0.54,0.54,0.32,0.29,,,,,,,,,,,,,,,,,,,,,,,,,,,
167,Bradley Beal,Wizards,SG,SF,"6'5""",,0.39,,,,,,,,,,,,,D<85,199.0,151.0,245.0,236.0,,,,,,,,,,,,2 S8,,,,,,,,,,,,,,,,,,20.2,0.75,0.56,5.1,0.36,0.63,1.0,4.1,13.0,2.8,0.6,0.0,0.0,17.0,6.7,89.0,66.0,45.0,76.0,25.0,,93.0,97.0,93.0,84.0,90.0,95.0,98.0,80.0,76.0,75.0,62.0,87.0,98.0,78.0,81.0,70.0,95.0,30.0,84.0,55.0,55.0,54.0,95.0,92.0,80.0,82.0,88.0,76.0,85.0,70.0,54.0,45.0,66.0,43.0,47.0,75.0,65.0,40.0,47.0,42.0,51.0,85.0,92.0,10,0,0,4,4,2,2.0,3.0,,3.0,3.0,,2.0,,2.0,,,,,,,,,2.0,1.0,,1.0,,,,,,,,,,,,,,,,,,3.0,,,17.0,114.0,64.0,9.0,13.0,2.0,0.0,1.0,23.0,56.0,16.0,44.0,2.0,2.0,1.0,8.0,5.0,6.7,3.8,0.5,0.8,0.1,0.0,0.1,0.1,0.5,0.3,0.41,0.58,0.36,1.0,20.2,2.8,4.1,0.6,0.0,0.3,0.3,2.5,1.6,,,,,0.55,0.56,0.08,0.56,,,,,,,,,,,,,,,,,,,,,,,,,,,
268,Chuck Person,,SF,PF,"6'8""",,0.34,,,,,,,🟡,,,,,,D<85 faded:Shooter,154.0,182.0,164.0,165.0,-9.0,163.0,28.0,7.0,112.0,26.0,15.0,43.0,9.0,,,2 S7f,,,,,2 S9,,,,,,,,,,,,,14.4,-0.12,0.62,2.7,0.41,1.83,0.77,2.6,4.43,6.4,0.5,0.1,0.0,29.0,29.9,87.0,80.0,78.0,74.0,25.0,,89.0,92.0,85.0,89.0,79.0,96.0,95.0,80.0,74.0,82.0,80.0,72.0,90.0,85.0,79.0,74.0,84.0,65.0,75.0,71.0,72.0,79.0,62.0,84.0,75.0,74.0,78.0,69.0,82.0,70.0,71.0,78.0,80.0,58.0,45.0,84.0,78.0,75.0,72.0,62.0,82.0,70.0,92.0,6,0,0,3,3,0,,2.0,,,3.0,,2.0,,2.0,,3.0,,,,,,,,,,,,,,,,,,,,,,,,,,,,3.0,,,29.0,867.0,348.0,155.0,62.0,13.0,3.0,14.0,124.0,260.0,66.0,162.0,34.0,44.0,10.0,145.0,22.0,29.9,12.0,5.3,2.1,0.4,0.1,0.5,0.3,5.0,0.8,0.48,0.59,0.41,0.77,14.4,6.4,2.6,0.5,0.1,0.6,0.4,6.0,0.9,0.48,0.59,0.41,0.77,0.6,0.62,0.18,0.4,76.0,80.0,83.0,109.0,123.0,100.0,82.0,131.0,159.0,155.0,63.0,96.0,73.0,29.0,116.0,87.0,37.0,147.0,112.0,85.0,141.0,184.0,170.0,39.0,94.0,83.0,4.0
373,Alperen Sengun,,C,PF,"6'11""",Dime-Dropping Post Bully,0.3,,,,,,,,,,,✅,,D<85,219.0,292.0,267.0,315.0,,,,,,,,,,,,,,,,,,,,1 S7,,,,,,,,,,4.3,,0.69,0.0,,2.16,0.67,0.0,,7.2,1.4,0.0,0.0,2.0,25.0,87.0,63.0,72.0,52.0,80.0,,80.0,93.0,70.0,71.0,69.0,90.0,90.0,75.0,52.0,64.0,86.0,69.0,88.0,90.0,80.0,83.0,80.0,70.0,80.0,87.0,87.0,89.0,75.0,95.0,69.0,79.0,62.0,48.0,84.0,74.0,69.0,72.0,63.0,59.0,70.0,69.0,85.0,65.0,72.0,71.0,74.0,,95.0,15,0,0,5,4,6,,,,2.0,,,,3.0,1.0,3.0,2.0,2.0,3.0,1.0,3.0,,,,,3.0,,,1.0,,1.0,,,,,,,,,,,1.0,2.0,1.0,,,,2.0,50.0,6.0,10.0,0.0,2.0,0.0,0.0,2.0,3.0,0.0,0.0,2.0,3.0,1.0,9.0,0.0,25.0,3.0,5.0,0.0,1.0,0.0,0.0,0.5,4.5,0.0,0.67,0.67,,0.67,4.3,7.2,0.0,1.4,0.0,0.0,0.7,6.5,0.0,,,,,0.67,0.69,0.2,0.12,,,,,,,,,,,,,,,,,,,,,,,,,,,
794,Jrue Holiday,Pelicans,SG,SF,"6'4""",,0.3,,,,✅,,,,,,,,,no S7-9 mins,215.0,,,185.0,,,,,,,,,,,,,,,,,,,,,,1,,2,,1,,,2,10.5,-0.7,0.43,1.9,0.26,1.89,0.58,4.9,7.0,2.6,1.1,0.1,0.0,25.0,14.5,86.0,94.0,34.0,79.0,20.0,,86.0,88.0,83.0,79.0,77.0,98.0,90.0,78.0,79.0,96.0,49.0,68.0,90.0,86.0,80.0,54.0,85.0,25.0,40.0,30.0,72.0,40.0,60.0,81.0,81.0,80.0,86.0,79.0,80.0,82.0,77.0,34.0,94.0,85.0,57.0,90.0,87.0,90.0,47.0,41.0,52.0,83.0,92.0,16,0,0,6,1,9,,,,,,,1.0,,1.0,,,,,,,,1.0,2.0,,1.0,,1.0,1.0,1.0,1.0,3.0,3.0,,1.0,3.0,3.0,3.0,,3.0,,,,,,,,25.0,362.0,106.0,26.0,49.0,11.0,1.0,7.0,38.0,114.0,19.0,74.0,11.0,19.0,0.0,26.0,17.0,14.5,4.2,1.0,2.0,0.4,0.0,0.3,0.0,1.0,0.7,0.33,0.48,0.26,0.58,10.5,2.6,4.9,1.1,0.1,0.7,0.0,2.6,1.7,,,,,0.42,0.43,0.07,0.29,,,,,,,,,,,,,,,,,,,,,,,,,,,
195,Zydrunas Ilgauskas,Cavaliers,C,,"7'3""",,0.3,,,,,,,,,,,✅,,D<85,238.0,268.0,272.0,286.0,,,,,,,,,,,,,,,,,,,,1 S7,,,,,,,,,,,,,,,,,,,,,,,,,88.0,25.0,83.0,25.0,75.0,,86.0,86.0,90.0,68.0,83.0,97.0,90.0,64.0,25.0,25.0,91.0,60.0,90.0,78.0,82.0,82.0,60.0,85.0,60.0,90.0,91.0,92.0,79.0,95.0,39.0,35.0,35.0,25.0,60.0,40.0,69.0,83.0,25.0,59.0,85.0,84.0,69.0,80.0,88.0,88.0,88.0,90.0,92.0,12,0,0,4,7,1,2.0,,,3.0,,3.0,,2.0,,,,,2.0,,,,,1.0,2.0,,,,,,,2.0,,,,,,,2.0,,2.0,3.0,,3.0,,,,,,,,,,,,,,,,,,,,,,,,,,,,,,,,,,,,,,,,,,,,,,,,,,,,,,,,,,,,,,,,,,,,,,,,,,,,,,
436,Dyson Daniels,,SG,PG,"6'7""",Clamp Thief,0.3,,,,✅,,,,,,,,,no S7-9 mins,,359.0,264.0,283.0,,,,,,,,,,,,,,,,,,,,,,1,,2,,1,,,2,5.0,-1.53,0.36,0.0,0.0,0.81,0.6,2.9,6.0,2.8,1.0,0.0,0.0,25.0,8.8,83.0,94.0,67.0,79.0,50.0,,64.0,88.0,68.0,50.0,60.0,70.0,50.0,79.0,79.0,93.0,52.0,75.0,89.0,85.0,80.0,58.0,84.0,25.0,75.0,44.0,55.0,47.0,51.0,85.0,77.0,77.0,78.0,79.0,77.0,72.0,83.0,67.0,94.0,97.0,51.0,87.0,95.0,90.0,60.0,60.0,61.0,50.0,95.0,14,0,0,9,5,0,,,,,,,3.0,,2.0,,,,,,,,,,2.0,,,,3.0,,2.0,3.0,3.0,,3.0,3.0,3.0,3.0,,3.0,,,2.0,,,2.0,,25.0,221.0,31.0,17.0,18.0,6.0,0.0,3.0,14.0,41.0,0.0,21.0,3.0,5.0,0.0,17.0,10.0,8.8,1.2,0.7,0.7,0.2,0.0,0.1,0.0,0.7,0.4,0.34,0.7,0.0,0.6,5.0,2.8,2.9,1.0,0.0,0.5,0.0,2.8,1.6,,,,,0.34,0.36,0.08,0.14,,,,,,,,,,,,,,,,,,,,,,,,,,,
205,Peja Stojakovic,Kings,SF,,"6'9""",,0.2,,,,,,,,,,,,,D<85,170.0,180.0,172.0,175.0,20.0,150.0,24.0,7.0,95.0,21.0,10.0,35.0,29.0,,,2 S9,,,,,,,,,,,,,,,,,,16.2,0.15,0.68,3.2,0.5,0.36,1.0,2.9,4.56,4.5,0.5,0.4,0.0,29.0,17.3,88.0,74.0,47.0,73.0,10.0,,92.0,80.0,94.0,97.0,88.0,98.0,95.0,80.0,73.0,74.0,60.0,68.0,95.0,98.0,94.0,61.0,75.0,25.0,60.0,58.0,60.0,58.0,50.0,98.0,71.0,81.0,74.0,68.0,81.0,50.0,65.0,47.0,74.0,59.0,51.0,75.0,74.0,75.0,55.0,48.0,62.0,38.0,92.0,6,0,1,4,1,0,3.0,4.0,,3.0,3.0,,,,,,2.0,,,,,,,,,,,,,,,,,,,,,,,,,,,,3.0,,,29.0,501.0,225.0,62.0,41.0,7.0,6.0,9.0,88.0,163.0,44.0,88.0,5.0,5.0,1.0,61.0,17.0,17.3,7.8,2.1,1.4,0.2,0.2,0.3,0.0,2.1,0.6,0.54,0.59,0.5,1.0,16.2,4.5,2.9,0.5,0.4,0.6,0.1,4.4,1.2,0.54,0.59,0.5,1.0,0.68,0.68,0.12,0.45,31.0,35.0,119.0,93.0,216.0,166.0,175.0,185.0,219.0,131.0,16.0,217.0,168.0,6.0,72.0,95.0,5.0,1.0,95.0,116.0,128.0,184.0,107.0,39.0,196.0,115.0,21.0
798,Ron Holland,,PF,SF,"6'8""",Ball-Hawking Blow-By Laymaker,0.2,,,,,,,,,,,,,no S7-9 mins,,,,294.0,,,,,,,,,,,,,,,,,,,,,2,2,,1,2,,,,,14.4,,0.29,0.0,0.0,7.2,1.0,0.0,,0.0,0.0,0.0,,2.0,5.0,79.0,88.0,78.0,85.0,85.0,,67.0,96.0,70.0,65.0,80.0,60.0,30.0,83.0,85.0,88.0,69.0,80.0,90.0,85.0,80.0,62.0,85.0,55.0,80.0,40.0,42.0,42.0,74.0,80.0,62.0,60.0,75.0,79.0,60.0,37.0,82.0,78.0,88.0,96.0,56.0,86.0,84.0,85.0,62.0,55.0,68.0,95.0,95.0,13,0,0,0,2,11,,,,,,,1.0,,1.0,,2.0,,,1.0,,,,1.0,1.0,,,,1.0,,,,1.0,1.0,1.0,,2.0,,,,,,,,1.0,1.0,,2.0,10.0,4.0,0.0,0.0,0.0,0.0,0.0,1.0,6.0,0.0,4.0,2.0,2.0,0.0,0.0,1.0,5.0,2.0,0.0,0.0,0.0,0.0,0.0,0.0,0.0,0.5,0.17,0.5,0.0,1.0,14.4,0.0,0.0,0.0,0.0,0.0,0.0,0.0,3.6,,,,,0.17,0.29,0.0,0.4,,,,,,,,,,,,,,,,,,,,,,,,,,,
160,Tom Heinsohn,,PF,C,"6'7""",,0.1,,,,,✅,,,,,,,,no S7-9 mins,268.0,243.0,304.0,260.0,,,,,,,,,,,,,,,,,,,,,,,1,,,,,1,2,2.0,,0.25,0.0,0.0,1.01,1.0,1.5,1.5,8.6,0.0,1.0,,28.0,2.5,89.0,46.0,92.0,60.0,60.0,,90.0,94.0,86.0,84.0,84.0,97.0,95.0,79.0,60.0,66.0,88.0,70.0,95.0,94.0,81.0,74.0,75.0,48.0,59.0,88.0,58.0,85.0,80.0,95.0,57.0,54.0,69.0,31.0,75.0,58.0,78.0,92.0,46.0,70.0,65.0,93.0,88.0,95.0,88.0,87.0,88.0,98.0,92.0,13,0,0,11,2,0,,,,,3.0,3.0,3.0,,3.0,,3.0,2.0,,,2.0,,,,,,,,,,,3.0,,,,,,,3.0,3.0,3.0,,3.0,3.0,,,,28.0,71.0,4.0,17.0,3.0,0.0,2.0,2.0,1.0,7.0,0.0,2.0,2.0,2.0,1.0,16.0,1.0,2.5,0.1,0.6,0.1,0.0,0.1,0.1,0.0,0.6,0.0,0.14,0.2,0.0,1.0,2.0,8.6,1.5,0.0,1.0,1.0,0.5,8.1,0.5,,,,,0.14,0.25,0.24,0.06,,,,,,,,,,,,,,,,,,,,,,,,,,,
248,Jamaal Wilkes,,SF,SG,"6'6""",,0.1,,,,,,,,,,,,,no S7-9 mins,270.0,272.0,305.0,276.0,,,,,,,,,,,,,,,,,,,,,2,,,2,1,,,,2,10.9,-0.64,0.6,0.2,1.0,3.62,0.8,5.3,5.5,3.4,0.2,0.2,0.0,10.0,14.9,87.0,92.0,78.0,83.0,50.0,,85.0,92.0,84.0,71.0,81.0,90.0,90.0,83.0,83.0,92.0,70.0,70.0,94.0,88.0,83.0,83.0,90.0,85.0,85.0,78.0,77.0,80.0,76.0,95.0,76.0,72.0,80.0,80.0,78.0,69.0,79.0,78.0,92.0,76.0,45.0,90.0,82.0,90.0,75.0,65.0,84.0,35.0,92.0,7,0,0,5,0,2,,,,,,3.0,3.0,3.0,3.0,,3.0,,,,,,,,,,,,,,,,,,,1.0,,1.0,,,,,,,,,,10.0,149.0,45.0,14.0,22.0,1.0,1.0,4.0,16.0,31.0,1.0,1.0,12.0,15.0,3.0,11.0,3.0,14.9,4.5,1.4,2.2,0.1,0.1,0.4,0.3,1.1,0.3,0.52,0.5,1.0,0.8,10.9,3.4,5.3,0.2,0.2,1.0,0.7,2.7,0.7,,,,,0.53,0.6,0.09,0.3,,,,,,,,,,,,,,,,,,,,,,,,,,,
411,Herbert Jones,,SF,PF,"6'7""",Clamp Thief,0.1,,,,✅,,,,,,,,,no S7-9 mins,,315.0,255.0,320.0,,,,,,,,,,,,,,,,,,,,,,1,,,,1,,,2,8.5,,0.75,1.1,0.67,3.18,0.67,2.1,,3.2,0.0,0.0,0.0,23.0,3.0,78.0,91.0,62.0,74.0,55.0,,65.0,69.0,75.0,74.0,81.0,50.0,40.0,77.0,74.0,91.0,59.0,72.0,82.0,85.0,80.0,65.0,67.0,55.0,75.0,62.0,62.0,62.0,55.0,85.0,67.0,65.0,75.0,69.0,75.0,49.0,79.0,62.0,91.0,80.0,56.0,88.0,88.0,90.0,45.0,40.0,50.0,30.0,95.0,14,0,0,6,4,4,,,,2.0,,,,,,,1.0,,,,,,,,,,,,1.0,,,3.0,3.0,1.0,2.0,3.0,3.0,3.0,,3.0,1.0,,,,2.0,2.0,,23.0,68.0,16.0,6.0,4.0,0.0,0.0,0.0,5.0,8.0,2.0,3.0,4.0,6.0,0.0,6.0,4.0,3.0,0.7,0.3,0.2,0.0,0.0,0.0,0.0,0.3,0.2,0.62,0.6,0.67,0.67,8.5,3.2,2.1,0.0,0.0,0.0,0.0,3.2,2.1,,,,,0.75,0.75,0.09,0.24,,,,,,,,,,,,,,,,,,,,,,,,,,,
284,Charles Oakley,Knicks,PF,C,"6'8""",,0.1,,,,,✅,,,,,,,,no S7-9 mins,,300.0,320.0,376.0,,,,,,,,,,,,,,,,,,,,,,,1,,,,,1,2,5.1,,0.75,0.0,,0.0,,3.4,4.0,12.0,0.9,0.9,,10.0,4.2,86.0,27.0,95.0,73.0,50.0,,87.0,90.0,86.0,76.0,85.0,98.0,85.0,79.0,73.0,74.0,90.0,52.0,75.0,98.0,89.0,67.0,78.0,60.0,58.0,54.0,55.0,55.0,78.0,98.0,51.0,49.0,29.0,70.0,49.0,59.0,72.0,95.0,27.0,65.0,32.0,96.0,95.0,95.0,94.0,92.0,95.0,55.0,92.0,12,0,0,8,4,0,,,,2.0,,3.0,,,,,3.0,,2.0,,,,,,,,,,,,,3.0,,,2.0,,,,3.0,,3.0,3.0,2.0,3.0,,3.0,,10.0,42.0,6.0,14.0,4.0,1.0,1.0,1.0,3.0,4.0,0.0,0.0,0.0,0.0,0.0,14.0,1.0,4.2,0.6,1.4,0.4,0.1,0.1,0.1,0.0,1.4,0.1,0.75,0.75,,,5.1,12.0,3.4,0.9,0.9,0.9,0.0,12.0,0.9,,,,,0.75,0.75,0.33,0.14,,,,,,,,,,,,,,,,,,,,,,,,,,,
464,Dave Debusschere,,PF,SF,"6'6""",,0.1,,,,,✅,,,,,,,,no S7-9 mins,116.0,105.0,139.0,140.0,,,,,,,,,,,,,,,,,,,,,,,1,,,,,1,2,,,,,,,,,,,,,,,,92.0,66.0,90.0,69.0,75.0,,86.0,89.0,88.0,85.0,80.0,90.0,85.0,86.0,69.0,74.0,92.0,85.0,98.0,97.0,88.0,89.0,90.0,85.0,85.0,88.0,87.0,88.0,88.0,98.0,68.0,75.0,72.0,39.0,80.0,72.0,87.0,90.0,66.0,92.0,92.0,92.0,90.0,90.0,93.0,89.0,97.0,70.0,95.0,15,0,0,11,3,1,,,,3.0,,3.0,2.0,,2.0,,1.0,3.0,,,3.0,,,,,,,,,,,,3.0,3.0,,,,,2.0,3.0,3.0,3.0,,3.0,,3.0,,,,,,,,,,,,,,,,,,,,,,,,,,,,,,,,,,,,,,,,,,,,,,,,,,,,,,,,,,,,,,,,,,,,,,,,,,,,
322,Horace Grant,Bulls,PF,C,"6'10""",,0.1,,,,,✅,,,,,,,,no S7-9 mins,,346.0,290.0,302.0,,,,,,,,,,,,,,,,,,,,,,,1,,,,,1,2,4.3,-1.63,0.5,0.0,,0.0,,1.1,1.33,11.6,0.5,0.8,0.0,15.0,8.9,85.0,33.0,93.0,52.0,55.0,,75.0,81.0,78.0,36.0,71.0,98.0,85.0,78.0,52.0,69.0,81.0,60.0,98.0,98.0,86.0,74.0,55.0,84.0,64.0,75.0,75.0,75.0,68.0,98.0,42.0,49.0,36.0,35.0,52.0,40.0,75.0,93.0,33.0,63.0,69.0,88.0,84.0,95.0,93.0,92.0,94.0,55.0,92.0,10,0,0,8,1,1,,,,3.0,,3.0,,,,,3.0,,1.0,,,,,,,,,,,,,3.0,,3.0,,,,,3.0,,3.0,,2.0,3.0,,,,15.0,133.0,16.0,43.0,4.0,2.0,3.0,3.0,8.0,16.0,0.0,0.0,0.0,0.0,5.0,38.0,9.0,8.9,1.1,2.9,0.3,0.1,0.2,0.2,0.3,2.5,0.6,0.5,0.5,,,4.3,11.6,1.1,0.5,0.8,0.8,1.4,10.3,2.4,,,,,0.5,0.5,0.32,0.12,,,,,,,,,,,,,,,,,,,,,,,,,,,
128,Walter Davis,,SG,SF,"6'6""",,0.08,,,,,,,,,,,,,D<85,236.0,238.0,281.0,262.0,62.0,174.0,67.0,8.0,48.0,28.0,89.0,77.0,28.0,,,,,2 S9,,,,,,,,,,2,,,,,,21.1,0.88,0.56,0.3,0.17,3.14,0.9,3.1,1.79,3.4,0.2,0.2,0.0,29.0,20.2,90.0,83.0,40.0,83.0,20.0,,92.0,97.0,95.0,76.0,88.0,98.0,98.0,83.0,83.0,84.0,54.0,88.0,98.0,85.0,91.0,81.0,95.0,60.0,90.0,75.0,77.0,74.0,84.0,90.0,78.0,78.0,86.0,75.0,78.0,74.0,65.0,40.0,83.0,64.0,37.0,80.0,73.0,75.0,51.0,44.0,57.0,80.0,,6,0,0,2,3,1,3.0,,,,2.0,,2.0,,2.0,,3.0,,,,,,,,,,,1.0,,,,,,,,,,,,,,,,,,,,29.0,585.0,343.0,55.0,50.0,4.0,3.0,28.0,146.0,285.0,5.0,29.0,46.0,51.0,6.0,49.0,24.0,20.2,11.8,1.9,1.7,0.1,0.1,1.0,0.2,1.7,0.8,0.51,0.55,0.17,0.9,21.1,3.4,3.1,0.2,0.2,1.7,0.4,3.0,1.5,0.51,0.55,0.17,0.9,0.52,0.56,0.09,0.59,157.0,152.0,156.0,48.0,189.0,105.0,187.0,159.0,232.0,155.0,169.0,131.0,193.0,29.0,93.0,126.0,178.0,30.0,48.0,155.0,115.0,233.0,150.0,215.0,94.0,160.0,71.0
130,Elton Brand,,PF,C,"6'9""",,0.0,,,,,,,,,,,,,,266.0,156.0,247.0,252.0,,,,,,,,,,,,,,,,,,,,,,,,,,,,,,10.5,,0.61,0.0,0.0,2.51,0.83,0.8,2.0,15.9,0.4,1.3,0.0,13.0,6.6,90.0,28.0,86.0,59.0,65.0,,86.0,97.0,94.0,59.0,82.0,95.0,90.0,80.0,59.0,54.0,96.0,70.0,98.0,95.0,90.0,86.0,76.0,95.0,65.0,92.0,88.0,90.0,91.0,92.0,46.0,42.0,45.0,25.0,75.0,45.0,74.0,86.0,28.0,77.0,84.0,86.0,80.0,80.0,96.0,96.0,96.0,60.0,95.0,11,0,0,11,0,0,,,,3.0,,3.0,,,,3.0,3.0,3.0,3.0,,3.0,3.0,,,,,,,,,,,,,,,,,,,,3.0,3.0,3.0,,,,13.0,86.0,25.0,38.0,2.0,1.0,3.0,1.0,10.0,18.0,0.0,3.0,5.0,6.0,8.0,30.0,5.0,6.6,1.9,2.9,0.2,0.1,0.2,0.1,0.6,2.3,0.4,0.56,0.67,0.0,0.83,10.5,15.9,0.8,0.4,1.3,0.4,3.3,12.6,2.1,,,,,0.56,0.61,0.44,0.29,,,,,,,,,,,,,,,,,,,,,,,,,,,
118,Cliff Hagan,,SF,SG,"6'4""",,-0.02,,,,,,,,,,,,,D<85 faded:Shooter,71.0,71.0,67.0,79.0,-59.0,130.0,22.0,6.0,109.0,25.0,14.0,35.0,18.0,,,2 S8f,,,,,,,,,,,,,,,,,,14.6,-0.09,0.67,2.8,0.51,1.88,0.79,2.9,4.56,5.1,0.6,0.3,0.0,30.0,33.8,91.0,83.0,65.0,75.0,65.0,,92.0,94.0,92.0,90.0,83.0,95.0,95.0,86.0,75.0,84.0,80.0,68.0,99.0,97.0,98.0,77.0,84.0,40.0,65.0,96.0,85.0,72.0,85.0,85.0,78.0,82.0,78.0,76.0,85.0,68.0,77.0,65.0,83.0,80.0,68.0,83.0,80.0,80.0,83.0,82.0,84.0,83.0,99.0,14,0,0,12,2,0,,2.0,,3.0,3.0,,3.0,3.0,3.0,,2.0,,,,,,,,3.0,,,,3.0,3.0,,,3.0,,,,,,,3.0,,3.0,3.0,,,,,30.0,1014.0,410.0,143.0,82.0,16.0,8.0,18.0,144.0,282.0,80.0,156.0,42.0,53.0,9.0,134.0,43.0,33.8,13.7,4.8,2.7,0.5,0.3,0.6,0.3,4.5,1.4,0.51,0.51,0.51,0.79,14.6,5.1,2.9,0.6,0.3,0.6,0.3,4.8,1.5,0.51,0.51,0.51,0.79,0.65,0.67,0.14,0.4,45.0,42.0,104.0,109.0,71.0,86.0,92.0,102.0,126.0,108.0,90.0,96.0,84.0,129.0,94.0,175.0,3.0,128.0,109.0,104.0,128.0,154.0,124.0,39.0,118.0,103.0,71.0
100,Bill Sharman,,SG,PG,"6'1""",,-0.05,,,,,,,,,,,,,<6'2 faded:Driver/Fouls,114.0,144.0,135.0,99.0,-92.0,206.0,84.0,9.0,151.0,80.0,63.0,93.0,31.0,,,,2 S7f,2 S7f,,,,,,,,,,1,,2,,,,12.0,-0.48,0.58,1.6,0.41,2.11,0.94,2.4,3.94,3.3,0.4,0.1,0.0,29.0,32.3,92.0,86.0,63.0,86.0,30.0,,94.0,92.0,94.0,93.0,93.0,98.0,95.0,83.0,86.0,90.0,55.0,80.0,95.0,95.0,81.0,76.0,92.0,55.0,60.0,69.0,75.0,70.0,89.0,95.0,84.0,85.0,86.0,86.0,85.0,77.0,79.0,63.0,86.0,88.0,45.0,89.0,89.0,90.0,80.0,79.0,80.0,60.0,95.0,14,0,0,6,8,0,2.0,,3.0,3.0,,,3.0,,3.0,,3.0,,,,,,,2.0,,,,3.0,2.0,2.0,,2.0,,,,,2.0,,,2.0,,,,,2.0,,,29.0,938.0,313.0,86.0,63.0,11.0,2.0,16.0,110.0,247.0,41.0,101.0,52.0,55.0,7.0,79.0,34.0,32.3,10.8,3.0,2.2,0.4,0.1,0.6,0.2,2.7,1.2,0.44,0.47,0.41,0.94,12.0,3.3,2.4,0.4,0.1,0.6,0.3,3.0,1.3,0.44,0.47,0.41,0.94,0.53,0.58,0.09,0.33,147.0,126.0,156.0,151.0,97.0,112.0,138.0,127.0,159.0,155.0,90.0,131.0,143.0,92.0,150.0,202.0,39.0,12.0,151.0,159.0,156.0,211.0,170.0,39.0,118.0,160.0,35.0
176,Tom Chambers,,PF,SF,"6'10""",,-0.08,,,,,,,🟡,,,,,,D<85,,212.0,269.0,305.0,,,,,,,,,,,,,,,,,2 S8,,,,,,,,,,,,,12.4,-0.42,0.73,0.2,0.25,1.72,0.91,1.3,8.0,8.5,0.2,0.2,0.0,27.0,8.5,89.0,42.0,82.0,68.0,55.0,,89.0,90.0,88.0,80.0,86.0,95.0,95.0,81.0,68.0,42.0,84.0,92.0,97.0,97.0,90.0,88.0,78.0,95.0,95.0,86.0,85.0,90.0,80.0,98.0,54.0,52.0,72.0,39.0,64.0,45.0,68.0,82.0,42.0,60.0,60.0,79.0,75.0,80.0,89.0,88.0,90.0,50.0,,15,0,0,5,2,8,,,,2.0,,3.0,1.0,,1.0,1.0,3.0,1.0,2.0,3.0,1.0,3.0,,1.0,1.0,,,,,,,,,,,,,,,,,1.0,,3.0,,,,27.0,230.0,79.0,54.0,8.0,1.0,1.0,1.0,34.0,49.0,1.0,4.0,10.0,11.0,8.0,46.0,7.0,8.5,2.9,2.0,0.3,0.0,0.0,0.0,0.3,1.7,0.3,0.69,0.73,0.25,0.91,12.4,8.5,1.3,0.2,0.2,0.2,1.3,7.2,1.1,,,,,0.7,0.73,0.23,0.34,,,,,,,,,,,,,,,,,,,,,,,,,,,
422,Jonathan Isaac,,PF,C,"6'10""",Lockdown Defender,-0.1,,,,,,,,,,,,,D<85,,,331.0,,,,,,,,,,,,,,,,,,,,,2 S7,2,,,,,,2,,,,,,,,,,,,,,,,,,73.0,83.0,83.0,73.0,65.0,,53.0,89.0,44.0,59.0,60.0,35.0,30.0,73.0,73.0,80.0,70.0,80.0,70.0,65.0,67.0,54.0,67.0,60.0,70.0,44.0,45.0,44.0,30.0,68.0,52.0,54.0,57.0,66.0,52.0,29.0,83.0,83.0,83.0,86.0,91.0,83.0,78.0,80.0,70.0,67.0,74.0,25.0,95.0,8,0,0,0,1,7,,,,,,,,,,,,,,,,,,,,,,,,,,,,2.0,1.0,1.0,1.0,1.0,1.0,,1.0,,,,,1.0,,,,,,,,,,,,,,,,,,,,,,,,,,,,,,,,,,,,,,,,,,,,,,,,,,,,,,,,,,,,,,,,,,,,,,,,,,,,
190,Buck Williams,,PF,C,"6'8""",,-0.1,,,,,✅,,,,,,,,no S7-9 mins,,361.0,374.0,416.0,,,,,,,,,,,,,,,,,,,,,,,1,,,,,,2,0.0,,,0.0,,0.0,,4.0,,8.0,4.0,0.0,,6.0,1.5,88.0,33.0,90.0,65.0,99.0,,76.0,94.0,79.0,25.0,71.0,98.0,90.0,78.0,65.0,33.0,90.0,74.0,98.0,98.0,85.0,81.0,70.0,95.0,58.0,88.0,74.0,88.0,77.0,95.0,47.0,49.0,28.0,28.0,90.0,40.0,75.0,90.0,33.0,62.0,65.0,90.0,92.0,95.0,93.0,92.0,94.0,83.0,92.0,8,0,0,8,0,0,,,,,,3.0,,3.0,,,3.0,,3.0,,,3.0,,,,,,,,,,,,,,,,,3.0,,,3.0,,3.0,,,,6.0,9.0,0.0,2.0,1.0,1.0,0.0,0.0,0.0,0.0,0.0,0.0,0.0,0.0,0.0,2.0,0.0,1.5,0.0,0.3,0.2,0.2,0.0,0.0,0.0,0.3,0.0,,,,,0.0,8.0,4.0,4.0,0.0,0.0,0.0,8.0,0.0,,,,,,,0.22,0.0,,,,,,,,,,,,,,,,,,,,,,,,,,,
291,Ben Simmons,,PG,PF,"6'10""",,-0.15,,,,,,,,,,,,,D<85 faded:Combo G/Glue,126.0,163.0,147.0,116.0,-56.0,182.0,70.0,8.0,151.0,80.0,98.0,22.0,1.0,,,,,,,2 S7f,2 S7f,2 S9,,,,,,1,,,,,,12.0,-0.48,0.53,0.0,0.0,2.56,0.53,6.5,3.33,6.2,0.5,0.6,0.0,29.0,29.1,86.0,84.0,72.0,93.0,99.0,,70.0,91.0,46.0,35.0,60.0,90.0,98.0,87.0,93.0,75.0,80.0,85.0,97.0,97.0,83.0,86.0,96.0,83.0,87.0,76.0,73.0,79.0,96.0,98.0,85.0,85.0,86.0,84.0,88.0,82.0,75.0,72.0,84.0,59.0,57.0,80.0,85.0,85.0,68.0,59.0,76.0,50.0,95.0,16,0,0,5,5,6,,,,,,2.0,3.0,,3.0,,3.0,,,1.0,,,,2.0,2.0,2.0,,,3.0,,2.0,1.0,3.0,1.0,,1.0,,1.0,,,,1.0,,,,,,29.0,843.0,280.0,145.0,153.0,12.0,14.0,46.0,124.0,236.0,0.0,8.0,32.0,60.0,6.0,139.0,39.0,29.1,9.7,5.0,5.3,0.4,0.5,1.6,0.2,4.8,1.3,0.52,0.54,0.0,0.53,12.0,6.2,6.5,0.5,0.6,2.0,0.3,5.9,1.7,0.52,0.54,0.0,0.53,0.52,0.53,0.17,0.33,151.0,177.0,87.0,151.0,130.0,130.0,87.0,23.0,159.0,81.0,218.0,131.0,81.0,107.0,84.0,134.0,194.0,224.0,151.0,88.0,24.0,184.0,82.0,223.0,118.0,85.0,122.0
356,Aaron Gordon,,PF,C,"6'8""",2-Way Inside-Out Scorer,-0.15,,,,,,,,,,✅,,,D<85,200.0,384.0,193.0,155.0,,,,,,,,,,,,,,,,,,,1 S8,,2,,,,,,,,,8.0,-1.08,0.64,1.4,0.4,0.48,0.67,1.8,7.33,5.7,0.7,0.4,0.0,30.0,14.9,84.0,84.0,80.0,71.0,75.0,,78.0,86.0,72.0,84.0,79.0,75.0,75.0,85.0,71.0,84.0,72.0,92.0,95.0,95.0,84.0,80.0,88.0,85.0,94.0,58.0,60.0,74.0,85.0,95.0,61.0,65.0,62.0,66.0,60.0,51.0,70.0,80.0,84.0,40.0,40.0,84.0,82.0,80.0,62.0,52.0,72.0,80.0,95.0,12,0,0,3,5,4,,,,2.0,,2.0,,,1.0,2.0,3.0,,,3.0,,1.0,,,,,,,2.0,,,,,1.0,,,2.0,1.0,,,,,,,,3.0,,30.0,446.0,99.0,71.0,22.0,9.0,5.0,3.0,39.0,75.0,17.0,42.0,4.0,6.0,8.0,63.0,17.0,14.9,3.3,2.4,0.7,0.3,0.2,0.1,0.3,2.1,0.6,0.52,0.67,0.4,0.67,8.0,5.7,1.8,0.7,0.4,0.2,0.6,5.1,1.4,,,,,0.63,0.64,0.16,0.22,,,,,,,,,,,,,,,,,,,,,,,,,,,
413,Tari Eason,,SG,SF,"6'8""",Physical 3 & D Sniper,-0.2,,,,,,,,,,,,,no S7-9 mins,,419.0,347.0,288.0,,,,,,,,,,,,,,,,,,,,,2,,,2,2,2,,,,7.2,,0.54,1.5,0.4,2.27,0.83,4.5,12.0,6.1,0.4,0.4,0.0,10.0,9.5,80.0,85.0,78.0,80.0,0.0,,66.0,76.0,67.0,85.0,68.0,60.0,40.0,81.0,80.0,85.0,70.0,80.0,85.0,85.0,80.0,60.0,82.0,35.0,80.0,54.0,52.0,51.0,44.0,80.0,55.0,50.0,70.0,72.0,47.0,37.0,78.0,78.0,85.0,76.0,58.0,84.0,85.0,80.0,68.0,65.0,71.0,80.0,95.0,17,0,0,4,9,4,,,,3.0,,1.0,,,,,2.0,,,1.0,,,,,,,,,2.0,,,3.0,2.0,2.0,2.0,2.0,3.0,3.0,,2.0,1.0,,2.0,,1.0,2.0,,10.0,95.0,19.0,16.0,12.0,1.0,1.0,1.0,5.0,15.0,4.0,10.0,5.0,6.0,0.0,16.0,2.0,9.5,1.9,1.6,1.2,0.1,0.1,0.1,0.0,1.6,0.2,0.33,0.2,0.4,0.83,7.2,6.1,4.5,0.4,0.4,0.4,0.0,6.1,0.8,,,,,0.47,0.54,0.17,0.2,,,,,,,,,,,,,,,,,,,,,,,,,,,
416,Dillon Brooks,,PF,SF,"6'6""",2-Way Finisher,-0.2,,,,,,,,,,,,,no S7-9 mins,,,,273.0,,,,,,,,,,,,,,,,,,,,,,2,,,2,2,,,2,7.8,-1.11,0.48,1.6,0.26,1.25,1.0,3.6,4.6,2.3,0.8,0.5,0.0,17.0,13.5,85.0,90.0,77.0,75.0,10.0,,82.0,97.0,73.0,78.0,86.0,75.0,85.0,81.0,75.0,88.0,65.0,75.0,88.0,95.0,85.0,64.0,74.0,35.0,75.0,55.0,59.0,64.0,69.0,85.0,59.0,59.0,70.0,69.0,58.0,37.0,79.0,77.0,90.0,76.0,37.0,90.0,90.0,90.0,44.0,38.0,51.0,80.0,95.0,12,0,0,5,5,2,,,,2.0,,,2.0,,1.0,,2.0,,,,,,,,,,,,,,,3.0,,,,2.0,3.0,3.0,,2.0,1.0,,,,3.0,3.0,,17.0,230.0,50.0,15.0,23.0,5.0,3.0,5.0,16.0,48.0,10.0,38.0,8.0,8.0,1.0,14.0,13.0,13.5,2.9,0.9,1.4,0.3,0.2,0.3,0.1,0.8,0.8,0.33,0.6,0.26,1.0,7.8,2.3,3.6,0.8,0.5,0.8,0.2,2.2,2.0,,,,,0.44,0.48,0.07,0.22,,,,,,,,,,,,,,,,,,,,,,,,,,,
341,Dejounte Murray,,PG,SG,"6'4""",2-Way Crafty Laymaking Cleaner,-0.29,,,,,,,,,🟡,,,,D<85,,258.0,237.0,285.0,,,,,,,,,,,,,,,,2 S8,,2 S8,,,,,,2,,,,,,18.0,,0.17,0.0,0.0,36.0,0.5,0.0,,18.0,0.0,0.0,,2.0,1.0,82.0,83.0,53.0,83.0,0.0,,80.0,94.0,78.0,79.0,82.0,70.0,75.0,75.0,83.0,85.0,40.0,60.0,90.0,90.0,80.0,62.0,90.0,40.0,75.0,40.0,48.0,49.0,61.0,95.0,83.0,82.0,86.0,83.0,82.0,81.0,74.0,53.0,83.0,87.0,51.0,80.0,81.0,80.0,52.0,39.0,65.0,70.0,95.0,14,0,0,1,6,7,,,,,1.0,,3.0,,2.0,,2.0,,,,,,2.0,1.0,,,,2.0,,1.0,2.0,1.0,1.0,,,,,1.0,,1.0,,,,,,2.0,,2.0,2.0,1.0,1.0,0.0,0.0,0.0,0.0,0.0,2.0,0.0,1.0,1.0,2.0,0.0,1.0,0.0,1.0,0.5,0.5,0.0,0.0,0.0,0.0,0.0,0.5,0.0,0.0,0.0,0.0,0.5,18.0,18.0,0.0,0.0,0.0,0.0,0.0,18.0,0.0,,,,,0.0,0.17,0.5,0.5,,,,,,,,,,,,,,,,,,,,,,,,,,,
222,Hal Greer,,PG,SG,"6'2""",,-0.3,,,,,,,,,,,,,no S7-9 mins,265.0,222.0,258.0,275.0,,,,,,,,,,,,,,,,,,,,,,2,,1,,,,,,12.1,-0.46,0.49,1.7,0.34,1.54,0.73,4.5,7.33,1.6,0.7,0.2,0.0,27.0,13.0,88.0,89.0,33.0,92.0,0.0,,92.0,88.0,92.0,90.0,83.0,98.0,98.0,80.0,92.0,92.0,40.0,63.0,98.0,98.0,77.0,59.0,91.0,25.0,40.0,50.0,50.0,35.0,85.0,98.0,86.0,83.0,86.0,88.0,89.0,84.0,74.0,33.0,89.0,74.0,40.0,95.0,89.0,95.0,35.0,31.0,39.0,85.0,92.0,9,0,0,5,4,0,2.0,,3.0,,,,3.0,,3.0,,,,,,,,,2.0,,,,,2.0,2.0,,,3.0,,,,,,,3.0,,,,,,,,27.0,351.0,118.0,16.0,44.0,7.0,2.0,6.0,45.0,113.0,17.0,50.0,11.0,15.0,0.0,16.0,12.0,13.0,4.4,0.6,1.6,0.3,0.1,0.2,0.0,0.6,0.4,0.4,0.44,0.34,0.73,12.1,1.6,4.5,0.7,0.2,0.6,0.0,1.6,1.2,,,,,0.47,0.49,0.05,0.34,,,,,,,,,,,,,,,,,,,,,,,,,,,
493,Eric Snow,,PG,,"6'3""",,-0.3,,,,,,,,,,,,,no S7-9 mins,,,,,,,,,,,,,,,,,,,,,,,,,,2,,2,,1,,,,,,,,,,,,,,,,,,,79.0,89.0,52.0,80.0,0.0,,70.0,81.0,75.0,67.0,80.0,70.0,45.0,73.0,80.0,89.0,54.0,57.0,85.0,60.0,83.0,58.0,85.0,25.0,25.0,55.0,70.0,60.0,53.0,93.0,80.0,82.0,78.0,80.0,80.0,79.0,72.0,52.0,89.0,61.0,40.0,85.0,88.0,90.0,42.0,35.0,48.0,60.0,85.0,6,0,0,6,0,0,,,,,,,,,,,,,,,,,,,,,,,,,,3.0,3.0,,,3.0,3.0,3.0,,3.0,,,,,,,,,,,,,,,,,,,,,,,,,,,,,,,,,,,,,,,,,,,,,,,,,,,,,,,,,,,,,,,,,,,,,,,,,,,,,,,,,,
417,Tree Rollins,,C,PF,"7'1""",,-0.3,,,,,,,,,,,,,no S7-9 mins,,,360.0,342.0,,,,,,,,,,,,,,,,,,,,,,,2,,,,,2,2,,,,,,,,,,,,,,,,77.0,27.0,89.0,52.0,99.0,,55.0,73.0,35.0,25.0,76.0,48.0,70.0,60.0,52.0,27.0,84.0,38.0,72.0,65.0,79.0,57.0,30.0,86.0,42.0,69.0,25.0,69.0,49.0,85.0,30.0,35.0,26.0,29.0,31.0,28.0,73.0,89.0,27.0,58.0,86.0,90.0,74.0,90.0,85.0,84.0,86.0,95.0,85.0,5,0,0,4,1,0,,,,,,,,,,,,,,,,,,,,,,,,,,3.0,,3.0,,,,,3.0,,3.0,2.0,,,,,,,,,,,,,,,,,,,,,,,,,,,,,,,,,,,,,,,,,,,,,,,,,,,,,,,,,,,,,,,,,,,,,,,,,,,,,,,,
209,David West,,PF,C,"6'9""",,-0.3,,,,,,,,,,,,,no S7-9 mins,,244.0,326.0,324.0,,,,,,,,,,,,,,,,,,,,,2,,,,,,,,2,9.6,,0.75,0.0,,0.0,,1.6,2.0,10.4,0.0,1.6,0.0,7.0,6.4,88.0,78.0,90.0,52.0,85.0,,87.0,88.0,93.0,60.0,85.0,98.0,95.0,77.0,52.0,51.0,96.0,65.0,98.0,98.0,80.0,78.0,70.0,80.0,50.0,90.0,92.0,90.0,57.0,95.0,54.0,58.0,48.0,37.0,60.0,69.0,82.0,90.0,78.0,65.0,72.0,89.0,88.0,95.0,85.0,84.0,86.0,68.0,92.0,6,0,0,5,0,1,,,,,,3.0,,,,,3.0,3.0,,,3.0,,,,,,,,,,,,,,,,,,1.0,,,,,3.0,,,,7.0,45.0,12.0,13.0,2.0,0.0,2.0,1.0,6.0,8.0,0.0,0.0,0.0,0.0,1.0,12.0,2.0,6.4,1.7,1.9,0.3,0.0,0.3,0.1,0.1,1.7,0.3,0.75,0.75,,,9.6,10.4,1.6,0.0,1.6,0.8,0.8,9.6,1.6,,,,,0.75,0.75,0.29,0.27,,,,,,,,,,,,,,,,,,,,,,,,,,,
108,Amar'e Stoudemire,Suns,PF,C,"6'10""",,-0.35,,,,,,,,,,,,,D<85,187.0,143.0,145.0,,,,,,,,,,,,,,,,,,,,,2 S8,,,,2,,,,,,,,,,,,,,,,,,,,,89.0,44.0,77.0,78.0,75.0,,86.0,88.0,90.0,75.0,77.0,98.0,90.0,81.0,78.0,44.0,82.0,95.0,90.0,85.0,90.0,89.0,77.0,95.0,95.0,88.0,90.0,90.0,79.0,98.0,54.0,52.0,54.0,69.0,60.0,34.0,64.0,77.0,44.0,60.0,70.0,75.0,60.0,60.0,78.0,79.0,77.0,83.0,92.0,8,0,0,6,0,2,,,,3.0,,3.0,,,,,3.0,1.0,3.0,3.0,1.0,3.0,,,,,,,,,,,,,,,,,,,,,,,,,,,,,,,,,,,,,,,,,,,,,,,,,,,,,,,,,,,,,,,,,,,,,,,,,,,,,,,,,,,,,,,,,,,,,,,,,,,,
231,Bill Laimbeer,Pistons,C,PF,"6'11""",,-0.4,,,,,,,,,,,,,no S7-9 mins,,216.0,293.0,327.0,,,,,,,,,,,,,,,,,,,,,,,2,,,,,,2,2.5,,0.33,0.0,,0.0,,1.2,,8.7,1.2,3.7,,4.0,7.3,87.0,42.0,88.0,35.0,40.0,,87.0,89.0,86.0,85.0,87.0,94.0,80.0,71.0,35.0,42.0,88.0,55.0,95.0,90.0,90.0,72.0,70.0,50.0,40.0,80.0,84.0,85.0,78.0,88.0,46.0,64.0,38.0,25.0,62.0,39.0,75.0,88.0,42.0,58.0,75.0,88.0,86.0,85.0,85.0,82.0,87.0,90.0,92.0,11,0,0,8,2,1,,,,3.0,3.0,3.0,,,,,3.0,,3.0,,,,,,,,,,,,,2.0,,,,,,,2.0,,1.0,3.0,3.0,3.0,,,,4.0,29.0,2.0,7.0,1.0,1.0,3.0,0.0,1.0,3.0,0.0,0.0,0.0,0.0,1.0,6.0,0.0,7.3,0.5,1.8,0.3,0.3,0.8,0.0,0.2,1.5,0.0,0.33,0.33,,,2.5,8.7,1.2,1.2,3.7,0.0,1.2,7.4,0.0,,,,,0.33,0.33,0.24,0.07,,,,,,,,,,,,,,,,,,,,,,,,,,,
381,Shawn Bradley,,C,,"7'6""",,-0.4,,,,,,,,,,,,,no S7-9 mins,,230.0,268.0,310.0,,,,,,,,,,,,,,,,,,,,,,,2,,,,,,2,11.2,-0.6,0.82,0.0,,1.19,0.88,0.4,1.0,14.6,1.0,2.4,0.0,23.0,10.5,82.0,26.0,88.0,25.0,99.0,,71.0,85.0,52.0,25.0,82.0,98.0,85.0,52.0,25.0,26.0,65.0,31.0,89.0,50.0,81.0,73.0,47.0,95.0,45.0,82.0,68.0,79.0,78.0,92.0,30.0,30.0,30.0,25.0,34.0,29.0,72.0,88.0,26.0,64.0,94.0,90.0,64.0,80.0,89.0,88.0,89.0,83.0,89.0,7,0,0,7,0,0,,,,,,3.0,,,,,,,,,,3.0,,,,,,,,,,3.0,,,,,,,3.0,,,3.0,,3.0,,3.0,,23.0,242.0,75.0,98.0,3.0,7.0,16.0,3.0,34.0,42.0,0.0,0.0,7.0,8.0,20.0,78.0,17.0,10.5,3.3,4.3,0.1,0.3,0.7,0.1,0.9,3.4,0.7,0.81,0.81,,0.88,11.2,14.6,0.4,1.0,2.4,0.4,3.0,11.6,2.5,,,,,0.81,0.82,0.4,0.31,,,,,,,,,,,,,,,,,,,,,,,,,,,
119,Lou Hudson,,SF,SG,"6'5""",,-0.46,,,,,,,,,,,,,D<85,176.0,153.0,181.0,219.0,,,,,,,,,,,,,,,,,,2 S8,,,,,,2,,,,,,9.0,-0.93,0.52,0.0,0.0,2.64,0.86,2.8,5.0,2.6,0.4,0.2,,28.0,6.8,91.0,79.0,69.0,81.0,25.0,,91.0,92.0,95.0,88.0,76.0,98.0,95.0,85.0,81.0,75.0,75.0,84.0,98.0,98.0,82.0,77.0,94.0,50.0,83.0,69.0,68.0,66.0,88.0,98.0,83.0,79.0,86.0,80.0,95.0,77.0,74.0,69.0,79.0,79.0,31.0,88.0,84.0,90.0,48.0,46.0,49.0,83.0,95.0,6,0,0,5,1,0,,,,,3.0,3.0,3.0,,3.0,,2.0,,,,,,,,,,,,,,,,,,,,,,,3.0,,,,,,,,28.0,191.0,48.0,14.0,15.0,2.0,1.0,3.0,18.0,40.0,0.0,4.0,12.0,14.0,2.0,12.0,6.0,6.8,1.7,0.5,0.5,0.1,0.0,0.1,0.1,0.4,0.2,0.45,0.5,0.0,0.86,9.0,2.6,2.8,0.4,0.2,0.6,0.4,2.3,1.1,,,,,0.45,0.52,0.07,0.25,,,,,,,,,,,,,,,,,,,,,,,,,,,
389,Marcus Smart,,SG,SF,"6'3""",2-Way Mid-Range Bully,-0.5,,,,,,,,,,,,,no S7-9 mins,,399.0,359.0,412.0,,,,,,,,,,,,,,,,,,,,,,,,,2,2,,,2,39.3,,1.5,13.1,1.0,0.0,,6.5,2.0,0.0,0.0,0.0,,9.0,1.2,79.0,86.0,74.0,75.0,50.0,,70.0,81.0,94.0,76.0,80.0,60.0,30.0,83.0,75.0,89.0,73.0,83.0,89.0,90.0,83.0,50.0,70.0,25.0,50.0,25.0,58.0,78.0,27.0,70.0,70.0,75.0,74.0,74.0,75.0,50.0,78.0,74.0,86.0,80.0,51.0,86.0,85.0,85.0,42.0,38.0,47.0,50.0,95.0,11,0,0,5,2,4,,,1.0,,,,,,,,,,,,,,,1.0,,,,,,,1.0,3.0,2.0,,1.0,3.0,3.0,3.0,,3.0,,,,,,2.0,,9.0,11.0,12.0,0.0,2.0,0.0,0.0,1.0,4.0,4.0,4.0,4.0,0.0,0.0,0.0,0.0,1.0,1.2,1.3,0.0,0.2,0.0,0.0,0.1,0.0,0.0,0.1,1.0,,1.0,,39.3,0.0,6.5,0.0,0.0,3.3,0.0,0.0,3.3,,,,,1.5,1.5,0.0,1.09,,,,,,,,,,,,,,,,,,,,,,,,,,,
435,Jalen Johnson,,PF,SF,"6'8""",Mid-Paint Playmaking Cleaner,-0.5,,,,,,,,,,,,,D<85,153.0,396.0,,206.0,-65.0,218.0,82.0,10.0,195.0,65.0,19.0,2.0,76.0,,,,,,,,,,,2 S9,,,,,,,,,,9.3,-0.88,0.48,0.9,0.22,1.59,0.69,4.6,4.25,6.5,0.6,0.2,0.0,34.0,23.4,89.0,66.0,66.0,76.0,75.0,,86.0,88.0,83.0,77.0,78.0,95.0,98.0,78.0,76.0,76.0,68.0,82.0,85.0,80.0,80.0,82.0,88.0,75.0,96.0,72.0,78.0,78.0,85.0,80.0,81.0,84.0,79.0,74.0,88.0,79.0,58.0,66.0,66.0,53.0,52.0,60.0,57.0,50.0,68.0,47.0,89.0,90.0,95.0,16,0,0,8,8,0,,,,3.0,,2.0,,,2.0,2.0,3.0,,,2.0,,,,2.0,2.0,3.0,,,2.0,,3.0,,,2.0,,,,,,,,3.0,3.0,,3.0,3.0,,34.0,794.0,205.0,143.0,102.0,13.0,4.0,24.0,81.0,196.0,19.0,85.0,24.0,35.0,8.0,135.0,42.0,23.4,6.0,4.2,3.0,0.4,0.1,0.7,0.2,4.0,1.2,0.41,0.56,0.22,0.69,9.3,6.5,4.6,0.6,0.2,1.1,0.4,6.1,1.9,0.41,0.56,0.22,0.69,0.46,0.48,0.18,0.26,209.0,216.0,83.0,190.0,167.0,201.0,103.0,80.0,159.0,155.0,108.0,131.0,102.0,92.0,189.0,119.0,162.0,203.0,195.0,84.0,63.0,154.0,150.0,151.0,94.0,81.0,174.0
386,Lonzo Ball,,PG,SG,"6'6""",,-0.5,,,,,,,,,,,,,no S7-9 mins,,400.0,324.0,331.0,,,,,,,,,,,,,,,,,,,,,,,,1,,2,,,,11.2,-0.6,0.47,1.5,0.27,2.64,0.67,4.6,2.82,2.5,0.3,0.1,0.0,24.0,10.2,82.0,86.0,60.0,85.0,15.0,,77.0,76.0,73.0,81.0,79.0,80.0,75.0,77.0,85.0,86.0,52.0,80.0,88.0,70.0,80.0,55.0,79.0,30.0,75.0,35.0,44.0,40.0,50.0,84.0,84.0,88.0,86.0,85.0,89.0,72.0,77.0,60.0,86.0,79.0,56.0,84.0,90.0,85.0,49.0,35.0,62.0,70.0,89.0,12,0,0,1,9,2,,,,,,,,,,,,,,,,,,1.0,3.0,2.0,,1.0,,,2.0,2.0,2.0,,2.0,2.0,2.0,2.0,,2.0,,,,,,,,24.0,245.0,76.0,17.0,31.0,2.0,1.0,11.0,27.0,73.0,10.0,37.0,12.0,18.0,3.0,14.0,17.0,10.2,3.2,0.7,1.3,0.1,0.0,0.5,0.1,0.6,0.7,0.37,0.47,0.27,0.67,11.2,2.5,4.6,0.3,0.1,1.6,0.4,2.1,2.5,,,,,0.44,0.47,0.07,0.31,,,,,,,,,,,,,,,,,,,,,,,,,,,
643,Kris Dunn,,SG,PG,"6'3""",2-Way Blow-By Laymaker,-0.5,,,,,,,,,,,,,no S7-9 mins,,,,446.0,,,,,,,,,,,,,,,,,,,,,,2,,2,,,,,,,,,,,,,,,,,,,,,77.0,87.0,40.0,83.0,55.0,,74.0,94.0,76.0,81.0,78.0,70.0,45.0,81.0,83.0,87.0,56.0,83.0,85.0,90.0,84.0,54.0,70.0,40.0,55.0,39.0,60.0,42.0,44.0,80.0,74.0,72.0,78.0,82.0,74.0,66.0,73.0,40.0,87.0,83.0,37.0,88.0,88.0,85.0,44.0,41.0,48.0,60.0,95.0,9,0,0,2,3,4,,,,,,,,,,,,,,,,,,,,,,,1.0,1.0,1.0,3.0,3.0,,2.0,1.0,,2.0,,2.0,,,,,,,,,,,,,,,,,,,,,,,,,,,,,,,,,,,,,,,,,,,,,,,,,,,,,,,,,,,,,,,,,,,,,,,,,,,,,,,,,,
281,Maurice Cheeks,,PG,SG,"6'1""",,-0.6,,,,✅,,,,,,,,,<6'2 no S7-9 mins,,301.0,275.0,234.0,,,,,,,,,,,,,,,,,,,,,,1,,2,2,1,,,2,14.4,,0.5,0.0,,0.0,,18.0,5.0,0.0,0.0,0.0,,4.0,2.5,86.0,97.0,70.0,80.0,10.0,,80.0,86.0,81.0,70.0,87.0,81.0,75.0,85.0,80.0,97.0,70.0,70.0,95.0,95.0,90.0,50.0,87.0,25.0,25.0,36.0,44.0,25.0,61.0,98.0,85.0,82.0,86.0,85.0,88.0,86.0,82.0,70.0,97.0,86.0,37.0,92.0,97.0,95.0,39.0,36.0,42.0,30.0,92.0,15,0,1,12,2,0,,,,,,,2.0,,2.0,,,,,,,,,,,3.0,3.0,3.0,3.0,3.0,3.0,3.0,4.0,,3.0,3.0,3.0,3.0,,3.0,,,,,,,,4.0,10.0,4.0,0.0,5.0,0.0,0.0,1.0,2.0,4.0,0.0,0.0,0.0,0.0,0.0,0.0,1.0,2.5,1.0,0.0,1.3,0.0,0.0,0.3,0.0,0.0,0.2,0.5,0.5,,,14.4,0.0,18.0,0.0,0.0,3.6,0.0,0.0,3.6,,,,,0.5,0.5,0.0,0.4,,,,,,,,,,,,,,,,,,,,,,,,,,,
376,Robert Williams III,,C,PF,"6'9""",Backline Crafty Paint Finisher,-0.6,,,,,,,,,,,,,D<85,,366.0,325.0,403.0,,,,,,,,,,,,,,,,,,,,2 S7,,,,,,,,,,6.8,,0.53,0.0,,2.43,0.8,2.9,6.0,13.6,1.5,1.5,,9.0,8.2,78.0,40.0,83.0,71.0,65.0,,62.0,98.0,69.0,54.0,69.0,50.0,35.0,77.0,71.0,64.0,83.0,75.0,80.0,90.0,81.0,66.0,82.0,80.0,75.0,60.0,50.0,65.0,37.0,75.0,48.0,57.0,48.0,38.0,62.0,36.0,76.0,83.0,40.0,56.0,92.0,88.0,85.0,85.0,89.0,87.0,91.0,25.0,95.0,10,0,0,3,5,2,,,,,,2.0,,,,1.0,,,,,,2.0,,,,,,,,,,,,3.0,,,,,2.0,,1.0,2.0,3.0,2.0,,3.0,,9.0,74.0,14.0,28.0,6.0,3.0,3.0,1.0,5.0,11.0,0.0,0.0,4.0,5.0,5.0,23.0,2.0,8.2,1.6,3.1,0.7,0.3,0.3,0.1,0.6,2.6,0.2,0.46,0.46,,0.8,6.8,13.6,2.9,1.5,1.5,0.5,2.4,11.2,1.0,,,,,0.46,0.53,0.38,0.19,,,,,,,,,,,,,,,,,,,,,,,,,,,
672,Otis Birdsong,Kings,SG,,"6'3""",,-0.6,,,,,,,,,,,,,no S7-9 mins,,,386.0,406.0,,,,,,,,,,,,,,,,,,,,,,,,1,,,,,,,,,,,,,,,,,,,,,87.0,87.0,49.0,88.0,25.0,,88.0,92.0,90.0,72.0,78.0,98.0,98.0,85.0,88.0,86.0,59.0,85.0,98.0,98.0,83.0,63.0,87.0,25.0,65.0,49.0,59.0,30.0,88.0,98.0,84.0,84.0,86.0,84.0,84.0,81.0,77.0,49.0,87.0,84.0,49.0,87.0,88.0,95.0,57.0,55.0,59.0,53.0,92.0,7,0,0,6,1,0,,,,,,3.0,3.0,,3.0,,3.0,,,3.0,,,3.0,,,,,,,,,,2.0,,,,,,,,,,,,,,,,,,,,,,,,,,,,,,,,,,,,,,,,,,,,,,,,,,,,,,,,,,,,,,,,,,,,,,,,,,,,,,,,,,,,,,,,,
361,Myles Turner,,C,,"6'11""",2-Way 3-Level Scorer,-0.6,,,,,,,,,,,,,no S7-9 mins,,221.0,213.0,304.0,,,,,,,,,,,,,,,,,,,,,,,2,,,,,2,,11.9,-0.49,0.77,2.5,0.58,0.99,0.5,1.0,0.75,5.6,1.3,0.3,0.0,20.0,10.9,81.0,70.0,87.0,56.0,55.0,,76.0,87.0,85.0,82.0,75.0,70.0,60.0,74.0,56.0,66.0,80.0,69.0,95.0,80.0,83.0,75.0,75.0,80.0,65.0,76.0,80.0,84.0,45.0,95.0,40.0,31.0,35.0,32.0,68.0,34.0,76.0,87.0,70.0,40.0,87.0,90.0,70.0,85.0,58.0,48.0,69.0,60.0,95.0,16,0,0,3,7,6,,,,,,1.0,,3.0,,1.0,,2.0,1.0,,2.0,1.0,,,,,,,1.0,,,,,3.0,,2.0,,,2.0,,3.0,2.0,1.0,2.0,,2.0,,20.0,218.0,72.0,34.0,6.0,8.0,2.0,8.0,27.0,44.0,15.0,26.0,3.0,6.0,3.0,31.0,15.0,10.9,3.6,1.7,0.3,0.4,0.1,0.4,0.2,1.6,0.8,0.61,0.67,0.58,0.5,11.9,5.6,1.0,1.3,0.3,1.3,0.5,5.1,2.5,,,,,0.78,0.77,0.16,0.33,,,,,,,,,,,,,,,,,,,,,,,,,,,
319,Antonio Davis,Raptors,C,PF,"6'9""",,-0.6,,,,,,,,,,,,,no S7-9 mins,,,402.0,410.0,,,,,,,,,,,,,,,,,,,,,,,2,,,,,2,,2.3,,0.57,0.0,,4.5,0.5,0.0,0.0,2.3,0.0,0.0,0.0,1.0,16.0,85.0,46.0,87.0,55.0,90.0,,77.0,89.0,80.0,35.0,82.0,91.0,85.0,72.0,55.0,46.0,80.0,59.0,94.0,90.0,80.0,82.0,70.0,95.0,80.0,84.0,72.0,84.0,83.0,84.0,41.0,45.0,35.0,25.0,66.0,32.0,73.0,87.0,46.0,62.0,75.0,88.0,70.0,85.0,88.0,88.0,87.0,75.0,92.0,10,0,0,9,1,0,,,,,,3.0,,,,,2.0,3.0,,,3.0,,,,,,,,,,,3.0,,3.0,,,,,3.0,,3.0,3.0,,3.0,,,,1.0,16.0,1.0,1.0,0.0,0.0,0.0,2.0,0.0,0.0,0.0,0.0,1.0,2.0,0.0,1.0,1.0,16.0,1.0,1.0,0.0,0.0,0.0,2.0,0.0,1.0,1.0,,,,0.5,2.3,2.3,0.0,0.0,0.0,4.5,0.0,2.3,2.3,,,,,,0.57,0.06,0.06,,,,,,,,,,,,,,,,,,,,,,,,,,,
485,Andrew Nembhard,,PG,SG,"6'4""",2-Way Finisher,-0.6,,,,,,,,,,,,,no S7-9 mins,,,302.0,387.0,,,,,,,,,,,,,,,,,,,,,,2,,,,2,,,,0.0,,0.0,0.0,0.0,0.0,,8.3,,0.0,2.8,0.0,,3.0,4.3,82.0,88.0,68.0,76.0,99.0,,79.0,91.0,78.0,80.0,82.0,85.0,60.0,72.0,76.0,88.0,46.0,71.0,85.0,69.0,80.0,55.0,80.0,39.0,60.0,44.0,52.0,47.0,41.0,75.0,79.0,80.0,79.0,74.0,80.0,82.0,69.0,68.0,88.0,41.0,35.0,85.0,84.0,85.0,39.0,32.0,46.0,85.0,95.0,14,0,0,4,9,1,2.0,,2.0,2.0,3.0,,3.0,,1.0,,,,,,,,,,,,2.0,,2.0,,,3.0,3.0,,2.0,,2.0,2.0,,2.0,,,,,,,,3.0,13.0,0.0,0.0,3.0,1.0,0.0,0.0,0.0,1.0,0.0,1.0,0.0,0.0,0.0,0.0,2.0,4.3,0.0,0.0,1.0,0.3,0.0,0.0,0.0,0.0,0.7,0.0,,0.0,,0.0,0.0,8.3,2.8,0.0,0.0,0.0,0.0,5.5,,,,,0.0,0.0,0.0,0.0,,,,,,,,,,,,,,,,,,,,,,,,,,,
420,Kentavious Caldwell-Pope,,SG,SF,"6'5""",2-Way Iso Sniper,-0.6,,,,,,,,,,,,,no S7-9 mins,,394.0,,430.0,,,,,,,,,,,,,,,,,,,,,,,,1,,,,,,7.4,,1.33,1.8,1.0,0.0,,2.8,3.0,1.8,0.0,0.0,0.0,3.0,13.0,75.0,87.0,45.0,85.0,40.0,,71.0,88.0,87.0,80.0,91.0,50.0,30.0,79.0,85.0,84.0,60.0,69.0,92.0,85.0,84.0,55.0,74.0,35.0,73.0,35.0,58.0,35.0,40.0,90.0,71.0,67.0,70.0,80.0,68.0,68.0,68.0,45.0,87.0,53.0,45.0,82.0,82.0,85.0,42.0,35.0,50.0,30.0,95.0,9,0,0,2,2,5,2.0,,,3.0,1.0,,,,,,,,,,,,,,,,,,,,,1.0,,,,,1.0,1.0,,1.0,,,,,3.0,2.0,,3.0,39.0,8.0,2.0,3.0,0.0,0.0,1.0,3.0,3.0,2.0,2.0,0.0,0.0,0.0,2.0,0.0,13.0,2.7,0.7,1.0,0.0,0.0,0.3,0.0,0.7,0.0,1.0,1.0,1.0,,7.4,1.8,2.8,0.0,0.0,0.9,0.0,1.8,0.0,,,,,1.33,1.33,0.05,0.21,,,,,,,,,,,,,,,,,,,,,,,,,,,
172,George McGinnis,Pacers,PF,C,"6'8""",,-0.7,,,,,,,,,,,,,no S7-9 mins,,348.0,369.0,370.0,,,,,,,,,,,,,,,,,,,,,,,2,,,,,,,4.6,,0.4,0.0,,0.0,,1.2,0.33,10.5,0.0,0.0,0.0,3.0,10.3,89.0,60.0,87.0,59.0,65.0,,85.0,94.0,85.0,77.0,71.0,90.0,95.0,77.0,59.0,60.0,98.0,60.0,90.0,80.0,90.0,83.0,85.0,85.0,75.0,84.0,78.0,89.0,81.0,90.0,56.0,58.0,61.0,36.0,58.0,65.0,68.0,87.0,60.0,73.0,37.0,86.0,65.0,65.0,95.0,94.0,96.0,98.0,92.0,8,0,0,6,2,0,,,,,,3.0,,,,,3.0,,3.0,,,3.0,,,,,,,,,,2.0,,,,,,,2.0,,,3.0,,3.0,,,,3.0,31.0,4.0,9.0,1.0,0.0,0.0,3.0,2.0,5.0,0.0,0.0,0.0,0.0,2.0,7.0,3.0,10.3,1.3,3.0,0.3,0.0,0.0,1.0,0.7,2.3,1.0,0.4,0.4,,,4.6,10.5,1.2,0.0,0.0,3.5,2.3,8.1,3.5,,,,,0.4,0.4,0.29,0.13,,,,,,,,,,,,,,,,,,,,,,,,,,,
402,Josh Hart,,PF,SF,"6'4""",2-Way Inside-Out Creator,-0.7,,,,,,,,,,,,,no S7-9 mins,,344.0,308.0,343.0,,,,,,,,,,,,,,,,,,,,,,,,2,2,,,,,0.0,,0.0,0.0,0.0,0.0,,2.7,,9.3,0.0,0.0,,6.0,4.5,82.0,86.0,78.0,81.0,20.0,,77.0,91.0,70.0,82.0,73.0,70.0,75.0,83.0,81.0,86.0,64.0,69.0,99.0,99.0,82.0,59.0,84.0,25.0,70.0,39.0,58.0,42.0,57.0,95.0,75.0,73.0,79.0,79.0,75.0,71.0,72.0,78.0,86.0,53.0,50.0,80.0,78.0,80.0,66.0,50.0,81.0,80.0,95.0,21,0,0,5,9,7,,,,2.0,,,2.0,,1.0,,3.0,,,,,,,3.0,2.0,,,,2.0,1.0,2.0,2.0,,1.0,1.0,2.0,3.0,1.0,,1.0,1.0,2.0,3.0,,2.0,3.0,,6.0,27.0,0.0,7.0,2.0,0.0,0.0,0.0,0.0,3.0,0.0,1.0,0.0,0.0,0.0,7.0,1.0,4.5,0.0,1.2,0.3,0.0,0.0,0.0,0.0,1.2,0.2,0.0,0.0,0.0,,0.0,9.3,2.7,0.0,0.0,0.0,0.0,9.3,1.3,,,,,0.0,0.0,0.26,0.0,,,,,,,,,,,,,,,,,,,,,,,,,,,
1048,Mario Chalmers,,PG,,"6'2""",,-0.7,,,,,,,,,,,,,no S7-9 mins,,,,,,,,,,,,,,,,,,,,,,,,,,,,,,,,,2,,,,,,,,,,,,,,,,75.0,90.0,42.0,76.0,15.0,,73.0,75.0,87.0,70.0,85.0,80.0,40.0,75.0,76.0,80.0,43.0,72.0,85.0,85.0,82.0,47.0,66.0,25.0,51.0,28.0,38.0,31.0,69.0,70.0,76.0,79.0,77.0,76.0,77.0,70.0,70.0,42.0,90.0,86.0,47.0,76.0,80.0,70.0,43.0,30.0,55.0,50.0,85.0,8,0,0,1,1,6,,,,,,,,,,,,,,,,,,2.0,,,,,,,3.0,1.0,,,1.0,1.0,1.0,1.0,,1.0,,,,,,,,,,,,,,,,,,,,,,,,,,,,,,,,,,,,,,,,,,,,,,,,,,,,,,,,,,,,,,,,,,,,,,,,,,,,,,,,,,
196,Larry Kenon,,SF,,"6'9""",,-0.8,,,,,,,,,,,,,D<85,281.0,256.0,242.0,228.0,,,,,,,,,,,,,,,,,,,,,2,,,2,,,2,,,9.4,-0.87,0.63,0.0,,0.98,0.4,4.7,4.8,8.1,1.0,0.4,0.0,19.0,9.6,88.0,82.0,83.0,80.0,50.0,,86.0,89.0,85.0,65.0,85.0,98.0,95.0,78.0,80.0,79.0,60.0,82.0,98.0,75.0,73.0,76.0,84.0,35.0,90.0,74.0,72.0,70.0,86.0,98.0,68.0,68.0,75.0,68.0,68.0,59.0,81.0,83.0,82.0,84.0,62.0,85.0,85.0,85.0,86.0,88.0,83.0,68.0,92.0,6,0,0,6,0,0,,,,,,3.0,3.0,,3.0,,3.0,,,,,,,,,,,,,,,,3.0,,,,,,,3.0,,,,,,,,19.0,183.0,48.0,41.0,24.0,5.0,2.0,5.0,23.0,36.0,0.0,0.0,2.0,5.0,2.0,39.0,8.0,9.6,2.5,2.2,1.3,0.3,0.1,0.3,0.1,2.1,0.4,0.64,0.64,,0.4,9.4,8.1,4.7,1.0,0.4,1.0,0.4,7.7,1.6,,,,,0.64,0.63,0.22,0.26,,,,,,,,,,,,,,,,,,,,,,,,,,,
168,Joe Johnson,,SF,SG,"6'7""",,-0.8,,,,,,,,,,,,,D<85,198.0,207.0,199.0,207.0,8.0,190.0,34.0,9.0,114.0,27.0,18.0,4.0,52.0,,,,,,,,,2 S9,,,,,,2,,,,,,14.3,-0.14,0.6,2.2,0.41,2.11,0.82,5.3,3.91,2.4,0.3,0.1,0.0,29.0,20.0,89.0,78.0,54.0,84.0,25.0,,92.0,92.0,95.0,91.0,84.0,95.0,95.0,81.0,84.0,78.0,71.0,82.0,96.0,65.0,89.0,70.0,90.0,25.0,65.0,63.0,84.0,73.0,70.0,88.0,81.0,80.0,86.0,82.0,84.0,74.0,64.0,54.0,78.0,59.0,37.0,78.0,71.0,70.0,47.0,46.0,48.0,83.0,92.0,4,0,0,3,1,0,,,,,2.0,,3.0,,3.0,,3.0,,,,,,,,,,,,,,,,,,,,,,,,,,,,,,,29.0,580.0,231.0,39.0,86.0,5.0,1.0,22.0,84.0,179.0,35.0,86.0,28.0,34.0,2.0,37.0,18.0,20.0,8.0,1.3,3.0,0.2,0.0,0.8,0.1,1.3,0.6,0.47,0.53,0.41,0.82,14.3,2.4,5.3,0.3,0.1,1.4,0.1,2.3,1.1,0.47,0.53,0.41,0.82,0.57,0.6,0.07,0.4,103.0,107.0,193.0,109.0,194.0,160.0,217.0,80.0,219.0,195.0,130.0,173.0,213.0,6.0,124.0,148.0,37.0,97.0,114.0,210.0,48.0,224.0,170.0,195.0,196.0,203.0,14.0
193,Gordon Hayward,,SF,PF,"6'7""",,-0.8,,,,,,,,,,,,,D<85,148.0,161.0,132.0,144.0,-75.0,223.0,50.0,10.0,135.0,31.0,31.0,15.0,42.0,,,,,,,,,2 S9,,,,,,2,,,,,,13.0,-0.33,0.49,1.7,0.25,1.65,0.78,3.7,3.4,3.7,0.3,0.3,0.0,23.0,21.8,88.0,84.0,56.0,79.0,30.0,,88.0,82.0,84.0,85.0,84.0,98.0,95.0,79.0,79.0,81.0,42.0,75.0,98.0,98.0,78.0,70.0,90.0,40.0,75.0,50.0,69.0,58.0,81.0,98.0,76.0,79.0,77.0,74.0,79.0,69.0,69.0,56.0,84.0,66.0,50.0,82.0,58.0,85.0,73.0,77.0,69.0,83.0,92.0,7,0,0,4,2,1,3.0,,,,3.0,,3.0,,3.0,,2.0,,,,,,,,,,,,,,,,,1.0,,,,,,2.0,,,,,,,,23.0,501.0,181.0,51.0,51.0,4.0,4.0,15.0,70.0,173.0,23.0,91.0,18.0,23.0,6.0,45.0,29.0,21.8,7.9,2.2,2.2,0.2,0.2,0.7,0.3,2.0,1.3,0.4,0.57,0.25,0.78,13.0,3.7,3.7,0.3,0.3,1.1,0.4,3.2,2.1,0.4,0.57,0.25,0.78,0.47,0.49,0.1,0.36,200.0,210.0,137.0,134.0,174.0,164.0,171.0,127.0,219.0,131.0,108.0,96.0,175.0,107.0,197.0,106.0,149.0,140.0,135.0,137.0,84.0,224.0,124.0,151.0,94.0,151.0,205.0
334,Latrell Sprewell,1998-99 Knicks,SF,,"6'5""",,-0.8,,,,,,,,,,,,,no S7-9 mins,,,,431.0,,,,,,,,,,,,,,,,,,,,,,,,2,,,,,,9.7,,0.31,0.9,0.5,3.51,1.0,4.4,,0.9,0.0,0.0,,3.0,13.7,84.0,87.0,60.0,84.0,35.0,,82.0,88.0,81.0,70.0,81.0,84.0,90.0,84.0,84.0,88.0,48.0,88.0,98.0,98.0,85.0,76.0,88.0,55.0,90.0,51.0,78.0,65.0,80.0,98.0,80.0,84.0,80.0,82.0,83.0,72.0,73.0,60.0,87.0,61.0,49.0,84.0,83.0,85.0,57.0,55.0,59.0,60.0,92.0,5,0,0,0,3,2,,,,,,1.0,,,,,,,,1.0,,,,,,,,,,,,2.0,,,,2.0,,2.0,,,,,,,,,,3.0,41.0,11.0,1.0,5.0,0.0,0.0,0.0,3.0,16.0,1.0,2.0,4.0,4.0,0.0,1.0,2.0,13.7,3.7,0.3,1.7,0.0,0.0,0.0,0.0,0.3,0.7,0.19,0.14,0.5,1.0,9.7,0.9,4.4,0.0,0.0,0.0,0.0,0.9,1.8,,,,,0.22,0.31,0.02,0.27,,,,,,,,,,,,,,,,,,,,,,,,,,,
326,Morris Peterson,,SG,SF,"6'7""",,-0.85,,,,,,,,,,,,,D<85 faded:Combo G,236.0,201.0,203.0,213.0,88.0,148.0,54.0,7.0,92.0,55.0,34.0,90.0,37.0,,,,,,,2 S7f,,,,,,,,2,,,,,,16.4,0.18,0.7,2.9,0.43,1.0,0.9,2.5,5.0,3.0,0.5,0.1,0.0,23.0,15.6,85.0,83.0,64.0,78.0,25.0,,87.0,80.0,84.0,88.0,84.0,94.0,90.0,84.0,78.0,83.0,68.0,85.0,98.0,92.0,82.0,71.0,80.0,60.0,75.0,50.0,75.0,60.0,80.0,88.0,69.0,70.0,78.0,69.0,82.0,47.0,73.0,64.0,83.0,74.0,58.0,84.0,78.0,70.0,51.0,45.0,56.0,70.0,92.0,5,0,0,3,1,1,2.0,3.0,,,3.0,,,,,,,,,,,,,,,,,,,,,,1.0,,,,,,,,,,,,3.0,,,23.0,359.0,164.0,30.0,25.0,5.0,1.0,5.0,63.0,113.0,29.0,68.0,9.0,10.0,1.0,29.0,18.0,15.6,7.1,1.3,1.1,0.2,0.0,0.2,0.0,1.3,0.8,0.56,0.76,0.43,0.9,16.4,3.0,2.5,0.5,0.1,0.5,0.1,2.9,1.8,0.56,0.76,0.43,0.9,0.69,0.7,0.08,0.46,29.0,29.0,169.0,89.0,228.0,179.0,217.0,204.0,219.0,195.0,4.0,217.0,213.0,29.0,67.0,16.0,22.0,34.0,92.0,169.0,147.0,184.0,170.0,29.0,196.0,168.0,153.0
802,Cooper Flagg,,SF,PG,"6'9""",2-Way Paint Finisher,-0.9,,,,,,,,,,,,,D<85,178.0,,,181.0,-15.0,193.0,37.0,9.0,178.0,37.0,36.0,22.0,16.0,,,,,,,,,,,,2,,,2,,,,,,10.3,-0.73,0.54,1.2,0.26,1.34,0.77,3.5,3.87,5.4,1.0,0.4,0.0,29.0,20.4,87.0,83.0,81.0,83.0,35.0,,85.0,92.0,79.0,75.0,80.0,90.0,95.0,82.0,83.0,85.0,65.0,77.0,90.0,90.0,80.0,74.0,91.0,65.0,80.0,60.0,60.0,60.0,84.0,90.0,72.0,70.0,76.0,75.0,70.0,68.0,73.0,81.0,83.0,53.0,60.0,82.0,75.0,80.0,54.0,43.0,66.0,90.0,95.0,11,0,0,0,4,7,,,,,,1.0,,,2.0,1.0,2.0,,,1.0,,,,,,,,,,,,1.0,,2.0,,1.0,1.0,1.0,,,,,,,,2.0,,29.0,592.0,170.0,89.0,58.0,16.0,7.0,15.0,67.0,149.0,19.0,74.0,17.0,22.0,5.0,84.0,29.0,20.4,5.9,3.1,2.0,0.6,0.2,0.5,0.2,2.9,1.0,0.45,0.64,0.26,0.77,10.3,5.4,3.5,1.0,0.4,0.9,0.3,5.1,1.8,0.45,0.64,0.26,0.77,0.51,0.54,0.15,0.29,165.0,176.0,98.0,175.0,186.0,203.0,135.0,138.0,90.0,131.0,63.0,131.0,134.0,58.0,144.0,58.0,147.0,147.0,178.0,99.0,100.0,20.0,107.0,114.0,118.0,97.0,153.0
678,Matisse Thybulle,,SG,SF,"6'5""",Ball-Hawking 3 & D Two Guard,-0.9,,,,,,,,,,,,,no S7-9 mins,,,,,,,,,,,,,,,,,,,,,,,,,,,,,,2,,,,0.0,,,0.0,,0.0,,0.0,,0.0,0.0,0.0,,1.0,2.0,75.0,85.0,60.0,76.0,65.0,,59.0,79.0,48.0,84.0,68.0,50.0,25.0,78.0,76.0,85.0,59.0,70.0,85.0,90.0,80.0,46.0,74.0,35.0,70.0,30.0,30.0,30.0,25.0,70.0,54.0,55.0,65.0,69.0,35.0,48.0,82.0,60.0,85.0,98.0,63.0,85.0,97.0,85.0,49.0,46.0,52.0,60.0,95.0,10,0,0,4,4,2,,,,1.0,,,,,,,,,,,,,,,,,,,,,,2.0,3.0,1.0,3.0,2.0,3.0,3.0,,2.0,,,,,,2.0,,1.0,2.0,0.0,0.0,0.0,0.0,0.0,0.0,0.0,0.0,0.0,0.0,0.0,0.0,0.0,0.0,0.0,2.0,0.0,0.0,0.0,0.0,0.0,0.0,0.0,0.0,0.0,,,,,0.0,0.0,0.0,0.0,0.0,0.0,0.0,0.0,0.0,,,,,,,0.0,0.0,,,,,,,,,,,,,,,,,,,,,,,,,,,
255,Kevin Willis,,PF,C,"7'0""",,-1.0,,,,,,,,,,,,,no S7-9 mins,,389.0,382.0,440.0,,,,,,,,,,,,,,,,,,,,,,,,,,,,,,5.1,,0.64,0.0,0.0,1.03,1.0,1.5,3.0,9.3,0.0,0.0,,28.0,2.5,87.0,28.0,88.0,34.0,80.0,,84.0,89.0,79.0,69.0,80.0,90.0,95.0,68.0,34.0,28.0,78.0,75.0,85.0,85.0,90.0,85.0,77.0,95.0,65.0,92.0,80.0,88.0,89.0,95.0,34.0,30.0,38.0,25.0,50.0,27.0,66.0,88.0,28.0,61.0,80.0,89.0,54.0,65.0,95.0,95.0,95.0,90.0,92.0,11,0,0,2,8,1,,,,2.0,,2.0,,2.0,,3.0,2.0,,2.0,,2.0,,,,1.0,,,,,,,,,,,,,,,,,3.0,2.0,2.0,,,,28.0,70.0,10.0,18.0,3.0,0.0,0.0,1.0,4.0,7.0,0.0,1.0,2.0,2.0,0.0,18.0,3.0,2.5,0.4,0.6,0.1,0.0,0.0,0.0,0.0,0.6,0.1,0.57,0.67,0.0,1.0,5.1,9.3,1.5,0.0,0.0,0.5,0.0,9.3,1.5,,,,,0.57,0.64,0.26,0.14,,,,,,,,,,,,,,,,,,,,,,,,,,,
305,Otis Thorpe,,PF,C,"6'10""",,-1.0,,,,,,,,,,,,,no S7-9 mins,,420.0,380.0,420.0,,,,,,,,,,,,,,,,,,,,,,,,,,,,,,5.5,,1.0,0.0,,0.0,,0.0,,13.8,2.8,0.0,,3.0,4.3,86.0,35.0,88.0,63.0,85.0,,78.0,93.0,78.0,30.0,76.0,98.0,90.0,72.0,63.0,35.0,84.0,60.0,92.0,70.0,97.0,84.0,70.0,97.0,75.0,84.0,80.0,86.0,84.0,98.0,37.0,31.0,56.0,28.0,33.0,39.0,71.0,88.0,35.0,58.0,40.0,90.0,93.0,95.0,87.0,86.0,88.0,70.0,92.0,6,0,0,5,1,0,,,,2.0,,3.0,,,,,3.0,,3.0,,,,,,,,,,,,,,,,,,,,,,,3.0,,3.0,,,,3.0,13.0,2.0,5.0,0.0,1.0,0.0,0.0,1.0,1.0,0.0,0.0,0.0,0.0,1.0,4.0,0.0,4.3,0.7,1.7,0.0,0.3,0.0,0.0,0.3,1.3,0.0,1.0,1.0,,,5.5,13.8,0.0,2.8,0.0,0.0,2.8,11.1,0.0,,,,,1.0,1.0,0.38,0.15,,,,,,,,,,,,,,,,,,,,,,,,,,,
262,Jerome Kersey,,SF,PF,"6'7""",,-1.0,,,,,,,,,,,,,no S7-9 mins,,331.0,401.0,349.0,,,,,,,,,,,,,,,,,,,,,,,,,,,,,,7.3,-1.18,0.94,0.0,,2.35,0.89,2.1,,5.5,0.5,0.3,0.0,12.0,11.5,87.0,88.0,65.0,75.0,60.0,,86.0,92.0,86.0,74.0,77.0,94.0,90.0,86.0,75.0,88.0,76.0,88.0,95.0,94.0,83.0,75.0,85.0,77.0,97.0,55.0,68.0,60.0,84.0,72.0,59.0,59.0,65.0,68.0,53.0,51.0,77.0,65.0,88.0,65.0,60.0,84.0,85.0,90.0,77.0,74.0,80.0,80.0,92.0,9,0,0,5,1,3,,,,,,3.0,,,,,3.0,,,3.0,,3.0,,,1.0,,,,,,,,,3.0,,,,,,,,1.0,,1.0,,2.0,,12.0,138.0,28.0,21.0,8.0,2.0,1.0,0.0,10.0,11.0,0.0,0.0,8.0,9.0,3.0,18.0,6.0,11.5,2.3,1.8,0.7,0.2,0.1,0.0,0.2,1.5,0.5,0.91,0.91,,0.89,7.3,5.5,2.1,0.5,0.3,0.0,0.8,4.7,1.6,,,,,0.91,0.94,0.15,0.2,,,,,,,,,,,,,,,,,,,,,,,,,,,
124,Brad Daugherty,Cavaliers,C,PF,"7'0""",,-1.0,,,,,,,,,,,,,no S7-9 mins,237.0,183.0,240.0,231.0,,,,,,,,,,,,,,,,,,,,,,,,,,,,,,4.2,-1.65,0.47,0.0,,0.61,0.0,0.0,0.0,12.4,0.6,0.3,0.0,14.0,8.5,90.0,39.0,85.0,55.0,90.0,,81.0,96.0,83.0,35.0,80.0,95.0,95.0,69.0,55.0,39.0,84.0,55.0,92.0,85.0,75.0,86.0,69.0,90.0,60.0,95.0,92.0,94.0,94.0,95.0,56.0,69.0,34.0,25.0,83.0,68.0,68.0,85.0,39.0,58.0,60.0,84.0,62.0,85.0,90.0,88.0,92.0,65.0,95.0,18,0,0,13,3,2,,,,3.0,,3.0,,,,3.0,3.0,3.0,3.0,,3.0,,,3.0,2.0,1.0,,,,,1.0,3.0,,3.0,,,,,3.0,,2.0,3.0,,3.0,,2.0,,14.0,119.0,14.0,41.0,0.0,2.0,1.0,1.0,7.0,14.0,0.0,0.0,0.0,2.0,9.0,32.0,3.0,8.5,1.0,2.9,0.0,0.1,0.1,0.1,0.6,2.3,0.2,0.5,0.5,,0.0,4.2,12.4,0.0,0.6,0.3,0.3,2.7,9.7,0.9,,,,,0.5,0.47,0.34,0.12,,,,,,,,,,,,,,,,,,,,,,,,,,,
347,Jeff Hornacek,,SG,PG,"6'3""",,-1.0,,,,,,,,,,,,,no S7-9 mins,,305.0,312.0,354.0,,,,,,,,,,,,,,,,,,,,,,,,,,,,,,5.8,,0.38,1.4,0.3,0.0,,0.9,1.0,0.9,0.0,0.0,0.0,10.0,8.0,84.0,89.0,52.0,73.0,15.0,,89.0,80.0,90.0,92.0,90.0,98.0,85.0,77.0,73.0,80.0,35.0,66.0,98.0,98.0,88.0,54.0,76.0,35.0,40.0,35.0,51.0,25.0,72.0,98.0,79.0,84.0,76.0,70.0,84.0,79.0,73.0,52.0,89.0,77.0,39.0,88.0,87.0,80.0,57.0,55.0,59.0,55.0,89.0,3,0,0,3,0,0,,3.0,,,3.0,,,,,,,,,,,,,,,,,,,,,,,,,,,,,,,,,,3.0,,,10.0,80.0,13.0,2.0,2.0,0.0,0.0,2.0,5.0,17.0,3.0,10.0,0.0,0.0,0.0,2.0,5.0,8.0,1.3,0.2,0.2,0.0,0.0,0.2,0.0,0.2,0.5,0.29,0.29,0.3,,5.8,0.9,0.9,0.0,0.0,0.9,0.0,0.9,2.3,,,,,0.38,0.38,0.02,0.16,,,,,,,,,,,,,,,,,,,,,,,,,,,
803,V.J. Edgecombe,,SG,,,,-1.0,,,,,,,,,,,,,no S7-9 mins,,,,,,,,,,,,,,,,,,,,,,,,,,,,,,,,,,12.3,,0.52,1.8,0.36,1.76,0.5,3.1,7.0,1.8,0.9,0.0,,14.0,5.9,,,,,0.0,,,,,,,,,,,,,,,,,,,,,,,,,,,,,,,,,,,,,,,,,,,,,0,0,0,0,0,0,,,,,,,,,,,,,,,,,,,,,,,,,,,,,,,,,,,,,,,,,,14.0,82.0,28.0,4.0,7.0,2.0,0.0,1.0,11.0,25.0,4.0,11.0,2.0,4.0,0.0,4.0,4.0,5.9,2.0,0.3,0.5,0.1,0.0,0.1,0.0,0.3,0.3,0.44,0.5,0.36,0.5,12.3,1.8,3.1,0.9,0.0,0.4,0.0,1.8,1.8,,,,,0.52,0.52,0.05,0.34,,,,,,,,,,,,,,,,,,,,,,,,,,,
808,Kyshawn George,,,,,,-1.0,,,,,,,,,,,,,no S7-9 mins,,,,,,,,,,,,,,,,,,,,,,,,,,,,,,,,,,0.0,,,0.0,,0.0,,0.0,,0.0,0.0,0.0,,1.0,2.0,,,,,0.0,,,,,,,,,,,,,,,,,,,,,,,,,,,,,,,,,,,,,,,,,,,,,0,0,0,0,0,0,,,,,,,,,,,,,,,,,,,,,,,,,,,,,,,,,,,,,,,,,,1.0,2.0,0.0,0.0,0.0,0.0,0.0,0.0,0.0,0.0,0.0,0.0,0.0,0.0,0.0,0.0,0.0,2.0,0.0,0.0,0.0,0.0,0.0,0.0,0.0,0.0,0.0,,,,,0.0,0.0,0.0,0.0,0.0,0.0,0.0,0.0,0.0,,,,,,,0.0,0.0,,,,,,,,,,,,,,,,,,,,,,,,,,,
198,Bob Netolicky,,PF,C,"6'9""",,-1.0,,,,,,,,,,,,,no S7-9 mins,,260.0,285.0,375.0,,,,,,,,,,,,,,,,,,,,,,,,,,,,,,0.0,,,0.0,,0.0,,0.0,,0.0,0.0,0.0,,1.0,1.0,88.0,53.0,85.0,75.0,75.0,,81.0,94.0,74.0,57.0,72.0,98.0,90.0,78.0,75.0,53.0,85.0,80.0,90.0,80.0,84.0,86.0,74.0,80.0,75.0,91.0,91.0,92.0,88.0,95.0,62.0,69.0,69.0,50.0,70.0,52.0,75.0,85.0,53.0,70.0,75.0,80.0,78.0,85.0,94.0,93.0,94.0,35.0,92.0,14,0,0,12,2,0,,,,,,3.0,,2.0,,3.0,3.0,3.0,3.0,,3.0,3.0,,3.0,,,,,,,,3.0,,,,,,,,,2.0,3.0,3.0,3.0,,,,1.0,1.0,0.0,0.0,0.0,0.0,0.0,0.0,0.0,0.0,0.0,0.0,0.0,0.0,0.0,0.0,0.0,1.0,0.0,0.0,0.0,0.0,0.0,0.0,0.0,0.0,0.0,,,,,0.0,0.0,0.0,0.0,0.0,0.0,0.0,0.0,0.0,,,,,,,0.0,0.0,,,,,,,,,,,,,,,,,,,,,,,,,,,
996,Jon Koncak,,C,PF,"7'0""",,-1.0,,,,,,,,,,,,,no S7-9 mins,,,,,,,,,,,,,,,,,,,,,,,,,,,,,,,,,,,,,,,,,,,,,,,,,76.0,30.0,85.0,25.0,80.0,,64.0,79.0,49.0,49.0,60.0,74.0,75.0,58.0,25.0,30.0,73.0,41.0,66.0,80.0,90.0,58.0,28.0,70.0,44.0,79.0,25.0,75.0,75.0,66.0,31.0,39.0,30.0,25.0,34.0,29.0,69.0,85.0,30.0,58.0,63.0,86.0,78.0,85.0,80.0,79.0,80.0,90.0,85.0,3,0,0,3,0,0,,,,,,,,,,,,,,,,,,,,,,,,,,,,,,,,,,,,3.0,3.0,3.0,,,,,,,,,,,,,,,,,,,,,,,,,,,,,,,,,,,,,,,,,,,,,,,,,,,,,,,,,,,,,,,,,,,,,,,,,,,,,,
812,A.C. Green,,PF,C,"6'9""",,-1.0,,,,,,,,,,,,,no S7-9 mins,,,,,,,,,,,,,,,,,,,,,,,,,,,,,,,,,,,,,,,,,,,,,,,,,81.0,50.0,85.0,68.0,75.0,,74.0,84.0,64.0,60.0,78.0,75.0,80.0,75.0,68.0,50.0,65.0,72.0,78.0,95.0,99.0,70.0,60.0,50.0,69.0,81.0,80.0,80.0,71.0,72.0,43.0,36.0,63.0,51.0,36.0,29.0,73.0,85.0,50.0,61.0,60.0,88.0,84.0,85.0,85.0,86.0,84.0,98.0,92.0,4,0,0,2,1,1,,,,,,3.0,,,,,,,,,,,,,,,,,,,,3.0,,,,,,,,,1.0,,,2.0,,,,,,,,,,,,,,,,,,,,,,,,,,,,,,,,,,,,,,,,,,,,,,,,,,,,,,,,,,,,,,,,,,,,,,,,,,,,,,
189,Antonio McDyess,,PF,C,"6'9""",,-1.0,,,,,,,,,,,,,no S7-9 mins,,358.0,372.0,251.0,,,,,,,,,,,,,,,,,,,,,,,,,,,,,,13.5,-0.26,0.63,0.1,0.5,1.96,0.67,2.0,3.75,10.1,0.5,0.4,0.0,24.0,11.5,88.0,46.0,85.0,63.0,50.0,,81.0,96.0,89.0,28.0,82.0,96.0,95.0,76.0,63.0,46.0,90.0,58.0,95.0,95.0,83.0,86.0,78.0,95.0,80.0,90.0,90.0,91.0,80.0,85.0,37.0,34.0,36.0,25.0,55.0,36.0,72.0,85.0,46.0,60.0,69.0,88.0,63.0,90.0,89.0,88.0,90.0,60.0,92.0,9,0,0,9,0,0,,,,3.0,,3.0,,,,,3.0,3.0,3.0,,3.0,,,,,,,,,,,,,3.0,,,,,3.0,,,,,3.0,,,,24.0,275.0,103.0,77.0,15.0,4.0,3.0,4.0,46.0,75.0,1.0,2.0,10.0,15.0,12.0,65.0,10.0,11.5,4.3,3.2,0.6,0.2,0.1,0.2,0.5,2.7,0.4,0.61,0.62,0.5,0.67,13.5,10.1,2.0,0.5,0.4,0.5,1.6,8.5,1.3,,,,,0.62,0.63,0.28,0.37,,,,,,,,,,,,,,,,,,,,,,,,,,,
780,Shawn Marion,2002-03 Suns,SF,PF,"6'7""",,-1.0,,,,,,,,,,,,,D<85,128.0,,,107.0,-38.0,166.0,29.0,8.0,197.0,43.0,33.0,13.0,3.0,,,,,,,,,,,,2,,,,,,2,,,9.1,-0.91,0.58,1.5,0.37,1.86,0.76,3.8,4.94,7.8,0.8,0.7,0.0,24.0,33.0,91.0,84.0,86.0,75.0,40.0,,89.0,95.0,88.0,79.0,83.0,98.0,90.0,84.0,75.0,84.0,70.0,88.0,95.0,90.0,85.0,84.0,88.0,70.0,85.0,82.0,84.0,80.0,86.0,95.0,62.0,60.0,61.0,66.0,90.0,34.0,75.0,86.0,84.0,77.0,65.0,80.0,65.0,70.0,89.0,88.0,90.0,83.0,,14,0,0,13,0,1,,,,,,3.0,3.0,,3.0,,3.0,,,,,,,,,,,1.0,,,,3.0,3.0,3.0,3.0,,3.0,,,3.0,,3.0,3.0,,,3.0,,24.0,792.0,201.0,171.0,84.0,17.0,15.0,17.0,68.0,156.0,34.0,92.0,31.0,41.0,20.0,151.0,36.0,33.0,8.4,7.1,3.5,0.7,0.6,0.7,0.8,6.3,1.5,0.44,0.53,0.37,0.76,9.1,7.8,3.8,0.8,0.7,0.8,0.9,6.9,1.6,0.44,0.53,0.37,0.76,0.55,0.58,0.22,0.25,125.0,126.0,72.0,197.0,80.0,152.0,56.0,63.0,59.0,69.0,108.0,61.0,56.0,146.0,167.0,146.0,66.0,164.0,197.0,74.0,78.0,69.0,75.0,90.0,65.0,75.0,102.0
325,Kevin Duckworth,,C,PF,"7'0""",,-1.0,,,,,,,,,,,,,no S7-9 mins,,407.0,364.0,,,,,,,,,,,,,,,,,,,,,,,,,,,,,,,0.0,,,0.0,,0.0,,0.0,,18.0,0.0,0.0,,1.0,2.0,85.0,25.0,85.0,25.0,99.0,,83.0,94.0,83.0,50.0,77.0,96.0,95.0,65.0,25.0,25.0,93.0,49.0,90.0,90.0,85.0,74.0,62.0,70.0,40.0,90.0,84.0,92.0,71.0,86.0,33.0,35.0,37.0,25.0,38.0,30.0,64.0,85.0,25.0,55.0,45.0,84.0,72.0,85.0,88.0,89.0,86.0,98.0,92.0,8,0,0,5,2,1,,,,,,3.0,,,,,3.0,,3.0,,,,,,,,,,,,,1.0,,,,,,,2.0,,2.0,3.0,,3.0,,,,1.0,2.0,0.0,1.0,0.0,0.0,0.0,0.0,0.0,0.0,0.0,0.0,0.0,0.0,0.0,1.0,0.0,2.0,0.0,1.0,0.0,0.0,0.0,0.0,0.0,1.0,0.0,,,,,0.0,18.0,0.0,0.0,0.0,0.0,0.0,18.0,0.0,,,,,,,0.5,0.0,,,,,,,,,,,,,,,,,,,,,,,,,,,
146,Spencer Haywood,,PF,,"6'8""",,-1.0,,,,,,,,,,,,,no S7-9 mins,,252.0,277.0,328.0,,,,,,,,,,,,,,,,,,,,,,,,,,,,,,15.4,,1.0,0.0,,0.0,,2.6,1.0,12.9,2.6,2.6,,3.0,4.7,89.0,57.0,85.0,75.0,70.0,,87.0,96.0,90.0,72.0,84.0,90.0,90.0,81.0,75.0,57.0,80.0,80.0,98.0,95.0,79.0,89.0,82.0,97.0,85.0,88.0,84.0,85.0,92.0,95.0,52.0,40.0,56.0,43.0,75.0,48.0,72.0,85.0,57.0,45.0,70.0,86.0,78.0,85.0,96.0,96.0,95.0,55.0,92.0,10,0,0,10,0,0,,,,3.0,,3.0,,,,,3.0,3.0,,,3.0,,,,3.0,,,,,,,,,3.0,,,,,,,,3.0,3.0,3.0,,,,3.0,14.0,6.0,5.0,1.0,1.0,1.0,1.0,3.0,3.0,0.0,0.0,0.0,0.0,1.0,4.0,0.0,4.7,2.0,1.7,0.3,0.3,0.3,0.3,0.3,1.3,0.0,1.0,1.0,,,15.4,12.9,2.6,2.6,2.6,2.6,2.6,10.3,0.0,,,,,1.0,1.0,0.36,0.43,,,,,,,,,,,,,,,,,,,,,,,,,,,
366,Nicolas Batum,,SF,PF,"6'8""",2-Way Stretch Dime-Dropper,-1.02,,,,,,,,,,,,,D<85,,,377.0,246.0,,,,,,,,,,,,,,2 S8,,,,,,,,,,,,,,,,16.5,0.19,0.64,2.7,0.4,2.41,0.81,3.0,5.33,4.0,0.6,0.5,0.0,26.0,14.9,74.0,73.0,66.0,68.0,25.0,,69.0,77.0,70.0,83.0,77.0,70.0,35.0,77.0,68.0,75.0,65.0,82.0,88.0,85.0,83.0,59.0,74.0,55.0,60.0,40.0,63.0,62.0,35.0,85.0,63.0,70.0,71.0,68.0,73.0,32.0,62.0,66.0,73.0,53.0,56.0,68.0,50.0,65.0,48.0,36.0,60.0,,95.0,7,0,0,0,3,4,,,,2.0,,,1.0,,,,,,,,,,,1.0,2.0,,,,,,2.0,,,,,,1.0,,,,,,,,1.0,,,26.0,388.0,178.0,43.0,32.0,7.0,5.0,6.0,64.0,128.0,29.0,72.0,21.0,26.0,3.0,40.0,13.0,14.9,6.8,1.7,1.2,0.3,0.2,0.2,0.1,1.5,0.5,0.5,0.62,0.4,0.81,16.5,4.0,3.0,0.6,0.5,0.6,0.3,3.7,1.2,,,,,0.61,0.64,0.11,0.46,,,,,,,,,,,,,,,,,,,,,,,,,,,
239,Steve Smith,Hawks,SG,SF,"6'7""",,-1.06,,,,,,,,,,,,,D<85,220.0,257.0,235.0,221.0,,,,,,,,,,,,,,,,,,,,,,,,2,,,,,,17.2,0.3,0.7,3.2,0.46,3.43,0.86,1.6,3.4,2.4,0.6,0.4,0.0,29.0,13.4,87.0,82.0,60.0,82.0,25.0,,89.0,82.0,88.0,88.0,85.0,98.0,95.0,84.0,82.0,80.0,75.0,79.0,98.0,93.0,84.0,71.0,77.0,60.0,60.0,67.0,51.0,70.0,86.0,98.0,70.0,68.0,78.0,79.0,68.0,59.0,72.0,60.0,82.0,71.0,47.0,80.0,82.0,80.0,54.0,53.0,55.0,90.0,92.0,4,0,0,2,2,0,3.0,3.0,,,2.0,,,,,,2.0,,,,,,,,,,,,,,,,,,,,,,,,,,,,,,,29.0,388.0,185.0,26.0,17.0,7.0,4.0,5.0,59.0,115.0,35.0,76.0,32.0,37.0,1.0,25.0,21.0,13.4,6.4,0.9,0.6,0.2,0.1,0.2,0.0,0.9,0.7,0.51,0.62,0.46,0.86,17.2,2.4,1.6,0.6,0.4,0.5,0.1,2.3,1.9,,,,,0.66,0.7,0.07,0.48,,,,,,,,,,,,,,,,,,,,,,,,,,,
199,Sam Cassell,Timberwolves,PG,SG,"6'3""",,-1.1,,,,,,,,,,,,,D<85,,347.0,375.0,341.0,,,,,,,,,,,,,,,,,,,,,,,,1,,,,,,19.2,,0.45,0.0,0.0,4.8,1.0,4.8,4.0,2.4,0.0,1.2,,7.0,4.3,88.0,70.0,54.0,86.0,40.0,,87.0,92.0,77.0,88.0,87.0,90.0,90.0,76.0,86.0,76.0,34.0,76.0,95.0,72.0,95.0,57.0,94.0,25.0,25.0,30.0,58.0,58.0,70.0,95.0,88.0,88.0,88.0,90.0,90.0,85.0,64.0,54.0,70.0,64.0,37.0,74.0,75.0,75.0,40.0,34.0,46.0,80.0,92.0,14,0,0,12,2,0,,,3.0,,3.0,,3.0,,3.0,,,,,,,,3.0,3.0,3.0,3.0,3.0,2.0,3.0,3.0,3.0,,,,,,2.0,,,,,,,,,,,7.0,30.0,16.0,2.0,4.0,0.0,1.0,1.0,6.0,16.0,0.0,4.0,4.0,4.0,0.0,2.0,2.0,4.3,2.3,0.3,0.6,0.0,0.1,0.1,0.0,0.3,0.3,0.38,0.5,0.0,1.0,19.2,2.4,4.8,0.0,1.2,1.2,0.0,2.4,2.4,,,,,0.38,0.45,0.07,0.53,,,,,,,,,,,,,,,,,,,,,,,,,,,
235,Jason Richardson,,SG,SF,"6'6""",,-1.1,,,,,,,,,,,,,D<85,213.0,192.0,207.0,216.0,-1.0,214.0,87.0,10.0,139.0,73.0,47.0,96.0,6.0,,,,,,,,,,,,,,,1,,,,,,12.9,-0.35,0.51,2.3,0.29,2.33,0.86,2.3,2.5,4.5,0.4,0.2,0.0,27.0,20.0,87.0,73.0,67.0,93.0,35.0,,90.0,88.0,86.0,88.0,85.0,95.0,95.0,83.0,93.0,73.0,64.0,98.0,97.0,85.0,70.0,83.0,90.0,90.0,98.0,65.0,78.0,72.0,75.0,93.0,72.0,66.0,83.0,80.0,58.0,73.0,70.0,67.0,73.0,71.0,49.0,75.0,69.0,85.0,61.0,50.0,71.0,45.0,92.0,9,0,2,6,0,1,,3.0,,,,4.0,3.0,,3.0,,3.0,,,4.0,,,,,,,,1.0,,,,,,,,,,,,,,,,,3.0,3.0,,27.0,541.0,194.0,68.0,35.0,6.0,3.0,14.0,65.0,174.0,34.0,117.0,30.0,35.0,1.0,67.0,29.0,20.0,7.2,2.5,1.3,0.2,0.1,0.5,0.0,2.5,1.1,0.37,0.54,0.29,0.86,12.9,4.5,2.3,0.4,0.2,0.9,0.1,4.5,1.9,0.37,0.54,0.29,0.86,0.47,0.51,0.13,0.36,200.0,195.0,110.0,134.0,194.0,176.0,161.0,196.0,219.0,155.0,63.0,217.0,152.0,74.0,215.0,134.0,131.0,62.0,139.0,116.0,162.0,211.0,150.0,114.0,196.0,113.0,174.0
444,Stephon Castle,,SG,PG,"6'6""",2-Way Mid-Paint Combo Guard,-1.3,,,,,,,,,,,,,D<85,228.0,,,248.0,24.0,204.0,82.0,9.0,165.0,84.0,60.0,72.0,28.0,,,,,,,,,,,,,,,2,,,,,,11.2,-0.6,0.5,1.7,0.28,1.69,0.76,3.3,5.18,3.4,0.9,0.2,0.0,29.0,21.3,85.0,83.0,64.0,82.0,10.0,,80.0,87.0,79.0,71.0,72.0,85.0,85.0,81.0,82.0,93.0,59.0,72.0,90.0,90.0,80.0,63.0,92.0,40.0,88.0,39.0,38.0,39.0,84.0,85.0,80.0,79.0,83.0,80.0,82.0,77.0,70.0,64.0,83.0,63.0,50.0,77.0,75.0,80.0,52.0,47.0,58.0,80.0,95.0,14,0,0,2,6,6,,,,,,,2.0,,3.0,,3.0,,,,,,,1.0,1.0,,,2.0,2.0,1.0,2.0,1.0,,,,,2.0,1.0,,2.0,,,1.0,,,,,29.0,619.0,192.0,58.0,57.0,15.0,4.0,11.0,70.0,181.0,30.0,107.0,22.0,29.0,8.0,50.0,26.0,21.3,6.6,2.0,2.0,0.5,0.1,0.4,0.3,1.7,0.9,0.39,0.54,0.28,0.76,11.2,3.4,3.3,0.9,0.2,0.6,0.5,2.9,1.5,0.39,0.54,0.28,0.76,0.47,0.5,0.09,0.31,202.0,208.0,156.0,160.0,180.0,190.0,181.0,138.0,126.0,155.0,33.0,96.0,193.0,42.0,207.0,138.0,135.0,162.0,165.0,155.0,105.0,38.0,150.0,39.0,86.0,168.0,71.0
265,Richard Jefferson,,SF,SG,"6'7""",,-1.3,,,,,,,,,,,,,D<85,171.0,191.0,171.0,180.0,,,,,,,,,,,,,,,,,,,,,,,,2,,,,,,8.6,-0.99,0.42,1.1,0.24,1.14,1.0,3.1,3.67,2.3,0.0,0.3,0.0,11.0,11.5,87.0,74.0,70.0,83.0,50.0,,89.0,86.0,88.0,85.0,84.0,96.0,95.0,83.0,83.0,74.0,69.0,92.0,98.0,85.0,78.0,73.0,85.0,60.0,95.0,45.0,62.0,70.0,85.0,81.0,70.0,68.0,79.0,76.0,67.0,62.0,68.0,70.0,74.0,60.0,47.0,78.0,73.0,75.0,43.0,31.0,55.0,64.0,92.0,6,0,0,5,1,0,,,,,3.0,3.0,3.0,,3.0,,3.0,,,2.0,,,,,,,,,,,,,,,,,,,,,,,,,,,,11.0,126.0,30.0,8.0,11.0,0.0,1.0,3.0,11.0,34.0,4.0,17.0,4.0,4.0,0.0,8.0,8.0,11.5,2.7,0.7,1.0,0.0,0.1,0.3,0.0,0.7,0.7,0.32,0.41,0.24,1.0,8.6,2.3,3.1,0.0,0.3,0.9,0.0,2.3,2.3,,,,,0.38,0.42,0.06,0.24,,,,,,,,,,,,,,,,,,,,,,,,,,,
392,Austin Reaves,,SG,SF,"6'5""",Crafty Iniside-Out Combo Guard,-1.3,,,,,,,,,,,,,D<85,220.0,,,184.0,-1.0,221.0,90.0,10.0,154.0,83.0,49.0,72.0,94.0,,,,,,,,,,,,,,,2,,,,,,11.9,-0.49,0.56,2.2,0.38,0.57,1.0,3.3,3.33,1.9,0.7,0.0,0.0,25.0,17.7,88.0,66.0,35.0,83.0,75.0,,87.0,97.0,74.0,84.0,88.0,85.0,95.0,77.0,83.0,80.0,44.0,81.0,94.0,80.0,80.0,57.0,94.0,25.0,70.0,31.0,32.0,32.0,89.0,85.0,81.0,85.0,86.0,78.0,85.0,72.0,53.0,35.0,66.0,43.0,47.0,64.0,60.0,55.0,48.0,36.0,61.0,85.0,95.0,16,0,0,7,7,2,3.0,1.0,,3.0,3.0,,3.0,,3.0,,2.0,,,,,,2.0,3.0,2.0,2.0,2.0,,2.0,1.0,2.0,,,,,,,,,,,,,,3.0,,,25.0,442.0,146.0,23.0,40.0,8.0,0.0,12.0,56.0,128.0,27.0,72.0,7.0,7.0,0.0,23.0,19.0,17.7,5.8,0.9,1.6,0.3,0.0,0.5,0.0,0.9,0.8,0.44,0.52,0.38,1.0,11.9,1.9,3.3,0.7,0.0,1.0,0.0,1.9,1.5,0.44,0.52,0.38,1.0,0.54,0.56,0.05,0.33,132.0,154.0,228.0,151.0,213.0,206.0,231.0,167.0,197.0,195.0,63.0,217.0,230.0,29.0,163.0,166.0,65.0,1.0,154.0,229.0,105.0,109.0,206.0,136.0,224.0,221.0,71.0
414,Brandon Miller,,SG,SF,"6'7""",High-Flying Slasher,-1.3,,,,,,,,,,,,,D<85,,408.0,,335.0,,230.0,96.0,10.0,181.0,85.0,76.0,66.0,35.0,,,,,,,,,,,,,,,2,,,,,,10.0,-0.78,0.5,1.1,0.32,0.78,1.0,3.6,4.6,3.1,0.3,0.3,0.0,15.0,15.4,86.0,73.0,50.0,78.0,25.0,,86.0,82.0,71.0,82.0,89.0,95.0,95.0,78.0,78.0,82.0,51.0,85.0,95.0,80.0,80.0,67.0,80.0,55.0,87.0,40.0,64.0,47.0,83.0,80.0,76.0,75.0,86.0,78.0,75.0,67.0,62.0,50.0,73.0,49.0,65.0,67.0,68.0,65.0,53.0,47.0,59.0,95.0,95.0,15,0,0,2,7,6,2.0,,,2.0,3.0,2.0,1.0,,2.0,,1.0,,,2.0,,,1.0,2.0,1.0,,1.0,,1.0,,,,,,,,,,,,,,,,2.0,3.0,,15.0,231.0,64.0,20.0,23.0,2.0,2.0,5.0,26.0,62.0,7.0,22.0,5.0,5.0,0.0,20.0,11.0,15.4,4.3,1.3,1.5,0.1,0.1,0.3,0.0,1.3,0.7,0.42,0.48,0.32,1.0,10.0,3.1,3.6,0.3,0.3,0.8,0.0,3.1,1.7,0.42,0.48,0.32,1.0,0.48,0.5,0.09,0.28,196.0,204.0,156.0,179.0,230.0,216.0,217.0,178.0,232.0,155.0,16.0,217.0,213.0,13.0,182.0,200.0,112.0,1.0,181.0,165.0,91.0,224.0,124.0,90.0,224.0,157.0,122.0
186,Caron Butler,Wizards,SF,,"6'7""",,-1.3,,,,,,,,,,,,,D<85,198.0,227.0,209.0,253.0,,,,,,,,,,,,,,,,,,,,,,,,2,,,,,,8.7,-0.97,0.52,1.0,0.33,1.29,1.0,3.2,3.33,4.5,0.6,0.0,0.0,12.0,9.3,88.0,75.0,54.0,78.0,45.0,,90.0,86.0,90.0,86.0,90.0,93.0,95.0,78.0,78.0,75.0,74.0,60.0,95.0,79.0,86.0,69.0,86.0,35.0,80.0,47.0,75.0,74.0,87.0,70.0,75.0,70.0,80.0,74.0,80.0,72.0,61.0,54.0,75.0,75.0,37.0,74.0,58.0,55.0,46.0,40.0,51.0,98.0,92.0,7,0,0,3,1,3,,2.0,,3.0,,3.0,1.0,,1.0,,,,,,,,,,,,,,,,,,,1.0,,,,,,,,,,,3.0,,,12.0,112.0,27.0,14.0,10.0,2.0,0.0,3.0,10.0,24.0,3.0,9.0,4.0,4.0,1.0,13.0,6.0,9.3,2.3,1.2,0.8,0.2,0.0,0.3,0.1,1.1,0.5,0.42,0.47,0.33,1.0,8.7,4.5,3.2,0.6,0.0,1.0,0.3,4.2,1.9,,,,,0.48,0.52,0.12,0.24,,,,,,,,,,,,,,,,,,,,,,,,,,,
94,Billy Cunningham,,SF,PF,"6'6""",,-1.39,,,,,,,,,,,,,D<85 faded:Fouls,153.0,134.0,173.0,152.0,-59.0,212.0,45.0,10.0,216.0,48.0,45.0,18.0,6.0,,,,,2 S7f,,,,,,,,,,,,,,,,7.7,-1.12,0.5,0.1,0.09,1.52,0.7,3.6,6.0,7.1,0.6,0.5,0.0,24.0,19.8,93.0,72.0,79.0,75.0,50.0,,87.0,95.0,84.0,74.0,80.0,90.0,98.0,87.0,75.0,72.0,87.0,95.0,98.0,95.0,88.0,91.0,90.0,90.0,90.0,92.0,92.0,92.0,92.0,91.0,74.0,78.0,77.0,63.0,82.0,72.0,78.0,79.0,72.0,78.0,70.0,80.0,80.0,85.0,94.0,92.0,95.0,75.0,95.0,14,0,2,10,2,0,,,,3.0,,4.0,,,,2.0,3.0,3.0,,3.0,3.0,3.0,,,,,,,2.0,,,,,3.0,,,,,,,,3.0,3.0,3.0,,4.0,,24.0,475.0,101.0,94.0,48.0,8.0,6.0,8.0,43.0,93.0,1.0,11.0,14.0,20.0,5.0,89.0,17.0,19.8,4.2,3.9,2.0,0.3,0.3,0.3,0.2,3.7,0.7,0.46,0.51,0.09,0.7,7.7,7.1,3.6,0.6,0.5,0.6,0.4,6.7,1.3,0.46,0.51,0.09,0.7,0.47,0.5,0.2,0.21,205.0,207.0,78.0,216.0,199.0,217.0,111.0,138.0,197.0,108.0,16.0,131.0,108.0,13.0,134.0,172.0,187.0,195.0,216.0,79.0,91.0,154.0,90.0,39.0,94.0,76.0,35.0
377,Franz Wagner,,SF,PF,"6'10""",Crafty Mid-Paint Point Forward,-1.5,,,,,,,,,,,,,D<85,232.0,328.0,340.0,278.0,74.0,158.0,27.0,7.0,128.0,29.0,18.0,9.0,34.0,,,,,,,,,,,,,,,,,,,,,13.4,-0.27,0.65,2.2,0.41,1.93,0.68,4.0,7.22,4.3,0.4,0.0,0.0,29.0,20.0,87.0,73.0,56.0,70.0,55.0,,85.0,85.0,90.0,80.0,83.0,80.0,90.0,76.0,70.0,73.0,65.0,75.0,85.0,85.0,80.0,74.0,93.0,55.0,80.0,57.0,59.0,59.0,95.0,95.0,76.0,80.0,85.0,68.0,84.0,65.0,64.0,56.0,73.0,49.0,50.0,74.0,73.0,70.0,56.0,48.0,64.0,75.0,95.0,15,0,0,8,4,3,,,,1.0,,,3.0,,3.0,,3.0,,,2.0,,,,3.0,3.0,,,,3.0,2.0,2.0,1.0,,,,,3.0,,,1.0,,,,,3.0,2.0,,29.0,579.0,215.0,69.0,65.0,7.0,0.0,9.0,79.0,152.0,36.0,88.0,21.0,31.0,7.0,62.0,20.0,20.0,7.4,2.4,2.2,0.2,0.0,0.3,0.2,2.1,0.7,0.52,0.67,0.41,0.68,13.4,4.3,4.0,0.4,0.0,0.6,0.4,3.9,1.2,0.52,0.67,0.41,0.68,0.64,0.65,0.12,0.37,55.0,61.0,119.0,128.0,194.0,173.0,167.0,127.0,219.0,195.0,16.0,131.0,168.0,13.0,87.0,40.0,34.0,209.0,128.0,123.0,72.0,211.0,206.0,39.0,94.0,124.0,21.0
165,Zach Randolph,Grizzlies,PF,,"6'9""",,-1.5,,,,,,,,,,,,,D<85,269.0,270.0,329.0,309.0,,,,,,,,,,,,,,,,,,,,,,,,,,,,,,1.9,,0.45,0.0,0.0,1.86,0.33,2.5,,6.2,0.0,0.0,0.0,18.0,3.2,89.0,42.0,75.0,50.0,75.0,,89.0,97.0,92.0,74.0,81.0,96.0,95.0,73.0,50.0,42.0,96.0,64.0,95.0,90.0,77.0,85.0,80.0,80.0,65.0,91.0,92.0,95.0,88.0,85.0,46.0,55.0,35.0,25.0,61.0,52.0,60.0,75.0,42.0,58.0,37.0,76.0,65.0,65.0,90.0,88.0,92.0,80.0,92.0,10,0,2,6,1,1,,,,3.0,,4.0,,,,1.0,3.0,3.0,4.0,,3.0,3.0,,,,,,,,,,,,,,,,,,,,2.0,,3.0,,,,18.0,58.0,3.0,10.0,4.0,0.0,0.0,0.0,1.0,2.0,0.0,1.0,1.0,3.0,0.0,10.0,4.0,3.2,0.2,0.6,0.2,0.0,0.0,0.0,0.0,0.6,0.2,0.5,1.0,0.0,0.33,1.9,6.2,2.5,0.0,0.0,0.0,0.0,6.2,2.5,,,,,0.5,0.45,0.17,0.05,,,,,,,,,,,,,,,,,,,,,,,,,,,
163,Louie Dampier,,PG,SG,"6'0""",,-1.5,,,,,,,,,,,,,<6'2 no S7-9 mins,,269.0,301.0,325.0,,,,,,,,,,,,,,,,,,,,,,,,1,2,,,,,14.9,,0.4,2.1,0.27,3.09,0.83,5.7,5.5,2.1,0.0,0.0,,12.0,5.8,89.0,85.0,75.0,88.0,20.0,,89.0,88.0,90.0,80.0,85.0,98.0,95.0,83.0,88.0,87.0,40.0,80.0,95.0,97.0,95.0,57.0,96.0,25.0,25.0,40.0,44.0,44.0,80.0,98.0,87.0,88.0,90.0,88.0,89.0,82.0,78.0,75.0,85.0,72.0,70.0,80.0,82.0,80.0,55.0,54.0,55.0,98.0,99.0,12,0,0,9,1,2,,,3.0,,,,3.0,,3.0,,,,,,,,,3.0,3.0,1.0,2.0,3.0,3.0,3.0,1.0,,,,,,,,,3.0,,,,,,,,12.0,70.0,29.0,4.0,11.0,0.0,0.0,2.0,10.0,34.0,4.0,15.0,5.0,6.0,0.0,4.0,3.0,5.8,2.4,0.3,0.9,0.0,0.0,0.2,0.0,0.3,0.2,0.29,0.32,0.27,0.83,14.9,2.1,5.7,0.0,0.0,1.0,0.0,2.1,1.5,,,,,0.35,0.4,0.06,0.41,,,,,,,,,,,,,,,,,,,,,,,,,,,
696,Davion Mitchell,,PG,SG,"6'0""",3 & D Creator,-1.5,,,,,,,,,,,,,<6'2 no S7-9 mins,,,,,,,,,,,,,,,,,,,,,,,,,,2,,2,,,,,,,,,,,,,,,,,,,,,78.0,87.0,44.0,82.0,50.0,,74.0,97.0,78.0,85.0,66.0,65.0,50.0,81.0,82.0,88.0,60.0,70.0,90.0,95.0,80.0,45.0,79.0,25.0,40.0,30.0,30.0,30.0,30.0,95.0,79.0,75.0,86.0,82.0,75.0,75.0,67.0,44.0,87.0,49.0,40.0,85.0,82.0,85.0,38.0,31.0,44.0,50.0,95.0,9,0,0,5,2,2,,,,,,,,,,,,,,,,,,1.0,,,,,,2.0,,3.0,2.0,,,3.0,1.0,3.0,,3.0,,,,,,3.0,,,,,,,,,,,,,,,,,,,,,,,,,,,,,,,,,,,,,,,,,,,,,,,,,,,,,,,,,,,,,,,,,,,,,,,,,,,,
245,Chris Kaman,,C,,"7'0""",,-1.5,,,,,,,,,,,,,D<85,238.0,259.0,232.0,220.0,,,,,,,,,,,,,,,,,,,,,,,,,,,,,,6.0,-1.38,0.46,0.0,0.0,2.06,0.5,1.0,5.0,11.3,0.4,0.6,0.0,17.0,10.3,87.0,53.0,80.0,63.0,80.0,,83.0,93.0,82.0,60.0,82.0,95.0,85.0,79.0,63.0,53.0,95.0,75.0,85.0,95.0,84.0,79.0,70.0,85.0,60.0,82.0,84.0,84.0,70.0,95.0,57.0,52.0,52.0,43.0,78.0,62.0,70.0,80.0,53.0,60.0,80.0,82.0,60.0,75.0,84.0,83.0,85.0,40.0,92.0,11,0,0,11,0,0,,,,3.0,,3.0,,,,3.0,3.0,3.0,3.0,,3.0,,,,3.0,,,,,,,,,,,,,,3.0,,,3.0,,3.0,,,,17.0,175.0,29.0,55.0,5.0,2.0,3.0,1.0,12.0,27.0,0.0,2.0,5.0,10.0,9.0,46.0,7.0,10.3,1.7,3.2,0.3,0.1,0.2,0.1,0.5,2.7,0.4,0.44,0.48,0.0,0.5,6.0,11.3,1.0,0.4,0.6,0.2,1.9,9.5,1.4,,,,,0.44,0.46,0.31,0.17,,,,,,,,,,,,,,,,,,,,,,,,,,,
202,Rudy Tomjanovich,,SF,PF,"6'8""",,-1.5,,,,,,,,,,,,,D<85,164.0,141.0,115.0,153.0,-22.0,186.0,33.0,8.0,192.0,41.0,39.0,42.0,11.0,,,,,,,,,,,,,,,,,,,,,9.4,-0.87,0.63,0.9,0.37,1.59,0.93,2.7,3.5,6.2,0.7,0.3,0.0,29.0,22.7,88.0,80.0,80.0,73.0,60.0,,89.0,93.0,86.0,84.0,85.0,98.0,90.0,80.0,73.0,84.0,70.0,70.0,90.0,90.0,85.0,76.0,80.0,70.0,60.0,82.0,82.0,83.0,66.0,88.0,68.0,64.0,69.0,66.0,78.0,64.0,75.0,80.0,80.0,69.0,60.0,88.0,66.0,85.0,84.0,84.0,84.0,83.0,95.0,7,0,0,3,3,1,,,,2.0,,3.0,,,,,2.0,,,,,,,,,,,,,,,,2.0,3.0,,,,,,1.0,,,,,3.0,,,29.0,657.0,172.0,114.0,49.0,12.0,5.0,14.0,64.0,123.0,17.0,46.0,27.0,29.0,10.0,104.0,24.0,22.7,5.9,3.9,1.7,0.4,0.2,0.5,0.3,3.6,0.8,0.52,0.61,0.37,0.93,9.4,6.2,2.7,0.7,0.3,0.8,0.5,5.7,1.3,0.52,0.61,0.37,0.93,0.59,0.63,0.17,0.26,86.0,71.0,87.0,190.0,169.0,203.0,111.0,159.0,159.0,131.0,63.0,96.0,111.0,29.0,87.0,79.0,66.0,19.0,192.0,88.0,139.0,109.0,124.0,90.0,86.0,90.0,35.0
801,Kon Knueppel,,SF,SG,"6'7""",Crafty 3PT-Sniping Dimer,-1.5,,,,,,,,,,,,,D<85,250.0,,,148.0,70.0,180.0,32.0,8.0,158.0,34.0,18.0,15.0,46.0,,,,,,,,,,,,,,,,,,,,,11.5,-0.55,0.62,2.2,0.4,1.29,1.0,3.7,3.71,3.4,0.9,0.0,0.0,16.0,15.7,87.0,70.0,48.0,65.0,75.0,,91.0,97.0,74.0,96.0,88.0,95.0,95.0,76.0,65.0,70.0,62.0,78.0,89.0,95.0,80.0,54.0,84.0,40.0,55.0,40.0,40.0,40.0,44.0,90.0,71.0,75.0,76.0,64.0,75.0,64.0,57.0,48.0,70.0,40.0,42.0,67.0,67.0,65.0,54.0,47.0,62.0,80.0,95.0,12,0,0,7,2,3,3.0,3.0,,3.0,3.0,,3.0,,1.0,,,,,,,,,2.0,,3.0,,,,,1.0,,,,,,2.0,,,1.0,,,,,3.0,,,16.0,251.0,80.0,24.0,26.0,6.0,0.0,7.0,28.0,60.0,15.0,38.0,9.0,9.0,0.0,24.0,9.0,15.7,5.0,1.5,1.6,0.4,0.0,0.4,0.0,1.5,0.6,0.47,0.59,0.4,1.0,11.5,3.4,3.7,0.9,0.0,1.0,0.0,3.4,1.3,0.47,0.59,0.4,1.0,0.59,0.62,0.1,0.32,82.0,78.0,137.0,157.0,226.0,210.0,210.0,167.0,159.0,195.0,33.0,217.0,204.0,6.0,126.0,88.0,47.0,1.0,158.0,155.0,84.0,38.0,206.0,136.0,224.0,141.0,35.0
237,Sean Elliott,,SF,SG,"6'8""",,-1.5,,,,,,,,,,,,,D<85,257.0,241.0,241.0,242.0,65.0,192.0,36.0,9.0,167.0,36.0,25.0,35.0,48.0,,,,,,,,,,,,,,,,,,,,,11.1,-0.61,0.64,2.0,0.42,1.08,0.93,2.9,4.44,3.2,0.6,0.3,0.0,25.0,20.0,87.0,83.0,68.0,74.0,25.0,,90.0,89.0,84.0,94.0,86.0,98.0,90.0,76.0,74.0,83.0,64.0,70.0,92.0,72.0,78.0,72.0,85.0,65.0,75.0,60.0,70.0,65.0,80.0,79.0,67.0,67.0,70.0,65.0,67.0,64.0,69.0,68.0,83.0,60.0,50.0,83.0,68.0,70.0,44.0,34.0,53.0,68.0,92.0,5,0,0,3,1,1,2.0,3.0,,3.0,,,,,,,,,,,,,,,,,,,,,,,1.0,,,,,,,,,,,,3.0,,,25.0,500.0,154.0,45.0,40.0,9.0,4.0,9.0,56.0,114.0,28.0,67.0,14.0,15.0,0.0,45.0,27.0,20.0,6.2,1.8,1.6,0.4,0.2,0.4,0.0,1.8,1.1,0.49,0.6,0.42,0.93,11.1,3.2,2.9,0.6,0.3,0.6,0.0,3.2,1.9,0.49,0.6,0.42,0.93,0.61,0.64,0.09,0.31,71.0,67.0,156.0,160.0,194.0,196.0,195.0,167.0,159.0,131.0,33.0,217.0,183.0,74.0,106.0,84.0,27.0,18.0,167.0,163.0,128.0,154.0,124.0,39.0,224.0,151.0,174.0
477,Jose Alvarado,,PG,SG,"6'0""",Ball-Hawking 3 & D Point,-2.0,,,,,,,,,,,,,<6'2 no S7-9 mins,,,,,,,,,,,,,,,,,,,,,,,,,,,,,,,,,,,,,,,,,,,,,,,,,79.0,85.0,31.0,76.0,0.0,,79.0,88.0,78.0,79.0,78.0,75.0,75.0,74.0,76.0,86.0,42.0,78.0,80.0,79.0,80.0,43.0,70.0,25.0,30.0,35.0,30.0,30.0,40.0,85.0,72.0,70.0,73.0,75.0,71.0,70.0,70.0,31.0,85.0,85.0,37.0,85.0,85.0,85.0,46.0,35.0,56.0,50.0,95.0,8,0,0,4,3,1,,,,,,,,,,,,,,,,,,,,,,,,,,2.0,3.0,,2.0,3.0,2.0,3.0,,1.0,,,,,,3.0,,,,,,,,,,,,,,,,,,,,,,,,,,,,,,,,,,,,,,,,,,,,,,,,,,,,,,,,,,,,,,,,,,,,,,,,,,,,
406,Jarred Vanderbilt,,PF,C,"6'8""",Lockdown Defender,-2.0,,,,,,,,,,,,,D<85 no S7-9 mins,,406.0,,,,,,,,,,,,,,,,,,,,,,,2,,,,,,2,,,,,,,,,,,,,,,,,,76.0,83.0,83.0,75.0,75.0,,61.0,64.0,74.0,73.0,64.0,50.0,40.0,80.0,75.0,83.0,70.0,80.0,75.0,95.0,78.0,59.0,75.0,75.0,75.0,40.0,32.0,50.0,40.0,85.0,53.0,60.0,65.0,65.0,38.0,37.0,77.0,83.0,83.0,63.0,56.0,82.0,88.0,85.0,72.0,67.0,78.0,,95.0,11,0,0,4,3,4,,,,,,,,,,,,,,,,,,,,,,,,,,2.0,1.0,3.0,2.0,1.0,3.0,1.0,,2.0,1.0,,3.0,,,3.0,,,,,,,,,,,,,,,,,,,,,,,,,,,,,,,,,,,,,,,,,,,,,,,,,,,,,,,,,,,,,,,,,,,,,,,,,,,,
1094,Quenton Jackson,,SG,PG,"6'5""",Diming Inside-Out Scorer,-2.1,,,,,,,,,,,,,D<85 no S7-9 mins,,,,,,,,,,,,,,,,,,,,,,,,,,,,1,,,,,,,,,,,,,,,,,,,,,76.0,73.0,46.0,85.0,50.0,,73.0,73.0,54.0,83.0,80.0,75.0,75.0,76.0,85.0,85.0,42.0,88.0,80.0,75.0,79.0,55.0,80.0,40.0,80.0,33.0,40.0,31.0,57.0,80.0,75.0,78.0,78.0,76.0,78.0,67.0,61.0,46.0,73.0,49.0,50.0,70.0,75.0,65.0,47.0,43.0,51.0,75.0,95.0,1,0,0,0,0,1,,,,1.0,,,,,,,,,,,,,,,,,,,,,,,,,,,,,,,,,,,,,,,,,,,,,,,,,,,,,,,,,,,,,,,,,,,,,,,,,,,,,,,,,,,,,,,,,,,,,,,,,,,,,,,,,,,,,,,,
969,Javon Small,,PG,SG,"6'2""",Blow-By High Flyer,-2.1,,,,,,,,,,,,,D<85 no S7-9 mins,,,,,,,,,,,,,,,,,,,,,,,,,,,,1,,,,,,,,,,,,,,,,,,,,,74.0,64.0,44.0,87.0,99.0,,77.0,69.0,76.0,85.0,83.0,75.0,75.0,81.0,87.0,85.0,49.0,89.0,85.0,90.0,80.0,55.0,75.0,35.0,80.0,37.0,37.0,32.0,60.0,85.0,77.0,75.0,79.0,84.0,75.0,73.0,52.0,44.0,64.0,49.0,51.0,60.0,57.0,40.0,50.0,46.0,55.0,40.0,95.0,0,0,0,0,0,0,,,,,,,,,,,,,,,,,,,,,,,,,,,,,,,,,,,,,,,,,,,,,,,,,,,,,,,,,,,,,,,,,,,,,,,,,,,,,,,,,,,,,,,,,,,,,,,,,,,,,,,,,,,,,,,,,,,,
727,Josh Okogie,,SG,SF,"6'4""",Catch & Shoot 3PT Sniper,-2.1,,,,,,,,,,,,,D<85 no S7-9 mins,,,,,,,,,,,,,,,,,,,,,,,,,,,,1,,,,,,,,,,,,,,,,,,,,,75.0,77.0,50.0,89.0,80.0,,71.0,75.0,70.0,83.0,60.0,70.0,70.0,83.0,89.0,84.0,58.0,92.0,80.0,95.0,82.0,54.0,77.0,30.0,75.0,42.0,44.0,44.0,49.0,70.0,64.0,69.0,76.0,81.0,62.0,31.0,67.0,50.0,77.0,73.0,47.0,78.0,77.0,70.0,52.0,57.0,48.0,70.0,95.0,6,0,0,0,5,1,,,,2.0,,,,,,,,,,,,,,,,,,,,,,,,2.0,,,2.0,,,,,,1.0,,2.0,2.0,,,,,,,,,,,,,,,,,,,,,,,,,,,,,,,,,,,,,,,,,,,,,,,,,,,,,,,,,,,,,,,,,,,,,,,,,,,,
816,Adou Thiero,,SF,PF,"6'8""",High-Flying Wing Runner,-2.1,,,,,,,,,,,,,D<85 no S7-9 mins,,,,,,,,,,,,,,,,,,,,,,,,,,,,1,,,,,,,,,,,,,,,,,,,,,70.0,67.0,57.0,87.0,25.0,,56.0,75.0,64.0,71.0,69.0,35.0,25.0,80.0,87.0,85.0,69.0,92.0,80.0,70.0,80.0,58.0,73.0,50.0,88.0,40.0,40.0,40.0,65.0,70.0,53.0,47.0,69.0,71.0,47.0,32.0,61.0,57.0,67.0,72.0,55.0,64.0,60.0,50.0,60.0,64.0,57.0,25.0,95.0,0,0,0,0,0,0,,,,,,,,,,,,,,,,,,,,,,,,,,,,,,,,,,,,,,,,,,,,,,,,,,,,,,,,,,,,,,,,,,,,,,,,,,,,,,,,,,,,,,,,,,,,,,,,,,,,,,,,,,,,,,,,,,,,
818,Alijah Martin,,SG,PG,"6'2""",Ball-Hawking Wing Runner,-2.1,,,,,,,,,,,,,D<85 no S7-9 mins,,,,,,,,,,,,,,,,,,,,,,,,,,,,1,,,,,,,,,,,,,,,,,,,,,71.0,74.0,48.0,88.0,35.0,,63.0,77.0,76.0,76.0,76.0,40.0,35.0,82.0,88.0,88.0,62.0,85.0,85.0,85.0,80.0,54.0,76.0,25.0,85.0,35.0,37.0,37.0,59.0,80.0,67.0,67.0,73.0,78.0,67.0,52.0,68.0,48.0,74.0,86.0,56.0,70.0,69.0,70.0,53.0,62.0,44.0,50.0,95.0,0,0,0,0,0,0,,,,,,,,,,,,,,,,,,,,,,,,,,,,,,,,,,,,,,,,,,,,,,,,,,,,,,,,,,,,,,,,,,,,,,,,,,,,,,,,,,,,,,,,,,,,,,,,,,,,,,,,,,,,,,,,,,,,
188,Rolando Blackman,,SG,,"6'6""",,-2.1,,,,,,,,,,,,,D<85 no S7-9 mins,,326.0,318.0,337.0,,,,,,,,,,,,,,,,,,,,,,,,1,,,,,,0.0,,0.0,0.0,,0.0,,0.0,,0.0,0.0,0.0,,1.0,1.0,88.0,84.0,65.0,85.0,25.0,,92.0,96.0,92.0,83.0,90.0,95.0,95.0,85.0,85.0,84.0,69.0,82.0,96.0,92.0,85.0,73.0,90.0,40.0,75.0,59.0,70.0,64.0,88.0,98.0,79.0,76.0,84.0,80.0,85.0,69.0,71.0,65.0,84.0,62.0,40.0,83.0,78.0,85.0,53.0,54.0,52.0,50.0,92.0,6,0,0,6,0,0,,,,,3.0,3.0,3.0,,3.0,,3.0,,,,,,,,,,,,,,,,,,,,,,,3.0,,,,,,,,1.0,1.0,0.0,0.0,0.0,0.0,0.0,0.0,0.0,1.0,0.0,0.0,0.0,0.0,0.0,0.0,0.0,1.0,0.0,0.0,0.0,0.0,0.0,0.0,0.0,0.0,0.0,0.0,0.0,,,0.0,0.0,0.0,0.0,0.0,0.0,0.0,0.0,0.0,,,,,0.0,0.0,0.0,0.0,,,,,,,,,,,,,,,,,,,,,,,,,,,
829,Baylor Scheierman,,SG,SF,"6'6""",Wing-Running Sharpshooter,-2.1,,,,,,,,,,,,,D<85 no S7-9 mins,,,,,,,,,,,,,,,,,,,,,,,,,,,,1,,,,,,,,,,,,,,,,,,,,,76.0,56.0,47.0,86.0,0.0,,86.0,89.0,89.0,83.0,85.0,90.0,80.0,72.0,86.0,64.0,54.0,54.0,90.0,85.0,80.0,50.0,76.0,40.0,55.0,30.0,48.0,40.0,44.0,66.0,65.0,70.0,71.0,75.0,69.0,38.0,49.0,47.0,56.0,53.0,40.0,57.0,47.0,40.0,56.0,45.0,67.0,90.0,95.0,0,0,0,0,0,0,,,,,,,,,,,,,,,,,,,,,,,,,,,,,,,,,,,,,,,,,,,,,,,,,,,,,,,,,,,,,,,,,,,,,,,,,,,,,,,,,,,,,,,,,,,,,,,,,,,,,,,,,,,,,,,,,,,,
800,Lucius Allen,,PG,SG,"6'2""",,-2.1,,,,,,,,,,,,,D<85 no S7-9 mins,,,,,,,,,,,,,,,,,,,,,,,,,,,,1,,,,,,,,,,,,,,,,,,,,,77.0,62.0,33.0,85.0,30.0,,76.0,84.0,82.0,75.0,70.0,62.0,80.0,73.0,85.0,76.0,50.0,60.0,85.0,75.0,82.0,49.0,85.0,25.0,50.0,25.0,44.0,25.0,67.0,70.0,86.0,87.0,86.0,85.0,88.0,84.0,57.0,33.0,62.0,85.0,32.0,60.0,48.0,80.0,48.0,52.0,44.0,85.0,89.0,3,0,0,0,3,0,,,,,,,,,,,,,,,,,,,,,,,,,,,2.0,,2.0,,,,,2.0,,,,,,,,,,,,,,,,,,,,,,,,,,,,,,,,,,,,,,,,,,,,,,,,,,,,,,,,,,,,,,,,,,,,,,,,,,,,,,,,,,
251,Kenny Smith,,PG,SG,"6'3""",,-2.1,,,,,,,,,,,,,D<85 no S7-9 mins,,267.0,399.0,392.0,,,,,,,,,,,,,,,,,,,,,,,,1,,,,,,17.4,0.33,0.58,3.2,0.38,3.72,0.76,2.7,2.14,1.8,0.4,0.0,0.0,15.0,13.5,87.0,70.0,40.0,88.0,10.0,,88.0,84.0,87.0,94.0,82.0,98.0,80.0,80.0,88.0,76.0,50.0,84.0,92.0,85.0,85.0,55.0,86.0,25.0,68.0,36.0,44.0,25.0,65.0,88.0,88.0,92.0,84.0,90.0,85.0,88.0,55.0,40.0,70.0,60.0,27.0,70.0,45.0,70.0,35.0,31.0,38.0,98.0,92.0,12,0,0,5,3,4,2.0,3.0,,3.0,3.0,,1.0,,1.0,,,,,,,,,,,2.0,1.0,1.0,3.0,3.0,2.0,,,,,,,,,,,,,,,,,15.0,203.0,98.0,10.0,15.0,2.0,0.0,7.0,32.0,75.0,18.0,48.0,16.0,21.0,0.0,10.0,9.0,13.5,6.5,0.7,1.0,0.1,0.0,0.5,0.0,0.7,0.6,0.43,0.52,0.38,0.76,17.4,1.8,2.7,0.4,0.0,1.2,0.0,1.8,1.6,,,,,0.55,0.58,0.05,0.48,,,,,,,,,,,,,,,,,,,,,,,,,,,
1084,Oso Ighodaro,,C,PF,"7'0""",Athletic Ball Hawk,-2.1,,,,,,,,,,,,,D<85 no S7-9 mins,,,,,,,,,,,,,,,,,,,,,,,,,,,,1,,,,,,,,,,,,,,,,,,,,,76.0,47.0,62.0,86.0,95.0,,62.0,92.0,60.0,35.0,50.0,75.0,60.0,81.0,86.0,74.0,64.0,90.0,85.0,85.0,80.0,66.0,74.0,80.0,80.0,60.0,59.0,59.0,37.0,80.0,58.0,58.0,60.0,65.0,59.0,50.0,59.0,62.0,47.0,73.0,67.0,62.0,57.0,45.0,66.0,63.0,68.0,80.0,95.0,3,0,0,2,0,1,,,,,,3.0,,,,,,,,,,,,,,,,,,,,,,,,,,,,,,,1.0,,,3.0,,,,,,,,,,,,,,,,,,,,,,,,,,,,,,,,,,,,,,,,,,,,,,,,,,,,,,,,,,,,,,,,,,,,,,,,,,,,
1103,Reed Sheppard,,PG,SG,"6'2""",Ball-Hawking 3PT Creator,-2.1,,,,,,,,,,,,,D<85 no S7-9 mins,,,,,,,,,,,,,,,,,,,,,,,,,,,,1,,,,,,,,,,,,,,,,,,,,,80.0,78.0,54.0,90.0,25.0,,80.0,90.0,80.0,83.0,79.0,70.0,75.0,85.0,90.0,89.0,56.0,87.0,93.0,95.0,80.0,57.0,79.0,25.0,70.0,44.0,45.0,40.0,62.0,90.0,77.0,79.0,79.0,84.0,79.0,66.0,71.0,54.0,78.0,86.0,62.0,70.0,77.0,70.0,42.0,33.0,50.0,75.0,95.0,7,0,0,0,4,3,2.0,,2.0,2.0,,,1.0,,,,,,,,,,,,,,,,2.0,1.0,1.0,,,,,,,,,,,,,,,,,,,,,,,,,,,,,,,,,,,,,,,,,,,,,,,,,,,,,,,,,,,,,,,,,,,,,,,,,,,,,,,,,,,,,,,,,,,
767,Tristan da Silva,,SF,PF,"6'8""",3PT Sniper,-2.1,,,,,,,,,,,,,D<85 no S7-9 mins,,,,,,,,,,,,,,,,,,,,,,,,,,,,1,,,,,,,,,,,,,,,,,,,,,75.0,64.0,64.0,85.0,10.0,,74.0,89.0,39.0,83.0,86.0,85.0,60.0,76.0,85.0,67.0,62.0,67.0,90.0,85.0,80.0,68.0,79.0,60.0,65.0,67.0,67.0,67.0,45.0,90.0,59.0,64.0,69.0,59.0,68.0,35.0,57.0,64.0,64.0,53.0,51.0,58.0,57.0,50.0,50.0,41.0,59.0,70.0,95.0,0,0,0,0,0,0,,,,,,,,,,,,,,,,,,,,,,,,,,,,,,,,,,,,,,,,,,,,,,,,,,,,,,,,,,,,,,,,,,,,,,,,,,,,,,,,,,,,,,,,,,,,,,,,,,,,,,,,,,,,,,,,,,,,
762,Terrence Shannon Jr.,,SG,SF,"6'6""",Inside-Out High-Flying Slasher,-2.1,,,,,,,,,,,,,D<85 no S7-9 mins,,,,,,,,,,,,,,,,,,,,,,,,,,,,1,,,,,,,,,,,,,,,,,,,,,73.0,72.0,49.0,89.0,0.0,,70.0,70.0,76.0,83.0,81.0,60.0,50.0,80.0,89.0,87.0,58.0,83.0,90.0,75.0,80.0,61.0,80.0,40.0,85.0,47.0,52.0,48.0,49.0,85.0,73.0,68.0,79.0,86.0,68.0,63.0,55.0,49.0,72.0,38.0,57.0,62.0,57.0,50.0,47.0,39.0,55.0,45.0,95.0,0,0,0,0,0,0,,,,,,,,,,,,,,,,,,,,,,,,,,,,,,,,,,,,,,,,,,,,,,,,,,,,,,,,,,,,,,,,,,,,,,,,,,,,,,,,,,,,,,,,,,,,,,,,,,,,,,,,,,,,,,,,,,,,
481,Donte DiVincenzo,,PG,SG,"6'4""",3 & D Point,-2.1,,,,,,,,,,,,,D<85 no S7-9 mins,,,,311.0,,,,,,,,,,,,,,,,,,,,,,,,1,,,,,,8.9,,0.69,1.9,0.44,1.87,0.75,3.3,7.0,2.8,0.5,0.5,0.0,8.0,9.6,80.0,82.0,58.0,87.0,0.0,,82.0,87.0,84.0,84.0,76.0,80.0,80.0,84.0,87.0,87.0,60.0,95.0,90.0,85.0,81.0,52.0,84.0,25.0,75.0,28.0,45.0,38.0,52.0,70.0,76.0,77.0,79.0,81.0,79.0,66.0,73.0,58.0,82.0,66.0,51.0,84.0,88.0,80.0,48.0,42.0,54.0,80.0,95.0,14,0,0,0,3,11,,,,2.0,,,1.0,,2.0,,1.0,,,,,,,1.0,2.0,,,,1.0,,,,1.0,,1.0,1.0,1.0,1.0,,,,,1.0,,1.0,,,8.0,77.0,19.0,6.0,7.0,1.0,1.0,1.0,6.0,12.0,4.0,9.0,3.0,4.0,0.0,6.0,4.0,9.6,2.4,0.8,0.9,0.1,0.1,0.1,0.0,0.8,0.5,0.5,0.67,0.44,0.75,8.9,2.8,3.3,0.5,0.5,0.5,0.0,2.8,1.9,,,,,0.67,0.69,0.08,0.25,,,,,,,,,,,,,,,,,,,,,,,,,,,
289,Jason Terry,Mavericks,PG,SG,"6'2""",,-2.1,,,,,,,,,,,,,D<85 no S7-9 mins,,286.0,249.0,316.0,,,,,,,,,,,,,,,,,,,,,,,,1,,,,,,36.0,,0.85,9.8,0.67,0.0,,3.3,,0.0,1.6,0.0,,7.0,3.1,86.0,69.0,33.0,94.0,10.0,,93.0,94.0,95.0,96.0,88.0,94.0,90.0,73.0,94.0,72.0,40.0,63.0,94.0,73.0,77.0,56.0,89.0,25.0,40.0,50.0,50.0,35.0,72.0,85.0,83.0,78.0,84.0,94.0,82.0,79.0,55.0,33.0,69.0,63.0,40.0,65.0,68.0,50.0,35.0,31.0,39.0,83.0,92.0,9,0,0,6,2,1,,1.0,,,3.0,,3.0,,3.0,,,,,,,,,2.0,,,2.0,3.0,3.0,3.0,,,,,,,,,,,,,,,,,,7.0,22.0,22.0,0.0,2.0,1.0,0.0,0.0,8.0,13.0,6.0,9.0,0.0,0.0,0.0,0.0,2.0,3.1,3.1,0.0,0.3,0.1,0.0,0.0,0.0,0.0,0.3,0.62,0.5,0.67,,36.0,0.0,3.3,1.6,0.0,0.0,0.0,0.0,3.3,,,,,0.85,0.85,0.0,1.0,,,,,,,,,,,,,,,,,,,,,,,,,,,
755,Ryan Rollins,,SG,PG,"6'3""",Inside-Out Combo Guard,-2.1,,,,,,,,,,,,,D<85 no S7-9 mins,,,,,,,,,,,,,,,,,,,,,,,,,,,,1,,,,,,,,,,,,,,,,,,,,,82.0,68.0,43.0,86.0,50.0,,81.0,85.0,74.0,86.0,76.0,85.0,80.0,77.0,86.0,86.0,39.0,80.0,85.0,85.0,80.0,58.0,85.0,25.0,65.0,40.0,42.0,42.0,79.0,85.0,78.0,79.0,79.0,82.0,79.0,72.0,60.0,43.0,68.0,66.0,52.0,67.0,62.0,60.0,48.0,38.0,58.0,85.0,95.0,14,0,0,0,6,8,,,1.0,2.0,,,2.0,,2.0,,1.0,,,,,,,2.0,2.0,,,1.0,1.0,,2.0,,1.0,,1.0,,,,,1.0,,,,,1.0,,,,,,,,,,,,,,,,,,,,,,,,,,,,,,,,,,,,,,,,,,,,,,,,,,,,,,,,,,,,,,,,,,,,,,,,,,,,,
752,Rob Dillingham,,PG,SG,"6'3""",Speedy Blow-By Ace,-2.1,,,,,,,,,,,,,D<85 no S7-9 mins,,,,,,,,,,,,,,,,,,,,,,,,,,,,1,,,,,,,,,,,,,,,,,,,,,73.0,63.0,34.0,91.0,0.0,,67.0,57.0,66.0,76.0,77.0,65.0,60.0,79.0,91.0,86.0,39.0,85.0,90.0,85.0,80.0,54.0,77.0,30.0,75.0,37.0,39.0,39.0,45.0,90.0,78.0,69.0,90.0,91.0,68.0,71.0,54.0,34.0,63.0,76.0,37.0,57.0,58.0,50.0,45.0,36.0,54.0,70.0,95.0,3,0,0,0,0,3,,,,,,,,,,,,,,,,,1.0,,,,1.0,1.0,,,,,,,,,,,,,,,,,,,,,,,,,,,,,,,,,,,,,,,,,,,,,,,,,,,,,,,,,,,,,,,,,,,,,,,,,,,,,,,,,,,,,,,,,,,,,,
749,Quentin Grimes,,SG,SF,"6'4""",Physical Perimeter Lock,-2.1,,,,,,,,,,,,,D<85 no S7-9 mins,,,,,,,,,,,,,,,,,,,,,,,,,,,,1,,,,,,,,,,,,,,,,,,,,,77.0,83.0,46.0,86.0,0.0,,74.0,85.0,60.0,79.0,84.0,70.0,65.0,79.0,86.0,84.0,63.0,75.0,85.0,80.0,80.0,57.0,82.0,25.0,70.0,39.0,48.0,42.0,72.0,80.0,73.0,70.0,79.0,79.0,75.0,64.0,65.0,46.0,83.0,43.0,51.0,80.0,78.0,75.0,44.0,36.0,53.0,,95.0,11,0,0,0,5,6,1.0,1.0,,2.0,2.0,,1.0,,2.0,,,,,,,,,,,,,,,,,1.0,,,,,2.0,1.0,,,,,,,2.0,1.0,,,,,,,,,,,,,,,,,,,,,,,,,,,,,,,,,,,,,,,,,,,,,,,,,,,,,,,,,,,,,,,,,,,,,,,,,,,,
810,Kevin Porter Jr.,,PG,SG,"6'4""",Ball-Hawking Mid-Paint Scorer,-2.1,,,,,,,,,,,,,D<85 no S7-9 mins,,,,419.0,,,,,,,,,,,,,,,,,,,,,,,,1,,,,,,,,,,,,,,,,,,,,,83.0,69.0,44.0,85.0,0.0,,83.0,79.0,90.0,79.0,87.0,80.0,85.0,76.0,85.0,75.0,52.0,75.0,88.0,80.0,80.0,62.0,85.0,40.0,80.0,25.0,62.0,44.0,84.0,80.0,81.0,82.0,82.0,83.0,82.0,78.0,65.0,44.0,69.0,96.0,53.0,64.0,75.0,55.0,50.0,40.0,61.0,60.0,95.0,10,0,0,2,3,5,2.0,1.0,,3.0,3.0,,1.0,,2.0,,1.0,,,,,,,,,,,,,,1.0,,1.0,,2.0,,,,,,,,,,,,,,,,,,,,,,,,,,,,,,,,,,,,,,,,,,,,,,,,,,,,,,,,,,,,,,,,,,,,,,,,,,,,,,,,,,,,,,,
856,Chaz Lanier,,SG,SF,"6'4""",3PT Shot Hunter,-2.1,,,,,,,,,,,,,D<85 no S7-9 mins,,,,,,,,,,,,,,,,,,,,,,,,,,,,1,,,,,,,,,,,,,,,,,,,,,68.0,52.0,40.0,85.0,0.0,,69.0,78.0,80.0,79.0,76.0,50.0,50.0,79.0,85.0,79.0,48.0,88.0,92.0,80.0,80.0,52.0,78.0,25.0,60.0,37.0,48.0,44.0,40.0,80.0,61.0,62.0,72.0,79.0,57.0,33.0,45.0,40.0,52.0,52.0,28.0,51.0,44.0,45.0,46.0,52.0,41.0,50.0,95.0,1,0,0,0,0,1,,,,1.0,,,,,,,,,,,,,,,,,,,,,,,,,,,,,,,,,,,,,,,,,,,,,,,,,,,,,,,,,,,,,,,,,,,,,,,,,,,,,,,,,,,,,,,,,,,,,,,,,,,,,,,,,,,,,,,,
809,VJ Edgecombe,,SG,PG,"6'5""",Blow-By Dual Finisher,-2.1,,,,,,,,,,,,,D<85 no S7-9 mins,,,,368.0,,,,,,,,,,,,,,,,,,,,,,,,1,,,,,,,,,,,,,,,,,,,,,82.0,77.0,53.0,89.0,0.0,,78.0,79.0,79.0,81.0,81.0,75.0,75.0,82.0,89.0,91.0,57.0,88.0,85.0,85.0,80.0,63.0,85.0,35.0,89.0,41.0,53.0,40.0,74.0,85.0,78.0,75.0,86.0,85.0,80.0,63.0,67.0,53.0,77.0,59.0,52.0,77.0,75.0,75.0,52.0,48.0,56.0,75.0,95.0,10,0,0,0,5,5,,,,2.0,1.0,,,,2.0,,1.0,,,2.0,,,,1.0,,,,,1.0,,,,,2.0,,,,,,,,,,,1.0,2.0,,,,,,,,,,,,,,,,,,,,,,,,,,,,,,,,,,,,,,,,,,,,,,,,,,,,,,,,,,,,,,,,,,,,,,,,,,,,
807,Dylan Harper,,PG,SG,"6'6""",Mid-Range Slasher,-2.1,,,,,,,,,,,,,D<85 no S7-9 mins,,,,,,,,,,,,,,,,,,,,,,,,,,,,1,,,,,,0.0,,0.0,0.0,,0.0,,0.0,,0.0,0.0,0.0,,1.0,4.0,80.0,70.0,52.0,88.0,0.0,,78.0,83.0,94.0,69.0,74.0,75.0,75.0,81.0,88.0,89.0,52.0,83.0,90.0,85.0,80.0,62.0,88.0,30.0,86.0,34.0,48.0,45.0,69.0,95.0,80.0,75.0,90.0,86.0,78.0,72.0,62.0,52.0,70.0,59.0,51.0,70.0,68.0,65.0,48.0,41.0,56.0,70.0,95.0,8,0,0,0,2,6,,,,1.0,,,2.0,,2.0,,1.0,,,,,,1.0,,,,1.0,1.0,,,1.0,,,,,,,,,,,,,,,,,1.0,4.0,0.0,0.0,0.0,0.0,0.0,0.0,0.0,1.0,0.0,0.0,0.0,0.0,0.0,0.0,0.0,4.0,0.0,0.0,0.0,0.0,0.0,0.0,0.0,0.0,0.0,0.0,0.0,,,0.0,0.0,0.0,0.0,0.0,0.0,0.0,0.0,0.0,,,,,0.0,0.0,0.0,0.0,,,,,,,,,,,,,,,,,,,,,,,,,,,
805,Bronny James Jr.,,SG,PG,"6'2""",Blow-By High Flyer,-2.1,,,,,,,,,,,,,D<85 no S7-9 mins,,,,439.0,,,,,,,,,,,,,,,,,,,,,,,,1,,,,,,,,,,,,,,,,,,,,,70.0,72.0,47.0,87.0,0.0,,64.0,69.0,65.0,70.0,73.0,60.0,45.0,84.0,87.0,87.0,60.0,90.0,90.0,90.0,80.0,51.0,70.0,35.0,80.0,37.0,37.0,30.0,37.0,85.0,65.0,67.0,70.0,84.0,65.0,41.0,59.0,47.0,72.0,57.0,44.0,70.0,60.0,65.0,49.0,48.0,50.0,75.0,95.0,0,0,0,0,0,0,,,,,,,,,,,,,,,,,,,,,,,,,,,,,,,,,,,,,,,,,,,,,,,,,,,,,,,,,,,,,,,,,,,,,,,,,,,,,,,,,,,,,,,,,,,,,,,,,,,,,,,,,,,,,,,,,,,,
1057,Micah Peavy,,SF,SG,"6'7""",Slashing Point Forward,-2.1,,,,,,,,,,,,,D<85 no S7-9 mins,,,,,,,,,,,,,,,,,,,,,,,,,,,,1,,,,,,,,,,,,,,,,,,,,,72.0,71.0,59.0,85.0,20.0,,64.0,64.0,75.0,69.0,66.0,60.0,50.0,76.0,85.0,82.0,53.0,78.0,85.0,75.0,80.0,60.0,79.0,40.0,80.0,52.0,51.0,47.0,42.0,85.0,67.0,75.0,76.0,70.0,75.0,38.0,60.0,59.0,71.0,66.0,47.0,70.0,55.0,50.0,52.0,56.0,47.0,50.0,95.0,0,0,0,0,0,0,,,,,,,,,,,,,,,,,,,,,,,,,,,,,,,,,,,,,,,,,,,,,,,,,,,,,,,,,,,,,,,,,,,,,,,,,,,,,,,,,,,,,,,,,,,,,,,,,,,,,,,,,,,,,,,,,,,,
851,Carter Bryant,,PF,SF,"6'8""",Blow-By Rim Rocker,-2.1,,,,,,,,,,,,,D<85 no S7-9 mins,,,,,,,,,,,,,,,,,,,,,,,,,,,,1,,,,,,,,,,,,,,,,,,,,,74.0,75.0,60.0,88.0,0.0,,65.0,64.0,74.0,75.0,68.0,60.0,50.0,81.0,88.0,88.0,60.0,80.0,85.0,85.0,80.0,59.0,72.0,45.0,88.0,50.0,50.0,50.0,38.0,80.0,60.0,62.0,70.0,75.0,62.0,30.0,61.0,60.0,75.0,37.0,58.0,72.0,58.0,70.0,60.0,51.0,69.0,65.0,95.0,2,0,0,0,0,2,,,,,,,,,,,,,,,,,,,,,,,,,,1.0,,,,,1.0,,,,,,,,,,,,,,,,,,,,,,,,,,,,,,,,,,,,,,,,,,,,,,,,,,,,,,,,,,,,,,,,,,,,,,,,,,,,,,,,,,,,,
852,Cedric Coward,,SF,SG,"6'5""",Wing-Running Finisher,-2.1,,,,,,,,,,,,,D<85 no S7-9 mins,,,,,,,,,,,,,,,,,,,,,,,,,,,,1,,,,,,,,,,,,,,,,,,,,,80.0,73.0,58.0,88.0,0.0,,79.0,92.0,72.0,78.0,84.0,85.0,65.0,82.0,88.0,84.0,57.0,83.0,95.0,85.0,80.0,56.0,84.0,50.0,80.0,30.0,48.0,32.0,45.0,80.0,70.0,68.0,73.0,79.0,68.0,61.0,59.0,58.0,73.0,37.0,53.0,71.0,68.0,55.0,64.0,54.0,74.0,98.0,95.0,7,0,0,0,4,3,,,,2.0,,,,,1.0,,2.0,,,1.0,,,,1.0,,,,,,,,,,,,,,,,,,,,,2.0,2.0,,,,,,,,,,,,,,,,,,,,,,,,,,,,,,,,,,,,,,,,,,,,,,,,,,,,,,,,,,,,,,,,,,,,,,,,,,,,
855,Charlie Ward,,PG,,"6'2""",,-2.1,,,,,,,,,,,,,D<85 no S7-9 mins,,,,,,,,,,,,,,,,,,,,,,,,,,,,1,,,,,,,,,,,,,,,,,,,,,76.0,82.0,34.0,85.0,0.0,,71.0,70.0,72.0,85.0,71.0,75.0,50.0,80.0,85.0,90.0,50.0,91.0,90.0,76.0,78.0,45.0,74.0,25.0,30.0,30.0,35.0,30.0,44.0,95.0,76.0,75.0,75.0,85.0,77.0,70.0,70.0,34.0,82.0,85.0,51.0,80.0,78.0,80.0,50.0,49.0,50.0,40.0,85.0,9,0,0,3,2,4,,,3.0,3.0,1.0,,,,,,,,,,,,,,,,,,,,1.0,,3.0,,1.0,2.0,,2.0,,1.0,,,,,,,,,,,,,,,,,,,,,,,,,,,,,,,,,,,,,,,,,,,,,,,,,,,,,,,,,,,,,,,,,,,,,,,,,,,,,,,,,,
742,Matas Buzelis,,PF,SF,"6'10""",Shot-Erasing Blow-By Slasher,-2.1,,,,,,,,,,,,,D<85 no S7-9 mins,,,,363.0,,,,,,,,,,,,,,,,,,,,,,,,1,,,,,,13.3,,0.64,0.0,,1.89,1.0,1.9,,0.0,0.0,0.0,,7.0,2.7,82.0,62.0,58.0,86.0,55.0,,84.0,86.0,82.0,80.0,78.0,90.0,90.0,79.0,86.0,70.0,60.0,84.0,90.0,85.0,80.0,71.0,85.0,65.0,89.0,62.0,58.0,60.0,59.0,90.0,65.0,65.0,72.0,76.0,69.0,41.0,60.0,58.0,62.0,38.0,82.0,65.0,62.0,50.0,55.0,43.0,67.0,95.0,95.0,9,0,0,0,8,1,,,,2.0,,2.0,2.0,,2.0,,2.0,,,2.0,,,,1.0,,,,,,,,,,2.0,,,,,,,,,,,,2.0,,7.0,19.0,7.0,0.0,1.0,0.0,0.0,0.0,3.0,5.0,0.0,0.0,1.0,1.0,0.0,0.0,1.0,2.7,1.0,0.0,0.1,0.0,0.0,0.0,0.0,0.0,0.1,0.6,0.6,,1.0,13.3,0.0,1.9,0.0,0.0,0.0,0.0,0.0,1.9,,,,,0.6,0.64,0.0,0.37,,,,,,,,,,,,,,,,,,,,,,,,,,,
743,Max Christie,,SG,SF,"6'5""",2-Way Off-Screen Shooter,-2.1,,,,,,,,,,,,,D<85 no S7-9 mins,,,,390.0,,,,,,,,,,,,,,,,,,,,,,,,1,,,,,,0.0,,0.0,0.0,0.0,0.0,,2.3,,4.5,0.0,0.0,,4.0,4.0,78.0,80.0,44.0,87.0,70.0,,82.0,80.0,89.0,86.0,88.0,75.0,75.0,82.0,87.0,87.0,55.0,82.0,98.0,85.0,80.0,55.0,74.0,35.0,80.0,39.0,42.0,42.0,41.0,90.0,64.0,68.0,70.0,78.0,66.0,40.0,62.0,44.0,80.0,36.0,47.0,77.0,75.0,75.0,41.0,29.0,53.0,75.0,95.0,8,0,0,0,0,8,1.0,,,1.0,,,1.0,,1.0,,,,,,,,,,,,,,,,,1.0,1.0,,,,1.0,,,1.0,,,,,,,,4.0,16.0,0.0,2.0,1.0,0.0,0.0,0.0,0.0,2.0,0.0,2.0,0.0,0.0,0.0,2.0,0.0,4.0,0.0,0.5,0.3,0.0,0.0,0.0,0.0,0.5,0.0,0.0,,0.0,,0.0,4.5,2.3,0.0,0.0,0.0,0.0,4.5,0.0,,,,,0.0,0.0,0.12,0.0,,,,,,,,,,,,,,,,,,,,,,,,,,,
709,Ja'Kobe Walter,,SG,SF,"6'5""",Ball-Hawking Wing Runner,-2.1,,,,,,,,,,,,,D<85 no S7-9 mins,,,,,,,,,,,,,,,,,,,,,,,,,,,,1,,,,,,,,,,,,,,,,,,,,,76.0,66.0,47.0,90.0,0.0,,76.0,92.0,78.0,80.0,83.0,70.0,50.0,80.0,90.0,82.0,57.0,76.0,88.0,85.0,80.0,58.0,79.0,35.0,75.0,49.0,50.0,50.0,45.0,80.0,64.0,69.0,70.0,79.0,69.0,34.0,56.0,47.0,66.0,73.0,45.0,59.0,55.0,50.0,48.0,46.0,50.0,85.0,95.0,3,0,0,0,1,2,,,,,,,1.0,,1.0,,2.0,,,,,,,,,,,,,,,,,,,,,,,,,,,,,,,,,,,,,,,,,,,,,,,,,,,,,,,,,,,,,,,,,,,,,,,,,,,,,,,,,,,,,,,,,,,,,,,,,,,,,,,,,
849,Cam Christie,,SG,SF,"6'6""",Mid-Range Menace,-2.1,,,,,,,,,,,,,D<85 no S7-9 mins,,,,,,,,,,,,,,,,,,,,,,,,,,,,1,,,,,,,,,,,,,,,,,,,,,70.0,62.0,47.0,87.0,50.0,,65.0,62.0,79.0,73.0,76.0,60.0,40.0,74.0,87.0,82.0,42.0,77.0,86.0,70.0,80.0,54.0,66.0,40.0,75.0,40.0,40.0,40.0,40.0,90.0,64.0,68.0,70.0,78.0,68.0,37.0,50.0,47.0,62.0,41.0,40.0,58.0,57.0,45.0,54.0,44.0,65.0,90.0,95.0,0,0,0,0,0,0,,,,,,,,,,,,,,,,,,,,,,,,,,,,,,,,,,,,,,,,,,,,,,,,,,,,,,,,,,,,,,,,,,,,,,,,,,,,,,,,,,,,,,,,,,,,,,,,,,,,,,,,,,,,,,,,,,,,
707,Isaiah Collier,,PG,SG,"6'3""",Playmaker,-2.1,,,,,,,,,,,,,D<85 no S7-9 mins,,,,,,,,,,,,,,,,,,,,,,,,,,,,1,,,,,,,,,,,,,,,,,,,,,82.0,62.0,30.0,95.0,0.0,,76.0,94.0,70.0,73.0,71.0,70.0,75.0,81.0,95.0,88.0,60.0,75.0,89.0,80.0,80.0,55.0,87.0,30.0,75.0,28.0,41.0,37.0,50.0,95.0,90.0,90.0,86.0,95.0,90.0,90.0,53.0,30.0,62.0,59.0,51.0,57.0,57.0,55.0,40.0,33.0,47.0,70.0,95.0,8,0,0,3,2,3,,,,,,,1.0,,1.0,,1.0,,,,,,,,2.0,3.0,,3.0,2.0,,3.0,,,,,,,,,,,,,,,,,,,,,,,,,,,,,,,,,,,,,,,,,,,,,,,,,,,,,,,,,,,,,,,,,,,,,,,,,,,,,,,,,,,,,,,,,,,
975,Jeremiah Fears,,PG,SG,"6'4""",Speedy Blow-By Ace,-2.1,,,,,,,,,,,,,D<85 no S7-9 mins,,,,,,,,,,,,,,,,,,,,,,,,,,,,1,,,,,,,,,,,,,,,,,,,,,79.0,62.0,38.0,94.0,0.0,,75.0,71.0,72.0,76.0,79.0,75.0,75.0,79.0,94.0,88.0,49.0,75.0,85.0,85.0,80.0,60.0,84.0,40.0,70.0,40.0,41.0,40.0,79.0,85.0,81.0,78.0,88.0,92.0,79.0,67.0,58.0,38.0,62.0,70.0,53.0,62.0,60.0,60.0,48.0,39.0,58.0,70.0,95.0,12,0,0,2,3,7,,,1.0,1.0,,,2.0,,3.0,,1.0,,,,,,2.0,,1.0,1.0,2.0,3.0,,1.0,1.0,,,,,,,,,,,,,,,,,,,,,,,,,,,,,,,,,,,,,,,,,,,,,,,,,,,,,,,,,,,,,,,,,,,,,,,,,,,,,,,,,,,,,,,,,,,
217,Danny Granger,,SF,PF,"6'9""",,-2.1,,,,,,,,,,,,,D<85 no S7-9 mins,,355.0,385.0,319.0,,,,,,,,,,,,,,,,,,,,,,,,1,,,,,,13.2,,0.64,2.8,0.57,2.77,0.75,2.1,1.5,7.6,0.0,0.7,,7.0,7.4,88.0,76.0,56.0,86.0,20.0,,88.0,85.0,84.0,84.0,83.0,98.0,95.0,83.0,86.0,84.0,65.0,90.0,95.0,86.0,75.0,73.0,84.0,40.0,80.0,60.0,72.0,72.0,78.0,94.0,78.0,78.0,78.0,78.0,78.0,77.0,67.0,56.0,76.0,70.0,60.0,73.0,58.0,75.0,70.0,69.0,70.0,83.0,92.0,6,0,0,3,2,1,,2.0,,,3.0,,3.0,,3.0,,2.0,,,,,,,,,,,1.0,,,,,,,,,,,,,,,,,,,,7.0,52.0,19.0,11.0,3.0,0.0,1.0,2.0,6.0,13.0,4.0,7.0,3.0,4.0,1.0,10.0,3.0,7.4,2.7,1.6,0.4,0.0,0.1,0.3,0.1,1.4,0.4,0.46,0.33,0.57,0.75,13.2,7.6,2.1,0.0,0.7,1.4,0.7,6.9,2.1,,,,,0.62,0.64,0.21,0.37,,,,,,,,,,,,,,,,,,,,,,,,,,,
285,Doc Rivers,,PG,SG,"6'4""",,-2.1,,,,,,,,,,,,,D<85 no S7-9 mins,,322.0,400.0,393.0,,,,,,,,,,,,,,,,,,,,,,,,1,,,,,,13.1,,0.5,0.0,0.0,0.0,,13.1,4.0,0.0,0.0,0.0,,5.0,2.2,86.0,78.0,60.0,86.0,0.0,,82.0,84.0,84.0,80.0,86.0,80.0,75.0,78.0,86.0,82.0,60.0,68.0,86.0,85.0,79.0,61.0,89.0,25.0,60.0,25.0,55.0,66.0,84.0,80.0,90.0,92.0,87.0,86.0,93.0,94.0,69.0,60.0,78.0,91.0,37.0,76.0,70.0,70.0,43.0,42.0,44.0,70.0,92.0,11,0,0,6,3,2,,,,,,,1.0,,1.0,,,,,,,,2.0,3.0,2.0,3.0,3.0,3.0,,,3.0,,3.0,,,,,,,2.0,,,,,,,,5.0,11.0,4.0,0.0,4.0,0.0,0.0,1.0,2.0,4.0,0.0,1.0,0.0,0.0,0.0,0.0,1.0,2.2,0.8,0.0,0.8,0.0,0.0,0.2,0.0,0.0,0.2,0.5,0.67,0.0,,13.1,0.0,13.1,0.0,0.0,3.3,0.0,0.0,3.3,,,,,0.5,0.5,0.0,0.36,,,,,,,,,,,,,,,,,,,,,,,,,,,
1079,Nolan Traore,,PG,SG,"6'4""",Speedy Blow-By Ace,-2.1,,,,,,,,,,,,,D<85 no S7-9 mins,,,,,,,,,,,,,,,,,,,,,,,,,,,,1,,,,,,,,,,,,,,,,,,,,,78.0,60.0,44.0,85.0,75.0,,77.0,89.0,60.0,74.0,78.0,80.0,80.0,79.0,85.0,85.0,56.0,74.0,92.0,80.0,80.0,60.0,81.0,30.0,70.0,42.0,44.0,69.0,62.0,81.0,82.0,79.0,86.0,85.0,80.0,78.0,51.0,44.0,60.0,46.0,53.0,57.0,60.0,40.0,36.0,31.0,42.0,75.0,95.0,7,0,0,1,2,4,,,,,,,1.0,,1.0,,1.0,,,,,,,,2.0,2.0,,1.0,,,3.0,,,,,,,,,,,,,,,,,,,,,,,,,,,,,,,,,,,,,,,,,,,,,,,,,,,,,,,,,,,,,,,,,,,,,,,,,,,,,,,,,,,,,,,,,,,
1076,Noa Essengue,,PF,SF,"6'9""",Rim-Running Rim Rocker,-2.1,,,,,,,,,,,,,D<85 no S7-9 mins,,,,,,,,,,,,,,,,,,,,,,,,,,,,1,,,,,,,,,,,,,,,,,,,,,72.0,68.0,60.0,85.0,70.0,,65.0,71.0,70.0,70.0,70.0,60.0,50.0,77.0,85.0,82.0,55.0,82.0,80.0,80.0,80.0,68.0,72.0,50.0,80.0,60.0,60.0,60.0,76.0,90.0,60.0,60.0,69.0,72.0,60.0,39.0,58.0,60.0,68.0,60.0,45.0,60.0,68.0,45.0,54.0,55.0,54.0,60.0,95.0,1,0,0,0,0,1,,,,,,,,,,,1.0,,,,,,,,,,,,,,,,,,,,,,,,,,,,,,,,,,,,,,,,,,,,,,,,,,,,,,,,,,,,,,,,,,,,,,,,,,,,,,,,,,,,,,,,,,,,,,,,,,,,,,,,,
867,Cody Williams,,SF,SG,"6'7""",Blow-By Laymaking Wing,-2.1,,,,,,,,,,,,,D<85 no S7-9 mins,,,,,,,,,,,,,,,,,,,,,,,,,,,,1,,,,,,,,,,,,,,,,,,,,,76.0,73.0,55.0,87.0,99.0,,68.0,97.0,53.0,67.0,59.0,75.0,55.0,77.0,87.0,86.0,51.0,75.0,90.0,75.0,80.0,60.0,79.0,50.0,80.0,43.0,47.0,47.0,40.0,90.0,64.0,63.0,82.0,79.0,63.0,32.0,60.0,55.0,73.0,43.0,61.0,70.0,60.0,55.0,46.0,47.0,46.0,75.0,95.0,1,0,0,0,0,1,,,,,,,,,,,1.0,,,,,,,,,,,,,,,,,,,,,,,,,,,,,,,,,,,,,,,,,,,,,,,,,,,,,,,,,,,,,,,,,,,,,,,,,,,,,,,,,,,,,,,,,,,,,,,,,,,,,,,,,
354,Johnny Moore,,PG,,"6'4""",,-2.1,,,,,,,,,,,,,D<85 no S7-9 mins,,,409.0,,,,,,,,,,,,,,,,,,,,,,,,,1,,,,,,10.0,,0.5,2.0,0.5,0.0,,4.0,,2.0,0.0,0.0,0.0,2.0,9.0,84.0,75.0,38.0,85.0,0.0,,80.0,79.0,78.0,76.0,85.0,82.0,80.0,75.0,85.0,85.0,34.0,82.0,88.0,73.0,80.0,50.0,84.0,25.0,25.0,25.0,40.0,26.0,88.0,89.0,91.0,95.0,86.0,85.0,95.0,96.0,66.0,38.0,75.0,84.0,37.0,74.0,84.0,70.0,47.0,38.0,55.0,40.0,89.0,10,0,0,6,4,0,,,2.0,,,,2.0,,2.0,,,,,,,,2.0,,,3.0,3.0,3.0,3.0,3.0,3.0,,,,,,,,,,,,,,,,,2.0,18.0,5.0,1.0,2.0,0.0,0.0,0.0,2.0,5.0,1.0,2.0,0.0,0.0,0.0,1.0,0.0,9.0,2.5,0.5,1.0,0.0,0.0,0.0,0.0,0.5,0.0,0.4,0.33,0.5,,10.0,2.0,4.0,0.0,0.0,0.0,0.0,2.0,0.0,,,,,0.5,0.5,0.06,0.28,,,,,,,,,,,,,,,,,,,,,,,,,,,
720,Jaylen Wells,,SF,SG,"6'8""",2-Way Mid-Range Scorer,-2.1,,,,,,,,,,,,,D<85 no S7-9 mins,,,,,,,,,,,,,,,,,,,,,,,,,,,,1,,,,,,,,,,,,,,,,,,,,,79.0,80.0,51.0,86.0,0.0,,76.0,91.0,87.0,78.0,77.0,65.0,60.0,77.0,86.0,80.0,60.0,67.0,85.0,85.0,80.0,57.0,78.0,45.0,70.0,42.0,44.0,42.0,55.0,80.0,62.0,62.0,75.0,70.0,64.0,37.0,63.0,51.0,80.0,43.0,37.0,78.0,75.0,75.0,46.0,43.0,49.0,60.0,95.0,2,0,0,2,0,0,,,,3.0,,,,,,,,,,,,,,,,,,,,,,,,,,,,,,,,,,,3.0,,,,,,,,,,,,,,,,,,,,,,,,,,,,,,,,,,,,,,,,,,,,,,,,,,,,,,,,,,,,,,,,,,,,,,,,,,,,,
724,Jonathan Mogbo,,C,PF,"6'9""",Board-Hunting Rim Runner,-2.1,,,,,,,,,,,,,D<85 no S7-9 mins,,,,,,,,,,,,,,,,,,,,,,,,,,,,1,,,,,,,,,,,,,,,,,,,,,75.0,64.0,64.0,91.0,30.0,,66.0,79.0,53.0,70.0,70.0,75.0,50.0,81.0,91.0,79.0,68.0,75.0,88.0,85.0,80.0,61.0,80.0,60.0,80.0,50.0,50.0,50.0,55.0,64.0,65.0,66.0,70.0,69.0,67.0,52.0,64.0,64.0,64.0,56.0,66.0,67.0,68.0,60.0,74.0,69.0,78.0,75.0,95.0,3,0,0,0,0,3,,,,,,,,,,,,,,,,,,,,,,,,,,,,,1.0,,,,,,,,1.0,,,1.0,,,,,,,,,,,,,,,,,,,,,,,,,,,,,,,,,,,,,,,,,,,,,,,,,,,,,,,,,,,,,,,,,,,,,,,,,,,,
925,Gary Trent Jr.,,SG,SF,"6'5""",Sharpshooter,-2.1,,,,,,,,,,,,,D<85 no S7-9 mins,,,,,,,,,,,,,,,,,,,,,,,,,,,,1,,,,,,,,,,,,,,,,,,,,,75.0,61.0,50.0,85.0,10.0,,74.0,80.0,84.0,80.0,78.0,60.0,65.0,76.0,85.0,76.0,58.0,90.0,80.0,70.0,82.0,59.0,80.0,40.0,75.0,44.0,57.0,46.0,54.0,73.0,66.0,70.0,79.0,77.0,71.0,35.0,49.0,50.0,61.0,42.0,30.0,60.0,64.0,35.0,32.0,27.0,37.0,75.0,95.0,8,0,0,1,1,6,1.0,,,1.0,1.0,,,,2.0,,,,,1.0,,,,,,,,1.0,,,,,,,,,,,,,,,,,1.0,3.0,,,,,,,,,,,,,,,,,,,,,,,,,,,,,,,,,,,,,,,,,,,,,,,,,,,,,,,,,,,,,,,,,,,,,,,,,,,,
267,Junior Bridgeman,,SF,SG,"6'5""",,-2.1,,,,,,,,,,,,,D<85 no S7-9 mins,,363.0,412.0,442.0,,,,,,,,,,,,,,,,,,,,,,,,1,,,,,,,,,,,,,,,,,,,,,87.0,79.0,59.0,86.0,20.0,,88.0,90.0,88.0,78.0,88.0,95.0,90.0,84.0,86.0,80.0,75.0,88.0,95.0,98.0,65.0,65.0,88.0,25.0,85.0,25.0,59.0,59.0,79.0,98.0,79.0,74.0,86.0,81.0,90.0,62.0,69.0,59.0,79.0,64.0,32.0,82.0,79.0,90.0,73.0,72.0,74.0,83.0,92.0,4,0,0,3,1,0,,,,,,,3.0,,3.0,,3.0,,,,,,,,,,,,2.0,,,,,,,,,,,,,,,,,,,,,,,,,,,,,,,,,,,,,,,,,,,,,,,,,,,,,,,,,,,,,,,,,,,,,,,,,,,,,,,,,,,,,,,,,,,,,
182,De'Aaron Fox,,PG,SG,"6'3""",2-Way Mid-Range Menace,-2.1,,,,,,,,,,,,,D<85 no S7-9 mins,226.0,205.0,251.0,321.0,,,,,,,,,,,,,,,,,,,,,,,,1,,,,,,28.1,1.93,0.57,2.5,0.32,3.6,0.7,4.3,2.0,1.8,1.8,0.0,0.0,11.0,9.1,85.0,84.0,34.0,97.0,0.0,,83.0,97.0,91.0,78.0,77.0,70.0,85.0,84.0,97.0,93.0,46.0,84.0,96.0,90.0,80.0,54.0,95.0,25.0,80.0,25.0,30.0,27.0,60.0,90.0,85.0,85.0,86.0,97.0,85.0,74.0,66.0,34.0,84.0,56.0,42.0,82.0,82.0,80.0,42.0,34.0,51.0,,95.0,18,0,0,6,5,7,,,,,1.0,,3.0,,3.0,,3.0,,,,,,2.0,2.0,2.0,2.0,2.0,3.0,1.0,3.0,3.0,1.0,1.0,,1.0,,,1.0,,1.0,,,,,,,,11.0,100.0,78.0,5.0,12.0,5.0,0.0,6.0,32.0,64.0,7.0,22.0,7.0,10.0,0.0,5.0,4.0,9.1,7.1,0.5,1.1,0.5,0.0,0.5,0.0,0.5,0.4,0.5,0.6,0.32,0.7,28.1,1.8,4.3,1.8,0.0,2.2,0.0,1.8,1.4,,,,,0.56,0.57,0.05,0.78,,,,,,,,,,,,,,,,,,,,,,,,,,,
1131,Sion James,,SG,SF,"6'6""",Raw Athlete,-2.1,,,,,,,,,,,,,D<85 no S7-9 mins,,,,,,,,,,,,,,,,,,,,,,,,,,,,1,,,,,,,,,,,,,,,,,,,,,75.0,72.0,69.0,93.0,15.0,,71.0,51.0,70.0,79.0,84.0,75.0,65.0,84.0,93.0,85.0,82.0,81.0,80.0,80.0,80.0,63.0,79.0,55.0,70.0,58.0,58.0,59.0,47.0,75.0,65.0,69.0,69.0,78.0,69.0,42.0,62.0,69.0,72.0,40.0,51.0,70.0,68.0,65.0,50.0,40.0,59.0,75.0,95.0,8,0,0,0,4,4,,,,2.0,,,,,,,1.0,,,,,,,2.0,1.0,,,,1.0,,,,,,,,2.0,,,1.0,,,,,2.0,,,,,,,,,,,,,,,,,,,,,,,,,,,,,,,,,,,,,,,,,,,,,,,,,,,,,,,,,,,,,,,,,,,,,,,,,,,,,
814,Ace Bailey,,SF,SG,"6'10""",Blow-By Laymaking Wing,-2.1,,,,,,,,,,,,,D<85 no S7-9 mins,,,,,,,,,,,,,,,,,,,,,,,,,,,,1,,,,,,,,,,,,,,,,,,,,,77.0,68.0,59.0,85.0,5.0,,76.0,93.0,74.0,79.0,77.0,70.0,60.0,80.0,85.0,84.0,61.0,79.0,88.0,80.0,80.0,67.0,74.0,60.0,80.0,59.0,62.0,60.0,59.0,80.0,65.0,66.0,75.0,79.0,66.0,41.0,61.0,59.0,68.0,46.0,56.0,67.0,68.0,60.0,52.0,56.0,47.0,55.0,92.0,4,0,0,0,0,4,1.0,,,1.0,1.0,,,,,,,,,,,,,,,,,,,,,,,,,,,,,,,,,,1.0,,,,,,,,,,,,,,,,,,,,,,,,,,,,,,,,,,,,,,,,,,,,,,,,,,,,,,,,,,,,,,,,,,,,,,,,,,,,,
161,Bernard King,Knicks,SF,,"6'7""",,-2.1,,,,,,,,,,,,,D<85 no S7-9 mins,275.0,265.0,283.0,282.0,,,,,,,,,,,,,,,,,,,,,,,,1,,,,,,20.6,,0.58,3.4,1.0,5.14,0.67,3.4,2.0,6.9,1.7,1.7,,4.0,5.3,89.0,76.0,72.0,90.0,40.0,,89.0,95.0,90.0,68.0,82.0,98.0,98.0,86.0,90.0,88.0,61.0,94.0,98.0,90.0,79.0,85.0,98.0,55.0,90.0,84.0,88.0,74.0,97.0,90.0,78.0,75.0,85.0,84.0,80.0,68.0,70.0,72.0,76.0,70.0,35.0,76.0,84.0,80.0,58.0,60.0,55.0,70.0,92.0,3,0,0,3,0,0,,,,,,,3.0,,3.0,,3.0,,,,,,,,,,,,,,,,,,,,,,,,,,,,,,,4.0,21.0,12.0,4.0,2.0,1.0,1.0,1.0,4.0,9.0,2.0,2.0,2.0,3.0,1.0,3.0,0.0,5.3,3.0,1.0,0.5,0.3,0.3,0.3,0.2,0.8,0.0,0.44,0.29,1.0,0.67,20.6,6.9,3.4,1.7,1.7,1.7,1.7,5.1,0.0,,,,,0.56,0.58,0.19,0.57,,,,,,,,,,,,,,,,,,,,,,,,,,,
899,Drake Powell,,SG,SF,"6'6""",Mid-Paint Scorer,-2.1,,,,,,,,,,,,,D<85 no S7-9 mins,,,,,,,,,,,,,,,,,,,,,,,,,,,,1,,,,,,,,,,,,,,,,,,,,,73.0,75.0,54.0,86.0,60.0,,71.0,95.0,81.0,70.0,90.0,50.0,40.0,83.0,86.0,87.0,54.0,95.0,85.0,90.0,80.0,58.0,74.0,45.0,85.0,44.0,44.0,44.0,50.0,80.0,65.0,69.0,70.0,75.0,69.0,43.0,60.0,54.0,75.0,41.0,42.0,70.0,70.0,65.0,40.0,34.0,47.0,50.0,95.0,2,0,0,0,0,2,,,,1.0,,,,,,,,,,,,,,,,,,,,,,,,,,,,,,,,,,,,1.0,,,,,,,,,,,,,,,,,,,,,,,,,,,,,,,,,,,,,,,,,,,,,,,,,,,,,,,,,,,,,,,,,,,,,,,,,,,,
247,Stephon Marbury,Timberwolves,PG,,"6'3""",,-2.1,,,,,,,,,,,,,D<85 no S7-9 mins,,278.0,314.0,333.0,,,,,,,,,,,,,,,,,,,,,,,,1,,,,,,0.0,,,0.0,,0.0,,0.0,,0.0,0.0,0.0,,2.0,1.0,87.0,76.0,50.0,94.0,25.0,,83.0,85.0,84.0,79.0,80.0,91.0,80.0,84.0,94.0,78.0,64.0,92.0,88.0,92.0,78.0,59.0,89.0,25.0,35.0,55.0,55.0,55.0,80.0,77.0,90.0,88.0,88.0,94.0,89.0,90.0,59.0,50.0,76.0,58.0,37.0,75.0,64.0,50.0,42.0,36.0,47.0,95.0,92.0,13,0,1,9,0,3,,,3.0,3.0,,,3.0,,3.0,,,,,,,,3.0,3.0,,1.0,4.0,3.0,3.0,3.0,1.0,,,,1.0,,,,,,,,,,,,,2.0,2.0,0.0,0.0,0.0,0.0,0.0,0.0,0.0,0.0,0.0,0.0,0.0,0.0,0.0,0.0,0.0,1.0,0.0,0.0,0.0,0.0,0.0,0.0,0.0,0.0,0.0,,,,,0.0,0.0,0.0,0.0,0.0,0.0,0.0,0.0,0.0,,,,,,,0.0,0.0,,,,,,,,,,,,,,,,,,,,,,,,,,,
1015,Keshad Johnson,,PF,SF,"6'7""",Rim-Running Rim Rocker,-2.1,,,,,,,,,,,,,D<85 no S7-9 mins,,,,,,,,,,,,,,,,,,,,,,,,,,,,1,,,,,,,,,,,,,,,,,,,,,72.0,60.0,52.0,92.0,50.0,,68.0,75.0,70.0,71.0,70.0,60.0,65.0,84.0,92.0,80.0,65.0,89.0,88.0,90.0,80.0,63.0,72.0,50.0,86.0,59.0,59.0,59.0,40.0,80.0,57.0,57.0,65.0,70.0,55.0,37.0,54.0,52.0,60.0,46.0,70.0,57.0,52.0,40.0,67.0,68.0,66.0,40.0,95.0,0,0,0,0,0,0,,,,,,,,,,,,,,,,,,,,,,,,,,,,,,,,,,,,,,,,,,,,,,,,,,,,,,,,,,,,,,,,,,,,,,,,,,,,,,,,,,,,,,,,,,,,,,,,,,,,,,,,,,,,,,,,,,,,
879,Daniel Gibson,,PG,SG,"6'2""",,-2.1,,,,,,,,,,,,,D<85 no S7-9 mins,,,,,,,,,,,,,,,,,,,,,,,,,,,,1,,,,,,,,,,,,,,,,,,,,,74.0,78.0,54.0,87.0,0.0,,77.0,74.0,84.0,85.0,71.0,75.0,75.0,77.0,87.0,86.0,51.0,95.0,85.0,66.0,71.0,60.0,82.0,40.0,70.0,38.0,69.0,55.0,45.0,84.0,60.0,45.0,78.0,84.0,54.0,41.0,58.0,54.0,78.0,59.0,40.0,53.0,52.0,70.0,43.0,41.0,44.0,80.0,82.0,3,0,0,1,1,1,,3.0,,2.0,1.0,,,,,,,,,,,,,,,,,,,,,,,,,,,,,,,,,,,,,,,,,,,,,,,,,,,,,,,,,,,,,,,,,,,,,,,,,,,,,,,,,,,,,,,,,,,,,,,,,,,,,,,,,,,,,,,
302,Norm Nixon,,PG,,"6'2""",,-2.1,,,,,,,,,,,,,D<85 no S7-9 mins,,381.0,,,,,,,,,,,,,,,,,,,,,,,,,,1,,,,,,,,,,,,,,,,,,,,,86.0,78.0,35.0,88.0,0.0,,86.0,85.0,87.0,76.0,87.0,88.0,90.0,82.0,88.0,82.0,64.0,85.0,92.0,80.0,86.0,57.0,89.0,25.0,80.0,33.0,40.0,29.0,65.0,95.0,85.0,81.0,88.0,88.0,88.0,82.0,67.0,35.0,78.0,75.0,51.0,78.0,85.0,70.0,44.0,32.0,56.0,70.0,92.0,10,0,0,10,0,0,,,,,,,3.0,,3.0,,,,,,,,3.0,3.0,3.0,3.0,3.0,3.0,,,3.0,3.0,,,,,,,,,,,,,,,,,,,,,,,,,,,,,,,,,,,,,,,,,,,,,,,,,,,,,,,,,,,,,,,,,,,,,,,,,,,,,,,,,,,,,,,,,,
891,Devin Carter,,PG,SG,"6'2""",Ball-Hawking Blow-By Slasher,-2.1,,,,,,,,,,,,,D<85 no S7-9 mins,,,,,,,,,,,,,,,,,,,,,,,,,,,,1,,,,,,,,,,,,,,,,,,,,,76.0,73.0,58.0,98.0,60.0,,76.0,82.0,83.0,70.0,79.0,70.0,70.0,87.0,98.0,89.0,60.0,94.0,92.0,90.0,80.0,55.0,74.0,30.0,80.0,40.0,42.0,42.0,40.0,95.0,80.0,80.0,79.0,90.0,80.0,70.0,66.0,58.0,73.0,80.0,52.0,70.0,80.0,50.0,56.0,52.0,59.0,50.0,95.0,1,0,0,0,0,1,,,,,,,,,,,,,,1.0,,,,,,,,,,,,,,,,,,,,,,,,,,,,,,,,,,,,,,,,,,,,,,,,,,,,,,,,,,,,,,,,,,,,,,,,,,,,,,,,,,,,,,,,,,,,,,,,,,,,,,
775,Ziaire Williams,,SF,SG,"6'9""",Athletic Blow-By Ace,-2.1,,,,,,,,,,,,,D<85 no S7-9 mins,,,,,,,,,,,,,,,,,,,,,,,,,,,,1,,,,,,,,,,,,,,,,,,,,,76.0,73.0,60.0,87.0,99.0,,72.0,86.0,68.0,74.0,86.0,65.0,50.0,78.0,87.0,87.0,40.0,82.0,90.0,80.0,80.0,62.0,75.0,65.0,80.0,48.0,44.0,58.0,50.0,75.0,59.0,50.0,79.0,82.0,54.0,31.0,69.0,60.0,73.0,76.0,57.0,70.0,74.0,70.0,44.0,37.0,51.0,65.0,95.0,2,0,0,0,0,2,,,,,,1.0,,,,,,,,,,,,,,,,,,,,,,,,,,,,,,,,,,1.0,,,,,,,,,,,,,,,,,,,,,,,,,,,,,,,,,,,,,,,,,,,,,,,,,,,,,,,,,,,,,,,,,,,,,,,,,,,,
639,Scoot Henderson,,PG,SG,"6'3""",Blow-By High Flyer,-2.1,,,,,,,,,,,,,D<85 no S7-9 mins,,,,,,,,,,,,,,,,,,,,,,,,,,,,1,,,,,,,,,,,,,,,,,,,,,79.0,66.0,41.0,90.0,0.0,,79.0,80.0,84.0,71.0,87.0,75.0,75.0,83.0,90.0,89.0,53.0,90.0,95.0,80.0,80.0,59.0,83.0,35.0,88.0,44.0,44.0,44.0,40.0,95.0,81.0,79.0,86.0,90.0,77.0,75.0,53.0,41.0,66.0,32.0,51.0,65.0,67.0,50.0,48.0,43.0,52.0,65.0,95.0,12,0,0,0,6,6,,,,,,,2.0,,,,1.0,,,1.0,,,1.0,2.0,2.0,1.0,1.0,2.0,1.0,,2.0,,,,,,,,,,,,,,,2.0,,,,,,,,,,,,,,,,,,,,,,,,,,,,,,,,,,,,,,,,,,,,,,,,,,,,,,,,,,,,,,,,,,,,,,,,,,,,
455,Jalen Green,,SG,PG,"6'4""",Blow-By Dual Finisher,-2.1,,,,,,,,,,,,,D<85 no S7-9 mins,,,,,,,,,,,,,,,,,,,,,,,,,,,,1,,,,,,,,,,,,,,,,,,,,,81.0,64.0,45.0,88.0,99.0,,78.0,76.0,94.0,79.0,71.0,70.0,75.0,83.0,88.0,88.0,55.0,92.0,88.0,85.0,80.0,69.0,85.0,40.0,91.0,56.0,56.0,56.0,70.0,95.0,78.0,77.0,86.0,84.0,79.0,66.0,55.0,45.0,64.0,83.0,27.0,60.0,54.0,55.0,49.0,40.0,58.0,70.0,95.0,15,0,0,1,6,8,1.0,,,1.0,1.0,1.0,2.0,,2.0,,2.0,,,2.0,,,2.0,,,,1.0,2.0,1.0,1.0,,,,,,,,,,,,,,,1.0,3.0,,,,,,,,,,,,,,,,,,,,,,,,,,,,,,,,,,,,,,,,,,,,,,,,,,,,,,,,,,,,,,,,,,,,,,,,,,,,
650,Josh Green,,SF,SG,"6'5""",Catch & Shoot 3PT Sniper,-2.1,,,,,,,,,,,,,D<85 no S7-9 mins,,,,,,,,,,,,,,,,,,,,,,,,,,,,1,,,,,,,,,,,,,,,,,,,,,75.0,79.0,35.0,86.0,0.0,,70.0,94.0,69.0,87.0,87.0,50.0,30.0,82.0,86.0,86.0,60.0,80.0,89.0,90.0,83.0,53.0,75.0,30.0,80.0,35.0,34.0,30.0,44.0,95.0,62.0,67.0,70.0,72.0,65.0,34.0,63.0,35.0,79.0,56.0,40.0,79.0,78.0,75.0,50.0,57.0,43.0,70.0,95.0,4,0,0,0,0,4,,,,1.0,,,,,,,,,,,,,,,,,,,,,,1.0,,,,,1.0,,,,,,,,1.0,,,,,,,,,,,,,,,,,,,,,,,,,,,,,,,,,,,,,,,,,,,,,,,,,,,,,,,,,,,,,,,,,,,,,,,,,,,,,
747,Ochai Agbaji,,PF,SF,"6'5""",Mid-Range Menace,-2.1,,,,,,,,,,,,,D<85 no S7-9 mins,,,,,,,,,,,,,,,,,,,,,,,,,,,,1,,,,,,,,,,,,,,,,,,,,,75.0,78.0,57.0,85.0,60.0,,70.0,59.0,83.0,67.0,84.0,75.0,50.0,81.0,85.0,79.0,64.0,85.0,90.0,85.0,80.0,62.0,78.0,65.0,80.0,52.0,52.0,52.0,40.0,78.0,61.0,60.0,75.0,78.0,60.0,33.0,64.0,57.0,78.0,40.0,57.0,77.0,75.0,65.0,52.0,52.0,52.0,,95.0,1,0,0,0,1,0,,,,2.0,,,,,,,,,,,,,,,,,,,,,,,,,,,,,,,,,,,,,,,,,,,,,,,,,,,,,,,,,,,,,,,,,,,,,,,,,,,,,,,,,,,,,,,,,,,,,,,,,,,,,,,,,,,,,,,,
748,Pelle Larsson,,SG,SF,"6'5""",Mid-Paint Scorer,-2.1,,,,,,,,,,,,,D<85 no S7-9 mins,,,,,,,,,,,,,,,,,,,,,,,,,,,,1,,,,,,,,,,,,,,,,,,,,,79.0,65.0,52.0,87.0,15.0,,81.0,91.0,87.0,75.0,77.0,80.0,75.0,78.0,87.0,80.0,55.0,79.0,85.0,85.0,80.0,58.0,74.0,45.0,75.0,38.0,44.0,42.0,69.0,80.0,68.0,64.0,68.0,74.0,68.0,66.0,53.0,52.0,65.0,41.0,47.0,60.0,57.0,50.0,46.0,42.0,51.0,85.0,95.0,4,0,0,0,2,2,,,,2.0,,,,,,,,,,,,,,,,,,,,,,,1.0,,1.0,,,,,,,,,,2.0,,,,,,,,,,,,,,,,,,,,,,,,,,,,,,,,,,,,,,,,,,,,,,,,,,,,,,,,,,,,,,,,,,,,,,,,,,,,,
442,Dalton Knecht,,SG,SF,"6'6""",Mid-Paint Scorer,-2.1,,,,,,,,,,,,,D<85 no S7-9 mins,,,,,,,,,,,,,,,,,,,,,,,,,,,,1,,,,,,,,,,,,,,,,,,,,,74.0,59.0,50.0,86.0,10.0,,72.0,92.0,91.0,79.0,70.0,60.0,40.0,74.0,86.0,59.0,50.0,77.0,90.0,85.0,80.0,58.0,78.0,45.0,65.0,48.0,49.0,49.0,44.0,85.0,60.0,64.0,68.0,74.0,65.0,29.0,52.0,50.0,59.0,42.0,63.0,59.0,57.0,35.0,46.0,39.0,53.0,,95.0,6,0,0,2,4,0,2.0,2.0,,3.0,2.0,,,,,,,,,,,,,2.0,,,,,,,,,,,,,,,,,,,,,3.0,,,,,,,,,,,,,,,,,,,,,,,,,,,,,,,,,,,,,,,,,,,,,,,,,,,,,,,,,,,,,,,,,,,,,,,,,,,,,
379,Kerry Kittles,,SG,SF,"6'5""",,-2.1,,,,,,,,,,,,,D<85 no S7-9 mins,,,,,,,,,,,,,,,,,,,,,,,,,,,,1,,,,,,0.0,,0.0,0.0,0.0,0.0,,0.0,,0.0,0.0,0.0,,1.0,10.0,81.0,81.0,58.0,85.0,25.0,,81.0,65.0,93.0,87.0,74.0,84.0,80.0,81.0,85.0,81.0,60.0,72.0,84.0,90.0,87.0,61.0,82.0,35.0,40.0,40.0,77.0,52.0,75.0,86.0,64.0,60.0,76.0,63.0,75.0,45.0,71.0,58.0,81.0,55.0,81.0,85.0,84.0,85.0,37.0,28.0,46.0,90.0,82.0,8,0,0,1,5,2,,2.0,,,2.0,,,,,,,,,,,,,,,,,,,,,2.0,2.0,,,1.0,3.0,1.0,,2.0,,,,,,,,1.0,10.0,0.0,0.0,0.0,0.0,0.0,0.0,0.0,1.0,0.0,1.0,0.0,0.0,0.0,0.0,0.0,10.0,0.0,0.0,0.0,0.0,0.0,0.0,0.0,0.0,0.0,0.0,,0.0,,0.0,0.0,0.0,0.0,0.0,0.0,0.0,0.0,0.0,,,,,0.0,0.0,0.0,0.0,,,,,,,,,,,,,,,,,,,,,,,,,,,
458,Jeff Teague,,PG,SG,"6'3""",,-2.1,,,,,,,,,,,,,D<85 no S7-9 mins,,,381.0,,,,,,,,,,,,,,,,,,,,,,,,,1,,,,,,,,,,,,,,,,,,,,,85.0,78.0,25.0,85.0,10.0,,86.0,83.0,92.0,79.0,87.0,88.0,85.0,82.0,85.0,81.0,64.0,85.0,92.0,80.0,86.0,58.0,88.0,25.0,75.0,33.0,40.0,29.0,75.0,95.0,85.0,81.0,88.0,85.0,88.0,82.0,67.0,25.0,78.0,64.0,68.0,78.0,85.0,70.0,44.0,32.0,56.0,90.0,92.0,10,0,0,3,1,6,,,,,,,1.0,,1.0,,,,,,,,1.0,,,1.0,2.0,3.0,3.0,3.0,1.0,,1.0,,,,,,,,,,,,,,,,,,,,,,,,,,,,,,,,,,,,,,,,,,,,,,,,,,,,,,,,,,,,,,,,,,,,,,,,,,,,,,,,,,,,,,,,,
610,Shaedon Sharpe,,SG,PG,"6'5""",Blow-By Dual Finisher,-2.1,,,,,,,,,,,,,D<85 no S7-9 mins,,,,,,,,,,,,,,,,,,,,,,,,,,,,1,,,,,,,,,,,,,,,,,,,,,85.0,69.0,49.0,89.0,0.0,,82.0,83.0,72.0,76.0,78.0,90.0,95.0,84.0,89.0,89.0,50.0,96.0,94.0,85.0,80.0,62.0,85.0,40.0,95.0,35.0,37.0,33.0,82.0,88.0,72.0,67.0,83.0,84.0,67.0,61.0,58.0,49.0,69.0,73.0,32.0,65.0,75.0,45.0,51.0,45.0,57.0,85.0,95.0,13,0,0,4,4,5,2.0,,,1.0,2.0,,2.0,,3.0,,3.0,,,3.0,,,,1.0,,,1.0,2.0,1.0,,,,,1.0,,,,,,,,,,,,3.0,,,,,,,,,,,,,,,,,,,,,,,,,,,,,,,,,,,,,,,,,,,,,,,,,,,,,,,,,,,,,,,,,,,,,,,,,,,,
689,Bones Hyland,,PG,SG,"6'2""",Iso Sniper,-2.1,,,,,,,,,,,,,D<85 no S7-9 mins,,,,,,,,,,,,,,,,,,,,,,,,,,,,1,,,,,,,,,,,,,,,,,,,,,77.0,66.0,30.0,87.0,50.0,,80.0,76.0,92.0,83.0,71.0,75.0,80.0,74.0,87.0,87.0,32.0,68.0,88.0,85.0,80.0,52.0,82.0,25.0,60.0,30.0,32.0,32.0,69.0,85.0,77.0,74.0,79.0,84.0,75.0,72.0,55.0,30.0,66.0,53.0,55.0,64.0,63.0,55.0,44.0,37.0,50.0,50.0,95.0,6,0,0,0,2,4,1.0,,1.0,1.0,2.0,,2.0,,1.0,,,,,,,,,,,,,,,,,,,,,,,,,,,,,,,,,,,,,,,,,,,,,,,,,,,,,,,,,,,,,,,,,,,,,,,,,,,,,,,,,,,,,,,,,,,,,,,,,,,,,,,,,,,
1164,Walter Clayton Jr.,,PG,SG,"6'2""",Mid-Range Menace,-2.1,,,,,,,,,,,,,D<85 no S7-9 mins,,,,,,,,,,,,,,,,,,,,,,,,,,,,1,,,,,,,,,,,,,,,,,,,,,76.0,64.0,40.0,86.0,0.0,,79.0,97.0,93.0,71.0,91.0,65.0,55.0,74.0,86.0,84.0,47.0,74.0,80.0,75.0,80.0,56.0,79.0,40.0,60.0,35.0,38.0,30.0,85.0,85.0,77.0,74.0,79.0,86.0,74.0,72.0,50.0,40.0,64.0,46.0,53.0,52.0,52.0,45.0,42.0,33.0,50.0,60.0,95.0,2,0,0,0,0,2,1.0,1.0,,,,,,,,,,,,,,,,,,,,,,,,,,,,,,,,,,,,,,,,,,,,,,,,,,,,,,,,,,,,,,,,,,,,,,,,,,,,,,,,,,,,,,,,,,,,,,,,,,,,,,,,,,,,,,,,,,
1075,Nique Clifford,,SF,PF,"6'5""",3PT Shot Hunter,-2.1,,,,,,,,,,,,,D<85 no S7-9 mins,,,,,,,,,,,,,,,,,,,,,,,,,,,,1,,,,,,,,,,,,,,,,,,,,,77.0,66.0,55.0,86.0,20.0,,75.0,86.0,71.0,77.0,73.0,70.0,75.0,80.0,86.0,82.0,62.0,80.0,88.0,80.0,80.0,59.0,80.0,40.0,70.0,44.0,48.0,49.0,60.0,80.0,65.0,65.0,74.0,79.0,64.0,43.0,58.0,55.0,66.0,53.0,52.0,62.0,60.0,55.0,51.0,45.0,57.0,,95.0,4,0,0,0,1,3,,,,2.0,,,1.0,,,,1.0,,,,,,,,,,,,,,,,,,,,,,,,,,,,1.0,,,,,,,,,,,,,,,,,,,,,,,,,,,,,,,,,,,,,,,,,,,,,,,,,,,,,,,,,,,,,,,,,,,,,,,,,,,,,
607,Coby White,,SG,PG,"6'5""",3PT Shot Hunter,-2.1,,,,,,,,,,,,,D<85 no S7-9 mins,,,,,,,,,,,,,,,,,,,,,,,,,,,,1,,,,,,,,,,,,,,,,,,,,,80.0,64.0,49.0,85.0,0.0,,78.0,86.0,69.0,80.0,80.0,70.0,80.0,80.0,85.0,85.0,56.0,81.0,90.0,85.0,80.0,60.0,85.0,30.0,65.0,34.0,45.0,49.0,78.0,95.0,81.0,79.0,87.0,84.0,84.0,71.0,52.0,49.0,64.0,38.0,30.0,66.0,64.0,55.0,42.0,30.0,54.0,70.0,95.0,15,0,0,1,11,3,2.0,1.0,,2.0,2.0,,3.0,,2.0,,,,,,,,1.0,2.0,2.0,1.0,2.0,,2.0,2.0,2.0,,,,,,,,,,,,,,2.0,,,,,,,,,,,,,,,,,,,,,,,,,,,,,,,,,,,,,,,,,,,,,,,,,,,,,,,,,,,,,,,,,,,,,,,,,,,,,
674,Tyrese Maxey,,PG,SG,"6'2""",Thieving Inside-Out Creator,-2.1,,,,,,,,,,,,,D<85 no S7-9 mins,141.0,,225.0,121.0,,,,,,,,,,,,,,,,,,,,,,,,1,,,,,,20.8,0.84,0.57,2.5,0.33,4.79,0.91,4.8,2.93,2.1,0.5,0.4,0.0,28.0,11.8,93.0,79.0,54.0,90.0,0.0,,90.0,83.0,88.0,85.0,89.0,98.0,98.0,83.0,90.0,90.0,44.0,80.0,98.0,98.0,77.0,65.0,94.0,25.0,70.0,45.0,60.0,47.0,84.0,98.0,84.0,80.0,89.0,90.0,87.0,75.0,68.0,54.0,79.0,80.0,58.0,69.0,68.0,65.0,40.0,29.0,52.0,98.0,95.0,20,0,0,12,5,3,3.0,1.0,3.0,3.0,3.0,,3.0,,3.0,2.0,2.0,,,,,,3.0,3.0,3.0,,3.0,3.0,1.0,2.0,3.0,,,,,,,,,1.0,,,,,2.0,2.0,,28.0,331.0,191.0,19.0,44.0,5.0,4.0,15.0,64.0,149.0,23.0,70.0,40.0,44.0,1.0,18.0,27.0,11.8,6.8,0.7,1.6,0.2,0.1,0.5,0.0,0.6,1.0,0.43,0.52,0.33,0.91,20.8,2.1,4.8,0.5,0.4,1.6,0.1,2.0,2.9,,,,,0.51,0.57,0.06,0.58,,,,,,,,,,,,,,,,,,,,,,,,,,,
620,Collin Sexton,,PG,SG,"6'3""",3PT Shot Hunter,-2.1,,,,,,,,,,,,,D<85 no S7-9 mins,,,,,,,,,,,,,,,,,,,,,,,,,,,,1,,,,,,,,,,,,,,,,,,,,,80.0,67.0,45.0,88.0,50.0,,84.0,90.0,84.0,81.0,87.0,80.0,80.0,80.0,88.0,88.0,48.0,84.0,95.0,80.0,81.0,50.0,80.0,30.0,75.0,25.0,38.0,28.0,50.0,75.0,79.0,75.0,86.0,87.0,74.0,71.0,55.0,45.0,67.0,63.0,40.0,60.0,60.0,50.0,39.0,36.0,42.0,,95.0,13,0,0,0,5,8,1.0,,2.0,1.0,2.0,,2.0,,2.0,,1.0,,,,,,,,,,1.0,2.0,1.0,1.0,1.0,,,,,,,,,,,,,,,1.0,,,,,,,,,,,,,,,,,,,,,,,,,,,,,,,,,,,,,,,,,,,,,,,,,,,,,,,,,,,,,,,,,,,,,,,,,,,,
401,Jaden Ivey,,SG,PG,"6'4""",Mid-Paint Combo Guard,-2.1,,,,,,,,,,,,,D<85 no S7-9 mins,,,,,,,,,,,,,,,,,,,,,,,,,,,,1,,,,,,,,,,,,,,,,,,,,,78.0,71.0,59.0,85.0,0.0,,78.0,93.0,91.0,82.0,81.0,60.0,60.0,80.0,85.0,86.0,54.0,79.0,92.0,85.0,80.0,60.0,85.0,30.0,85.0,44.0,42.0,44.0,62.0,90.0,76.0,79.0,86.0,84.0,78.0,52.0,62.0,59.0,71.0,41.0,62.0,70.0,69.0,65.0,46.0,41.0,50.0,50.0,95.0,9,0,0,1,6,2,,,,,,,3.0,,2.0,,1.0,,,1.0,,,,2.0,2.0,,,2.0,2.0,,2.0,,,,,,,,,,,,,,,,,,,,,,,,,,,,,,,,,,,,,,,,,,,,,,,,,,,,,,,,,,,,,,,,,,,,,,,,,,,,,,,,,,,,,,,,,,,
1033,Landry Shamet,,SG,SF,"6'4""",Shot-Creating Combo Guard,-2.1,,,,,,,,,,,,,D<85 no S7-9 mins,,,,,,,,,,,,,,,,,,,,,,,,,,,,1,,,,,,,,,,,,,,,,,,,,,78.0,60.0,25.0,85.0,35.0,,79.0,75.0,89.0,86.0,71.0,80.0,75.0,76.0,85.0,85.0,41.0,80.0,85.0,81.0,81.0,53.0,79.0,35.0,70.0,30.0,38.0,26.0,69.0,76.0,71.0,79.0,78.0,82.0,79.0,38.0,45.0,25.0,60.0,40.0,50.0,57.0,50.0,35.0,38.0,36.0,41.0,60.0,95.0,4,0,0,0,2,2,1.0,,,2.0,1.0,,,,,,,,,,,,,,,,,,,,,,,,,,,,,,,,,,2.0,,,,,,,,,,,,,,,,,,,,,,,,,,,,,,,,,,,,,,,,,,,,,,,,,,,,,,,,,,,,,,,,,,,,,,,,,,,,,
227,Sleepy Floyd,,PG,SG,"6'3""",,-2.1,,,,,,,,,,,,,D<85 no S7-9 mins,,343.0,344.0,373.0,,,,,,,,,,,,,,,,,,,,,,,,1,,,,,,8.2,,0.47,0.8,0.25,4.91,0.83,3.3,4.0,0.8,0.0,0.0,0.0,5.0,8.8,88.0,74.0,36.0,91.0,10.0,,88.0,86.0,87.0,84.0,86.0,94.0,90.0,81.0,91.0,94.0,45.0,77.0,93.0,85.0,80.0,61.0,92.0,25.0,70.0,35.0,63.0,46.0,82.0,75.0,93.0,95.0,89.0,91.0,97.0,94.0,61.0,36.0,74.0,70.0,29.0,73.0,75.0,70.0,32.0,31.0,32.0,30.0,92.0,13,0,0,11,2,0,,,,,3.0,,3.0,,3.0,,2.0,,,,,,3.0,,3.0,3.0,,2.0,3.0,3.0,3.0,,3.0,,,,,,,3.0,,,,,,,,5.0,44.0,10.0,1.0,4.0,0.0,0.0,1.0,2.0,8.0,1.0,4.0,5.0,6.0,0.0,1.0,1.0,8.8,2.0,0.2,0.8,0.0,0.0,0.2,0.0,0.2,0.2,0.25,0.25,0.25,0.83,8.2,0.8,3.3,0.0,0.0,0.8,0.0,0.8,0.8,,,,,0.31,0.47,0.02,0.23,,,,,,,,,,,,,,,,,,,,,,,,,,,
241,Deron Williams,,PG,,"6'3""",,-2.1,,,,,,,,,,,,,D<85 no S7-9 mins,,266.0,354.0,338.0,,,,,,,,,,,,,,,,,,,,,,,,1,,,,,,13.5,,0.38,0.9,0.14,1.8,1.0,5.4,6.0,2.7,0.9,0.0,0.0,3.0,13.3,87.0,75.0,51.0,89.0,15.0,,90.0,90.0,88.0,88.0,85.0,92.0,95.0,80.0,89.0,75.0,69.0,74.0,90.0,84.0,82.0,61.0,84.0,25.0,45.0,42.0,77.0,58.0,74.0,85.0,94.0,95.0,95.0,93.0,92.0,94.0,68.0,51.0,75.0,70.0,54.0,80.0,77.0,70.0,39.0,30.0,47.0,50.0,92.0,10,0,0,9,1,0,,2.0,,,,,3.0,,3.0,,,,,,,,3.0,,3.0,3.0,,3.0,,,3.0,,3.0,,,,,,,3.0,,,,,,,,3.0,40.0,15.0,3.0,6.0,1.0,0.0,1.0,6.0,19.0,1.0,7.0,2.0,2.0,0.0,3.0,0.0,13.3,5.0,1.0,2.0,0.3,0.0,0.3,0.0,1.0,0.0,0.32,0.42,0.14,1.0,13.5,2.7,5.4,0.9,0.0,0.9,0.0,2.7,0.0,,,,,0.34,0.38,0.08,0.38,,,,,,,,,,,,,,,,,,,,,,,,,,,
799,Dean Wade,,PF,C,"6'9""",2-Way Lob Threat,-2.1,,,,,,,,,,,,,D<85 no S7-9 mins,,,,423.0,,,,,,,,,,,,,,,,,,,,,2,,,,,,,,,0.0,,,0.0,,0.0,,0.0,,14.4,0.0,0.0,,2.0,2.5,78.0,84.0,80.0,62.0,25.0,,68.0,80.0,70.0,80.0,71.0,70.0,40.0,76.0,62.0,84.0,60.0,83.0,80.0,85.0,79.0,66.0,78.0,80.0,75.0,60.0,60.0,64.0,44.0,70.0,46.0,38.0,60.0,43.0,55.0,36.0,74.0,80.0,84.0,49.0,56.0,84.0,82.0,85.0,56.0,45.0,66.0,,95.0,4,0,0,0,1,3,,,,1.0,,,,,,,,,,,,,,,,,,,,,,1.0,,,,,2.0,,,,,,,,1.0,,,2.0,5.0,0.0,2.0,0.0,0.0,0.0,0.0,0.0,0.0,0.0,0.0,0.0,0.0,0.0,2.0,0.0,2.5,0.0,1.0,0.0,0.0,0.0,0.0,0.0,1.0,0.0,,,,,0.0,14.4,0.0,0.0,0.0,0.0,0.0,14.4,0.0,,,,,,,0.4,0.0,,,,,,,,,,,,,,,,,,,,,,,,,,,
608,Anfernee Simons,,PG,SG,"6'3""",Inside-Out Creator,-2.1,,,,,,,,,,,,,D<85 no S7-9 mins,,,,,,,,,,,,,,,,,,,,,,,,,,,,1,,,,,,,,,,,,,,,,,,,,,80.0,59.0,49.0,86.0,50.0,,82.0,97.0,79.0,82.0,90.0,70.0,75.0,81.0,86.0,89.0,41.0,90.0,92.0,90.0,80.0,65.0,89.0,40.0,89.0,49.0,49.0,49.0,59.0,95.0,75.0,75.0,86.0,79.0,79.0,57.0,47.0,49.0,59.0,40.0,37.0,50.0,55.0,40.0,41.0,37.0,45.0,80.0,95.0,11,0,0,0,3,8,,,1.0,2.0,1.0,,,,2.0,,1.0,,,2.0,,,1.0,1.0,,,,1.0,,,1.0,,,,,,,,,,,,,,1.0,,,,,,,,,,,,,,,,,,,,,,,,,,,,,,,,,,,,,,,,,,,,,,,,,,,,,,,,,,,,,,,,,,,,,,,,,,,,,
374,Andrew Wiggins,Timberwolves,PF,SF,"6'7""",Inside-Out Rim-Rocking Slasher,-2.3,,,,,,,,,,,,,D<85 no S7-9 mins,,367.0,,314.0,,,,,,,,,,,,,,,,,,,,,,,,2,,,,,,,,,,,,,,,,,,,,,81.0,74.0,55.0,82.0,20.0,,80.0,87.0,76.0,85.0,79.0,80.0,70.0,82.0,82.0,82.0,57.0,97.0,87.0,90.0,83.0,69.0,77.0,40.0,85.0,65.0,74.0,77.0,50.0,85.0,66.0,62.0,79.0,80.0,60.0,48.0,64.0,55.0,74.0,49.0,68.0,70.0,67.0,65.0,52.0,53.0,52.0,55.0,95.0,14,0,0,0,8,6,1.0,,,1.0,1.0,1.0,,,2.0,,2.0,,,2.0,,,,1.0,,,,2.0,,,,1.0,,2.0,,,2.0,2.0,,,,,,,,2.0,,,,,,,,,,,,,,,,,,,,,,,,,,,,,,,,,,,,,,,,,,,,,,,,,,,,,,,,,,,,,,,,,,,,,,,,,,,,
367,Vernon Maxwell,,SG,SF,"6'4""",,-2.3,,,,,,,,,,,,,D<85 no S7-9 mins,,405.0,349.0,,,,,,,,,,,,,,,,,,,,,,,,,2,,,,,,0.0,,0.0,0.0,0.0,0.0,,2.7,2.0,4.0,1.3,0.0,0.0,1.0,27.0,83.0,83.0,62.0,81.0,25.0,,84.0,80.0,82.0,81.0,74.0,90.0,95.0,82.0,81.0,74.0,69.0,78.0,98.0,98.0,76.0,62.0,85.0,25.0,63.0,44.0,73.0,45.0,79.0,80.0,82.0,82.0,84.0,78.0,82.0,85.0,70.0,62.0,83.0,84.0,37.0,68.0,84.0,70.0,56.0,54.0,57.0,98.0,89.0,3,0,0,1,2,0,,,,,,,,,,,2.0,,,,,,,,,,2.0,,,,,,3.0,,,,,,,,,,,,,,,1.0,27.0,0.0,3.0,2.0,1.0,0.0,1.0,0.0,3.0,0.0,2.0,0.0,0.0,0.0,3.0,1.0,27.0,0.0,3.0,2.0,1.0,0.0,1.0,0.0,3.0,1.0,0.0,0.0,0.0,,0.0,4.0,2.7,1.3,0.0,1.3,0.0,4.0,1.3,,,,,0.0,0.0,0.11,0.0,,,,,,,,,,,,,,,,,,,,,,,,,,,
363,Tyler Herro,,SG,PG,"6'5""",Crafty Offensive Engine,-2.3,,,,,,,,,,,,,D<85 no S7-9 mins,,369.0,,383.0,,,,,,,,,,,,,,,,,,,,,,,,2,,,,,,36.0,,0.58,9.0,0.4,9.0,1.0,0.0,,4.5,0.0,0.0,,3.0,2.7,86.0,69.0,46.0,79.0,50.0,,89.0,98.0,93.0,83.0,91.0,75.0,95.0,74.0,79.0,78.0,59.0,72.0,85.0,70.0,80.0,60.0,92.0,30.0,60.0,37.0,42.0,40.0,82.0,95.0,77.0,79.0,83.0,74.0,84.0,65.0,55.0,46.0,69.0,41.0,51.0,65.0,60.0,50.0,45.0,33.0,57.0,80.0,95.0,14,0,0,3,4,7,3.0,1.0,1.0,3.0,2.0,,2.0,,2.0,,1.0,,,,,,1.0,,,,1.0,2.0,1.0,,1.0,,,,,,,,,,,,,,3.0,,,3.0,8.0,8.0,1.0,0.0,0.0,0.0,0.0,2.0,6.0,2.0,5.0,2.0,2.0,1.0,0.0,0.0,2.7,2.7,0.3,0.0,0.0,0.0,0.0,0.3,0.0,0.0,0.33,0.0,0.4,1.0,36.0,4.5,0.0,0.0,0.0,0.0,4.5,0.0,0.0,,,,,0.5,0.58,0.12,1.0,,,,,,,,,,,,,,,,,,,,,,,,,,,
427,Gary Payton II,,SF,PF,"6'2""",2-Way Blow-By Laymaker,-2.3,,,,,,,,,,,,,D<85 no S7-9 mins,,316.0,362.0,,,,,,,,,,,,,,,,,,,,,,,,,2,,,,,,,,,,,,,,,,,,,,,77.0,83.0,79.0,81.0,99.0,,70.0,93.0,75.0,73.0,71.0,60.0,50.0,77.0,81.0,83.0,48.0,85.0,85.0,80.0,83.0,54.0,85.0,35.0,75.0,30.0,42.0,42.0,37.0,89.0,69.0,60.0,70.0,81.0,67.0,66.0,78.0,79.0,83.0,76.0,61.0,76.0,91.0,80.0,66.0,68.0,65.0,35.0,95.0,8,0,0,0,1,7,,,,,,1.0,,,,,,,,,,,,,,,,,,,,1.0,2.0,,1.0,1.0,1.0,1.0,,1.0,,,,,,,,,,,,,,,,,,,,,,,,,,,,,,,,,,,,,,,,,,,,,,,,,,,,,,,,,,,,,,,,,,,,,,,,,,,,,,,,,,
382,Mike Miller,Grizzlies,SG,,"6'8""",,-2.3,,,,,,,,,,,,,D<85 no S7-9 mins,,280.0,291.0,265.0,,,,,,,,,,,,,,,,,,,,,,,,2,,,,,,6.4,,0.56,0.8,0.25,4.0,1.0,4.0,2.5,3.2,0.0,0.0,0.0,5.0,9.0,82.0,74.0,62.0,78.0,0.0,,87.0,82.0,89.0,93.0,80.0,94.0,85.0,76.0,78.0,65.0,65.0,70.0,90.0,85.0,82.0,54.0,75.0,25.0,40.0,36.0,58.0,43.0,62.0,94.0,73.0,70.0,77.0,79.0,74.0,63.0,65.0,62.0,74.0,59.0,35.0,78.0,75.0,75.0,54.0,37.0,70.0,98.0,89.0,1,0,0,1,0,0,,3.0,,,,,,,,,,,,,,,,,,,,,,,,,,,,,,,,,,,,,,,,5.0,45.0,8.0,4.0,5.0,0.0,0.0,2.0,1.0,5.0,1.0,4.0,5.0,5.0,1.0,3.0,0.0,9.0,1.6,0.8,1.0,0.0,0.0,0.4,0.2,0.6,0.0,0.2,0.0,0.25,1.0,6.4,3.2,4.0,0.0,0.0,1.6,0.8,2.4,0.0,,,,,0.3,0.56,0.09,0.18,,,,,,,,,,,,,,,,,,,,,,,,,,,
375,Andre Miller,,PG,,"6'4""",,-2.3,,,,,,,,,,,,,D<85 no S7-9 mins,,,,,,,,,,,,,,,,,,,,,,,,,,,,2,,,,,,6.1,-1.36,0.42,0.3,0.25,2.04,0.83,6.8,5.0,3.4,1.4,0.0,0.0,5.0,21.2,82.0,81.0,32.0,84.0,35.0,,79.0,80.0,79.0,62.0,82.0,82.0,90.0,71.0,84.0,90.0,27.0,60.0,88.0,73.0,80.0,48.0,85.0,25.0,25.0,25.0,40.0,26.0,68.0,86.0,87.0,88.0,90.0,84.0,84.0,90.0,73.0,32.0,81.0,90.0,35.0,82.0,90.0,80.0,48.0,35.0,61.0,60.0,83.0,9,0,0,6,1,2,,,,,,,,,,,2.0,,,,,,,,3.0,3.0,1.0,,3.0,3.0,3.0,,3.0,,1.0,,,,,,,,,,,,,5.0,106.0,18.0,10.0,20.0,4.0,0.0,4.0,6.0,19.0,1.0,4.0,5.0,6.0,0.0,10.0,2.0,21.2,3.6,2.0,4.0,0.8,0.0,0.8,0.0,2.0,0.4,0.32,0.33,0.25,0.83,6.1,3.4,6.8,1.4,0.0,1.4,0.0,3.4,0.7,,,,,0.34,0.42,0.09,0.17,,,,,,,,,,,,,,,,,,,,,,,,,,,
831,Ben Sheppard,,SG,SF,"6'6""",2-Way Mid-Range Scorer,-2.3,,,,,,,,,,,,,D<85 no S7-9 mins,,,,,,,,,,,,,,,,,,,,,,,,,,,,2,,,,,,,,,,,,,,,,,,,,,75.0,79.0,54.0,84.0,50.0,,77.0,81.0,87.0,80.0,77.0,75.0,60.0,79.0,84.0,84.0,54.0,75.0,85.0,90.0,80.0,56.0,78.0,35.0,60.0,48.0,49.0,47.0,49.0,80.0,66.0,70.0,73.0,74.0,70.0,43.0,62.0,54.0,79.0,41.0,32.0,78.0,75.0,75.0,48.0,38.0,59.0,75.0,95.0,2,0,0,0,0,2,,,,,,,,,,,,,,,,,,,,,,,,,,1.0,,,1.0,,,,,,,,,,,,,,,,,,,,,,,,,,,,,,,,,,,,,,,,,,,,,,,,,,,,,,,,,,,,,,,,,,,,,,,,,,,,,,,,,,,,,,,
830,Ben Saraf,,PG,SG,"6'5""",Point-Fading Wizard,-2.3,,,,,,,,,,,,,D<85 no S7-9 mins,,,,,,,,,,,,,,,,,,,,,,,,,,,,2,,,,,,,,,,,,,,,,,,,,,73.0,62.0,40.0,83.0,35.0,,72.0,84.0,78.0,69.0,74.0,70.0,60.0,72.0,83.0,79.0,52.0,67.0,80.0,70.0,80.0,54.0,71.0,30.0,60.0,30.0,45.0,48.0,67.0,80.0,81.0,83.0,76.0,83.0,83.0,81.0,52.0,40.0,62.0,64.0,37.0,60.0,57.0,45.0,42.0,38.0,46.0,65.0,95.0,1,0,0,0,0,1,,,,,,,,,,,,,,,,,,,,,,,,,1.0,,,,,,,,,,,,,,,,,,,,,,,,,,,,,,,,,,,,,,,,,,,,,,,,,,,,,,,,,,,,,,,,,,,,,,,,,,,,,,,,,,,,,,,,,,,
835,Blake Wesley,,PG,SG,"6'3""",Ball-Hawking High Flyer,-2.3,,,,,,,,,,,,,D<85 no S7-9 mins,,,,,,,,,,,,,,,,,,,,,,,,,,,,2,,,,,,,,,,,,,,,,,,,,,72.0,73.0,49.0,78.0,99.0,,60.0,68.0,49.0,68.0,53.0,70.0,55.0,74.0,78.0,78.0,40.0,84.0,92.0,75.0,80.0,63.0,79.0,40.0,86.0,54.0,57.0,50.0,59.0,80.0,73.0,69.0,83.0,77.0,68.0,70.0,64.0,49.0,73.0,86.0,40.0,60.0,79.0,60.0,44.0,39.0,48.0,70.0,95.0,0,0,0,0,0,0,,,,,,,,,,,,,,,,,,,,,,,,,,,,,,,,,,,,,,,,,,,,,,,,,,,,,,,,,,,,,,,,,,,,,,,,,,,,,,,,,,,,,,,,,,,,,,,,,,,,,,,,,,,,,,,,,,,,
826,Antonio Reeves,,SG,SF,"6'5""",Crafty 3PT Sniper,-2.3,,,,,,,,,,,,,D<85 no S7-9 mins,,,,,,,,,,,,,,,,,,,,,,,,,,,,2,,,,,,,,,,,,,,,,,,,,,70.0,60.0,32.0,83.0,50.0,,76.0,89.0,75.0,86.0,84.0,60.0,60.0,72.0,83.0,78.0,39.0,75.0,85.0,70.0,80.0,52.0,80.0,30.0,70.0,39.0,36.0,39.0,40.0,80.0,61.0,62.0,70.0,73.0,62.0,36.0,45.0,32.0,60.0,42.0,40.0,52.0,48.0,40.0,40.0,40.0,41.0,40.0,95.0,1,0,0,0,0,1,,,,1.0,,,,,,,,,,,,,,,,,,,,,,,,,,,,,,,,,,,,,,,,,,,,,,,,,,,,,,,,,,,,,,,,,,,,,,,,,,,,,,,,,,,,,,,,,,,,,,,,,,,,,,,,,,,,,,,,
820,Andre Jackson Jr.,,SF,SG,"6'6""",High-Flying Wing Runner,-2.3,,,,,,,,,,,,,D<85 no S7-9 mins,,,,,,,,,,,,,,,,,,,,,,,,,,,,2,,,,,,,,,,,,,,,,,,,,,71.0,75.0,53.0,84.0,99.0,,64.0,75.0,68.0,81.0,70.0,60.0,30.0,79.0,84.0,82.0,50.0,87.0,90.0,80.0,80.0,54.0,67.0,40.0,87.0,40.0,40.0,40.0,37.0,80.0,61.0,65.0,65.0,74.0,60.0,41.0,64.0,53.0,75.0,46.0,55.0,75.0,74.0,70.0,58.0,60.0,56.0,30.0,95.0,5,0,0,0,0,5,,,,,,,,,,,,,,1.0,,,,,,,,,,,,1.0,,1.0,,1.0,1.0,,,,,,,,,,,,,,,,,,,,,,,,,,,,,,,,,,,,,,,,,,,,,,,,,,,,,,,,,,,,,,,,,,,,,,,,,,,,,,,,,,,,,
823,Anthony Roberson,,PG,,"6'2""",,-2.3,,,,,,,,,,,,,D<85 no S7-9 mins,,,,,,,,,,,,,,,,,,,,,,,,,,,,2,,,,,,,,,,,,,,,,,,,,,71.0,59.0,34.0,80.0,0.0,,73.0,66.0,79.0,77.0,80.0,75.0,60.0,70.0,80.0,74.0,39.0,67.0,84.0,65.0,80.0,49.0,70.0,25.0,30.0,37.0,39.0,49.0,56.0,85.0,70.0,73.0,76.0,80.0,73.0,50.0,46.0,34.0,59.0,43.0,37.0,50.0,51.0,50.0,40.0,31.0,48.0,75.0,89.0,3,0,0,0,0,3,,,,1.0,,,1.0,,,,,,,,,,,,,,,1.0,,,,,,,,,,,,,,,,,,,,,,,,,,,,,,,,,,,,,,,,,,,,,,,,,,,,,,,,,,,,,,,,,,,,,,,,,,,,,,,,,,,,,,,,,,,,,,
249,Xavier McDaniel,,SF,PF,"6'7""",,-2.3,,,,,,,,,,,,,D<85 no S7-9 mins,,353.0,387.0,398.0,,,,,,,,,,,,,,,,,,,,,,,,2,,,,,,4.4,,0.47,0.5,1.0,0.55,1.0,2.2,2.0,8.2,0.5,0.0,0.0,9.0,7.3,87.0,80.0,78.0,80.0,50.0,,85.0,90.0,87.0,70.0,73.0,97.0,94.0,84.0,80.0,85.0,75.0,88.0,95.0,82.0,82.0,78.0,94.0,65.0,90.0,58.0,74.0,66.0,84.0,95.0,70.0,74.0,78.0,69.0,78.0,49.0,75.0,78.0,80.0,73.0,69.0,80.0,68.0,75.0,71.0,59.0,82.0,60.0,92.0,3,0,0,3,0,0,,,,,,,3.0,,3.0,,3.0,,,,,,,,,,,,,,,,,,,,,,,,,,,,,,,9.0,66.0,8.0,15.0,4.0,1.0,0.0,2.0,3.0,8.0,1.0,1.0,1.0,1.0,1.0,14.0,4.0,7.3,0.9,1.7,0.4,0.1,0.0,0.2,0.1,1.6,0.4,0.38,0.29,1.0,1.0,4.4,8.2,2.2,0.5,0.0,1.1,0.5,7.6,2.2,,,,,0.44,0.47,0.23,0.12,,,,,,,,,,,,,,,,,,,,,,,,,,,
1138,Taelon Peter,,PG,SG,"6'4""",3-Level Scorer,-2.3,,,,,,,,,,,,,D<85 no S7-9 mins,,,,,,,,,,,,,,,,,,,,,,,,,,,,2,,,,,,,,,,,,,,,,,,,,,73.0,52.0,40.0,81.0,35.0,,77.0,81.0,80.0,79.0,77.0,80.0,65.0,74.0,81.0,74.0,41.0,80.0,85.0,81.0,80.0,53.0,79.0,35.0,80.0,30.0,38.0,26.0,59.0,76.0,66.0,67.0,69.0,72.0,69.0,55.0,55.0,40.0,52.0,70.0,51.0,50.0,75.0,45.0,44.0,35.0,53.0,80.0,95.0,0,0,0,0,0,0,,,,,,,,,,,,,,,,,,,,,,,,,,,,,,,,,,,,,,,,,,,,,,,,,,,,,,,,,,,,,,,,,,,,,,,,,,,,,,,,,,,,,,,,,,,,,,,,,,,,,,,,,,,,,,,,,,,,
1137,Svi Mykhailiuk,,SG,SF,"6'7""",Crafty Sharpshooter,-2.3,,,,,,,,,,,,,D<85 no S7-9 mins,,,,,,,,,,,,,,,,,,,,,,,,,,,,2,,,,,,,,,,,,,,,,,,,,,76.0,55.0,37.0,82.0,0.0,,84.0,92.0,83.0,84.0,92.0,85.0,70.0,72.0,82.0,82.0,54.0,69.0,81.0,65.0,79.0,53.0,70.0,40.0,55.0,42.0,47.0,38.0,39.0,94.0,63.0,69.0,64.0,75.0,64.0,42.0,42.0,37.0,55.0,37.0,32.0,50.0,54.0,30.0,43.0,41.0,45.0,90.0,95.0,3,0,0,0,2,1,1.0,,,2.0,,,,,,,,,,,,,,,,,,,,,,,,,,,,,,,,,,,2.0,,,,,,,,,,,,,,,,,,,,,,,,,,,,,,,,,,,,,,,,,,,,,,,,,,,,,,,,,,,,,,,,,,,,,,,,,,,,,
236,Hersey Hawkins,,SG,PG,"6'3""",,-2.3,,,,,,,,,,,,,D<85 no S7-9 mins,,302.0,396.0,318.0,,,,,,,,,,,,,,,,,,,,,,,,2,,,,,,0.0,,,0.0,,0.0,,0.0,,0.0,0.0,0.0,,1.0,1.0,87.0,76.0,34.0,80.0,20.0,,92.0,86.0,92.0,89.0,89.0,98.0,95.0,79.0,80.0,76.0,55.0,79.0,90.0,80.0,90.0,60.0,88.0,40.0,55.0,25.0,66.0,35.0,79.0,95.0,78.0,80.0,79.0,74.0,80.0,78.0,66.0,34.0,76.0,85.0,35.0,75.0,85.0,75.0,45.0,43.0,46.0,83.0,92.0,8,0,0,3,5,0,2.0,3.0,,,3.0,,2.0,,2.0,,,,,,,,,,,,,,2.0,,,,3.0,,,,,,,,,,,,2.0,,,1.0,1.0,0.0,0.0,0.0,0.0,0.0,0.0,0.0,0.0,0.0,0.0,0.0,0.0,0.0,0.0,0.0,1.0,0.0,0.0,0.0,0.0,0.0,0.0,0.0,0.0,0.0,,,,,0.0,0.0,0.0,0.0,0.0,0.0,0.0,0.0,0.0,,,,,,,0.0,0.0,,,,,,,,,,,,,,,,,,,,,,,,,,,
962,Jamir Watkins,,SG,SF,"6'7""",Slashing Rim Rocker,-2.3,,,,,,,,,,,,,D<85 no S7-9 mins,,,,,,,,,,,,,,,,,,,,,,,,,,,,2,,,,,,,,,,,,,,,,,,,,,74.0,69.0,67.0,82.0,20.0,,69.0,70.0,78.0,73.0,66.0,60.0,65.0,80.0,82.0,85.0,59.0,87.0,90.0,75.0,80.0,61.0,74.0,60.0,85.0,42.0,44.0,43.0,60.0,80.0,63.0,68.0,79.0,74.0,65.0,31.0,61.0,67.0,69.0,59.0,65.0,65.0,59.0,45.0,56.0,51.0,62.0,40.0,95.0,0,0,0,0,0,0,,,,,,,,,,,,,,,,,,,,,,,,,,,,,,,,,,,,,,,,,,,,,,,,,,,,,,,,,,,,,,,,,,,,,,,,,,,,,,,,,,,,,,,,,,,,,,,,,,,,,,,,,,,,,,,,,,,,
960,Jamaree Bouyea,,PG,SG,"6'2""",3PT-Sniping Creator,-2.3,,,,,,,,,,,,,D<85 no S7-9 mins,,,,,,,,,,,,,,,,,,,,,,,,,,,,2,,,,,,,,,,,,,,,,,,,,,75.0,68.0,42.0,83.0,50.0,,77.0,88.0,74.0,76.0,71.0,80.0,75.0,74.0,83.0,83.0,41.0,70.0,85.0,85.0,82.0,47.0,76.0,25.0,45.0,27.0,35.0,31.0,60.0,75.0,74.0,75.0,76.0,83.0,70.0,65.0,62.0,42.0,68.0,73.0,66.0,65.0,67.0,50.0,46.0,40.0,52.0,70.0,95.0,0,0,0,0,0,0,,,,,,,,,,,,,,,,,,,,,,,,,,,,,,,,,,,,,,,,,,,,,,,,,,,,,,,,,,,,,,,,,,,,,,,,,,,,,,,,,,,,,,,,,,,,,,,,,,,,,,,,,,,,,,,,,,,,
954,Jahmai Mashack,,SG,SF,"6'4""",,-2.3,,,,,,,,,,,,,D<85 no S7-9 mins,,,,,,,,,,,,,,,,,,,,,,,,,,,,2,,,,,,,,,,,,,,,,,,,,,68.0,73.0,60.0,82.0,,,61.0,68.0,70.0,75.0,72.0,50.0,30.0,76.0,82.0,88.0,60.0,80.0,85.0,60.0,80.0,53.0,67.0,45.0,70.0,40.0,40.0,57.0,39.0,69.0,63.0,69.0,67.0,68.0,68.0,42.0,67.0,60.0,73.0,80.0,47.0,72.0,68.0,70.0,47.0,48.0,45.0,50.0,85.0,0,0,0,0,0,0,,,,,,,,,,,,,,,,,,,,,,,,,,,,,,,,,,,,,,,,,,,,,,,,,,,,,,,,,,,,,,,,,,,,,,,,,,,,,,,,,,,,,,,,,,,,,,,,,,,,,,,,,,,,,,,,,,,,
1171,Will Riley,,SF,SG,"6'8""",3PT-Sniping Creator,-2.3,,,,,,,,,,,,,D<85 no S7-9 mins,,,,,,,,,,,,,,,,,,,,,,,,,,,,2,,,,,,,,,,,,,,,,,,,,,78.0,62.0,50.0,82.0,0.0,,76.0,85.0,54.0,76.0,79.0,80.0,80.0,70.0,82.0,65.0,45.0,67.0,85.0,75.0,80.0,58.0,79.0,30.0,70.0,48.0,47.0,35.0,64.0,90.0,65.0,66.0,70.0,74.0,68.0,48.0,49.0,50.0,62.0,46.0,37.0,60.0,44.0,45.0,50.0,50.0,49.0,,95.0,7,0,0,0,4,3,1.0,,,2.0,,,,,,1.0,2.0,,,,,,,2.0,,,,,1.0,,,,,,,,,,,,,,,,2.0,,,,,,,,,,,,,,,,,,,,,,,,,,,,,,,,,,,,,,,,,,,,,,,,,,,,,,,,,,,,,,,,,,,,,,,,,,,,,
1170,Will Richard,,SF,SG,"6'5""",Ball-Hawking Sharpshooter,-2.3,,,,,,,,,,,,,D<85 no S7-9 mins,,,,,,,,,,,,,,,,,,,,,,,,,,,,2,,,,,,,,,,,,,,,,,,,,,76.0,72.0,50.0,78.0,80.0,,78.0,82.0,84.0,79.0,84.0,75.0,65.0,76.0,78.0,78.0,56.0,74.0,80.0,90.0,80.0,53.0,79.0,30.0,75.0,42.0,44.0,44.0,40.0,70.0,61.0,60.0,67.0,70.0,67.0,40.0,67.0,50.0,72.0,93.0,40.0,70.0,79.0,65.0,50.0,53.0,46.0,50.0,95.0,5,0,0,0,4,1,,,,2.0,,,,,,,,,,,,,,2.0,1.0,,,,,,,,,,,,2.0,,,,,,,,2.0,,,,,,,,,,,,,,,,,,,,,,,,,,,,,,,,,,,,,,,,,,,,,,,,,,,,,,,,,,,,,,,,,,,,,,,,,,,,,
1074,Nikola Topic,,PG,SG,"6'6""",Table Setter,-2.3,,,,,,,,,,,,,D<85 no S7-9 mins,,,,,,,,,,,,,,,,,,,,,,,,,,,,2,,,,,,,,,,,,,,,,,,,,,73.0,63.0,45.0,79.0,0.0,,74.0,81.0,69.0,75.0,87.0,70.0,65.0,74.0,79.0,76.0,59.0,69.0,85.0,75.0,80.0,58.0,81.0,40.0,65.0,44.0,57.0,40.0,55.0,85.0,81.0,81.0,86.0,79.0,81.0,76.0,51.0,45.0,63.0,44.0,47.0,60.0,52.0,45.0,40.0,32.0,47.0,60.0,95.0,0,0,0,0,0,0,,,,,,,,,,,,,,,,,,,,,,,,,,,,,,,,,,,,,,,,,,,,,,,,,,,,,,,,,,,,,,,,,,,,,,,,,,,,,,,,,,,,,,,,,,,,,,,,,,,,,,,,,,,,,,,,,,,,
1073,Nikola Djurisic,,SG,SF,"6'8""",Slashing Combo Guard,-2.3,,,,,,,,,,,,,D<85 no S7-9 mins,,,,,,,,,,,,,,,,,,,,,,,,,,,,2,,,,,,,,,,,,,,,,,,,,,68.0,54.0,44.0,80.0,10.0,,66.0,73.0,73.0,72.0,75.0,50.0,50.0,72.0,80.0,76.0,54.0,62.0,80.0,70.0,80.0,56.0,75.0,45.0,75.0,37.0,47.0,45.0,40.0,80.0,67.0,69.0,73.0,74.0,70.0,48.0,47.0,44.0,54.0,38.0,44.0,55.0,57.0,35.0,56.0,49.0,63.0,60.0,85.0,0,0,0,0,0,0,,,,,,,,,,,,,,,,,,,,,,,,,,,,,,,,,,,,,,,,,,,,,,,,,,,,,,,,,,,,,,,,,,,,,,,,,,,,,,,,,,,,,,,,,,,,,,,,,,,,,,,,,,,,,,,,,,,,
1161,Tyson Etienne,,PG,SG,"6'2""",3PT Shot Hunter,-2.3,,,,,,,,,,,,,D<85 no S7-9 mins,,,,,,,,,,,,,,,,,,,,,,,,,,,,2,,,,,,,,,,,,,,,,,,,,,70.0,64.0,30.0,83.0,0.0,,74.0,74.0,76.0,78.0,79.0,75.0,65.0,73.0,83.0,79.0,44.0,72.0,85.0,75.0,80.0,46.0,74.0,25.0,60.0,27.0,34.0,32.0,50.0,69.0,72.0,75.0,81.0,83.0,70.0,52.0,48.0,30.0,64.0,44.0,30.0,62.0,60.0,45.0,41.0,33.0,49.0,65.0,95.0,0,0,0,0,0,0,,,,,,,,,,,,,,,,,,,,,,,,,,,,,,,,,,,,,,,,,,,,,,,,,,,,,,,,,,,,,,,,,,,,,,,,,,,,,,,,,,,,,,,,,,,,,,,,,,,,,,,,,,,,,,,,,,,,
1159,Tyrese Proctor,,SG,PG,"6'5""",Point-Fading Wizard,-2.3,,,,,,,,,,,,,D<85 no S7-9 mins,,,,,,,,,,,,,,,,,,,,,,,,,,,,2,,,,,,,,,,,,,,,,,,,,,73.0,60.0,42.0,82.0,50.0,,76.0,70.0,92.0,79.0,86.0,60.0,70.0,77.0,82.0,81.0,51.0,77.0,85.0,85.0,80.0,57.0,77.0,35.0,65.0,49.0,49.0,52.0,37.0,90.0,74.0,79.0,80.0,82.0,77.0,54.0,48.0,42.0,60.0,48.0,27.0,54.0,57.0,45.0,42.0,34.0,51.0,55.0,95.0,2,0,0,0,0,2,1.0,,,,1.0,,,,,,,,,,,,,,,,,,,,,,,,,,,,,,,,,,,,,,,,,,,,,,,,,,,,,,,,,,,,,,,,,,,,,,,,,,,,,,,,,,,,,,,,,,,,,,,,,,,,,,,,,,,,,,,
1155,Trey Alexander,,PG,SG,"6'4""",Iso Sniper,-2.3,,,,,,,,,,,,,D<85 no S7-9 mins,,,,,,,,,,,,,,,,,,,,,,,,,,,,2,,,,,,,,,,,,,,,,,,,,,68.0,59.0,30.0,78.0,0.0,,69.0,73.0,81.0,70.0,82.0,60.0,50.0,68.0,78.0,75.0,34.0,67.0,80.0,75.0,80.0,45.0,73.0,25.0,30.0,28.0,42.0,31.0,55.0,74.0,68.0,70.0,73.0,74.0,70.0,54.0,41.0,30.0,59.0,41.0,30.0,52.0,47.0,30.0,40.0,34.0,46.0,70.0,95.0,0,0,0,0,0,0,,,,,,,,,,,,,,,,,,,,,,,,,,,,,,,,,,,,,,,,,,,,,,,,,,,,,,,,,,,,,,,,,,,,,,,,,,,,,,,,,,,,,,,,,,,,,,,,,,,,,,,,,,,,,,,,,,,,
1154,Trentyn Flowers,,SF,SG,"6'9""",Blow-By High Flyer,-2.3,,,,,,,,,,,,,D<85 no S7-9 mins,,,,,,,,,,,,,,,,,,,,,,,,,,,,2,,,,,,,,,,,,,,,,,,,,,69.0,62.0,52.0,83.0,50.0,,60.0,62.0,71.0,75.0,64.0,50.0,35.0,75.0,83.0,75.0,42.0,92.0,85.0,70.0,80.0,61.0,62.0,70.0,85.0,47.0,52.0,49.0,42.0,80.0,61.0,57.0,69.0,75.0,60.0,44.0,51.0,52.0,62.0,57.0,37.0,54.0,52.0,45.0,51.0,48.0,54.0,50.0,85.0,0,0,0,0,0,0,,,,,,,,,,,,,,,,,,,,,,,,,,,,,,,,,,,,,,,,,,,,,,,,,,,,,,,,,,,,,,,,,,,,,,,,,,,,,,,,,,,,,,,,,,,,,,,,,,,,,,,,,,,,,,,,,,,,
1150,Tony Wroten,,SG,,"6'6""",,-2.3,,,,,,,,,,,,,D<85 no S7-9 mins,,,,,,,,,,,,,,,,,,,,,,,,,,,,2,,,,,,,,,,,,,,,,,,,,,70.0,69.0,46.0,78.0,0.0,,73.0,75.0,69.0,70.0,72.0,84.0,70.0,75.0,78.0,69.0,59.0,78.0,85.0,75.0,78.0,57.0,77.0,30.0,80.0,35.0,38.0,39.0,72.0,85.0,74.0,75.0,80.0,77.0,75.0,62.0,53.0,46.0,69.0,61.0,55.0,46.0,48.0,45.0,45.0,40.0,50.0,40.0,85.0,0,0,0,0,0,0,,,,,,,,,,,,,,,,,,,,,,,,,,,,,,,,,,,,,,,,,,,,,,,,,,,,,,,,,,,,,,,,,,,,,,,,,,,,,,,,,,,,,,,,,,,,,,,,,,,,,,,,,,,,,,,,,,,,
122,Zion Williamson,Pelicans,PF,PG,"6'6""",Versatile Paint Bully,-2.3,,,,,,,,,,,,,D<85 no S7-9 mins,,208.0,296.0,356.0,,,,,,,,,,,,,,,,,,,,,,,,2,,,,,,18.0,0.42,0.72,0.0,0.0,3.48,0.67,2.6,4.5,6.1,0.3,0.0,0.0,13.0,9.5,87.0,55.0,59.0,84.0,65.0,,75.0,81.0,70.0,67.0,72.0,75.0,85.0,89.0,84.0,81.0,92.0,97.0,83.0,95.0,60.0,87.0,84.0,85.0,93.0,90.0,80.0,86.0,85.0,95.0,72.0,65.0,78.0,74.0,72.0,69.0,56.0,59.0,55.0,49.0,58.0,64.0,70.0,40.0,67.0,64.0,70.0,40.0,95.0,20,0,2,11,4,3,,,,2.0,,3.0,3.0,3.0,3.0,3.0,4.0,2.0,3.0,4.0,2.0,3.0,,,1.0,,,2.0,3.0,,,,,3.0,,,,,,,,1.0,1.0,3.0,,3.0,,13.0,124.0,62.0,21.0,9.0,1.0,0.0,2.0,27.0,38.0,0.0,4.0,8.0,12.0,3.0,18.0,2.0,9.5,4.8,1.6,0.7,0.1,0.0,0.2,0.2,1.4,0.2,0.71,0.79,0.0,0.67,18.0,6.1,2.6,0.3,0.0,0.6,0.9,5.2,0.6,,,,,0.71,0.72,0.17,0.5,,,,,,,,,,,,,,,,,,,,,,,,,,,
1108,Ricky Rubio,,PG,,"6'4""",,-2.3,,,,,,,,,,,,,D<85 no S7-9 mins,,,,,,,,,,,,,,,,,,,,,,,,,,,,2,,,,,,,,,,,,,,,,,,,,,85.0,81.0,32.0,83.0,10.0,,82.0,80.0,79.0,74.0,85.0,82.0,90.0,59.0,83.0,,27.0,60.0,88.0,73.0,80.0,48.0,85.0,25.0,25.0,25.0,40.0,26.0,68.0,86.0,93.0,96.0,90.0,85.0,97.0,95.0,70.0,32.0,81.0,90.0,35.0,82.0,90.0,80.0,48.0,35.0,61.0,98.0,,0,0,0,0,0,0,,,,,,,,,,,,,,,,,,,,,,,,,,,,,,,,,,,,,,,,,,,,,,,,,,,,,,,,,,,,,,,,,,,,,,,,,,,,,,,,,,,,,,,,,,,,,,,,,,,,,,,,,,,,,,,,,,,,
220,Phil Chenier,,SG,PG,"6'3""",,-2.3,,,,,,,,,,,,,D<85 no S7-9 mins,,325.0,368.0,372.0,,,,,,,,,,,,,,,,,,,,,,,,2,,,,,,9.5,,1.02,0.0,,1.89,1.0,6.6,,0.9,0.0,0.0,0.0,3.0,12.7,88.0,79.0,38.0,80.0,25.0,,91.0,87.0,90.0,89.0,84.0,98.0,95.0,76.0,80.0,79.0,50.0,77.0,95.0,70.0,81.0,61.0,88.0,35.0,50.0,32.0,37.0,68.0,89.0,89.0,84.0,85.0,86.0,78.0,85.0,84.0,67.0,38.0,79.0,77.0,44.0,74.0,82.0,75.0,47.0,38.0,55.0,83.0,92.0,15,0,0,8,2,5,,,3.0,,3.0,,3.0,,3.0,,,,,,,,3.0,3.0,1.0,1.0,3.0,3.0,1.0,1.0,1.0,2.0,,,,,2.0,,,,,,,,,,,3.0,38.0,10.0,1.0,7.0,0.0,0.0,0.0,4.0,4.0,0.0,0.0,2.0,2.0,0.0,1.0,1.0,12.7,3.3,0.3,2.3,0.0,0.0,0.0,0.0,0.3,0.3,1.0,1.0,,1.0,9.5,0.9,6.6,0.0,0.0,0.0,0.0,0.9,0.9,,,,,1.0,1.02,0.03,0.26,,,,,,,,,,,,,,,,,,,,,,,,,,,
976,Jericho Sims,,C,,"6'10""",Rim-Running Rim Rocker,-2.3,,,,,,,,,,,,,D<85 no S7-9 mins,,,,,,,,,,,,,,,,,,,,,,,,,,,,2,,,,,,,,,,,,,,,,,,,,,74.0,40.0,66.0,80.0,99.0,,61.0,87.0,69.0,26.0,64.0,60.0,60.0,80.0,80.0,80.0,65.0,83.0,85.0,90.0,80.0,67.0,64.0,80.0,89.0,60.0,60.0,60.0,40.0,80.0,33.0,30.0,35.0,34.0,32.0,34.0,51.0,66.0,40.0,31.0,56.0,66.0,55.0,40.0,76.0,74.0,78.0,50.0,95.0,7,0,0,0,2,5,,,,,,1.0,,,,,,,,2.0,,1.0,,,,,,,,,,,,1.0,,,,,,,,1.0,2.0,,,1.0,,,,,,,,,,,,,,,,,,,,,,,,,,,,,,,,,,,,,,,,,,,,,,,,,,,,,,,,,,,,,,,,,,,,,,,,,,,,
972,Jaylon Tyson,,SF,PF,"6'6""",3PT-Sniping Creator,-2.3,,,,,,,,,,,,,D<85 no S7-9 mins,,,,,,,,,,,,,,,,,,,,,,,,,,,,2,,,,,,,,,,,,,,,,,,,,,80.0,70.0,50.0,80.0,20.0,,78.0,92.0,65.0,87.0,77.0,70.0,80.0,79.0,80.0,76.0,63.0,75.0,85.0,93.0,80.0,63.0,79.0,40.0,75.0,40.0,57.0,52.0,69.0,90.0,65.0,62.0,75.0,77.0,69.0,42.0,59.0,50.0,70.0,43.0,52.0,70.0,67.0,60.0,61.0,62.0,60.0,70.0,95.0,8,0,0,2,3,3,,,,3.0,,,,,,1.0,2.0,,,,,,,1.0,,,,,,,,,,,,,2.0,,,,,,2.0,,3.0,1.0,,,,,,,,,,,,,,,,,,,,,,,,,,,,,,,,,,,,,,,,,,,,,,,,,,,,,,,,,,,,,,,,,,,,,,,,,,,,
967,Jase Richardson,,SG,PG,"6'3""",Crafty Inside-Out High Flyer,-2.3,,,,,,,,,,,,,D<85 no S7-9 mins,,,,,,,,,,,,,,,,,,,,,,,,,,,,2,,,,,,,,,,,,,,,,,,,,,74.0,67.0,33.0,81.0,0.0,,74.0,93.0,79.0,82.0,73.0,70.0,50.0,79.0,81.0,84.0,57.0,80.0,85.0,85.0,80.0,56.0,76.0,40.0,87.0,37.0,39.0,38.0,54.0,80.0,72.0,70.0,79.0,80.0,72.0,61.0,50.0,33.0,67.0,37.0,37.0,64.0,60.0,55.0,47.0,48.0,46.0,70.0,95.0,3,0,0,0,0,3,1.0,,,1.0,,,,,,,,,,,,,,,,,,,,,,,,,,,,,,,,,,,1.0,,,,,,,,,,,,,,,,,,,,,,,,,,,,,,,,,,,,,,,,,,,,,,,,,,,,,,,,,,,,,,,,,,,,,,,,,,,,,
1087,Pacome Dadiet,,SF,PF,"6'8""",Iso Sniper,-2.3,,,,,,,,,,,,,D<85 no S7-9 mins,,,,,,,,,,,,,,,,,,,,,,,,,,,,2,,,,,,,,,,,,,,,,,,,,,69.0,69.0,50.0,78.0,50.0,,64.0,70.0,76.0,75.0,75.0,50.0,40.0,72.0,78.0,76.0,50.0,65.0,85.0,80.0,80.0,56.0,72.0,40.0,75.0,44.0,46.0,46.0,37.0,90.0,59.0,57.0,75.0,70.0,58.0,34.0,55.0,50.0,69.0,50.0,50.0,65.0,52.0,50.0,48.0,25.0,71.0,50.0,95.0,0,0,0,0,0,0,,,,,,,,,,,,,,,,,,,,,,,,,,,,,,,,,,,,,,,,,,,,,,,,,,,,,,,,,,,,,,,,,,,,,,,,,,,,,,,,,,,,,,,,,,,,,,,,,,,,,,,,,,,,,,,,,,,,
1085,Ousmane Dieng,,PF,C,"6'9""",Shot-Erasing Skilled Stretch,-2.3,,,,,,,,,,,,,D<85 no S7-9 mins,,,,,,,,,,,,,,,,,,,,,,,,,,,,2,,,,,,,,,,,,,,,,,,,,,74.0,68.0,67.0,78.0,15.0,,72.0,81.0,78.0,83.0,65.0,70.0,55.0,78.0,78.0,78.0,62.0,79.0,88.0,80.0,80.0,58.0,69.0,45.0,75.0,45.0,48.0,48.0,47.0,90.0,66.0,69.0,70.0,75.0,70.0,47.0,56.0,67.0,68.0,38.0,65.0,60.0,52.0,45.0,50.0,38.0,62.0,85.0,95.0,0,0,0,0,0,0,,,,,,,,,,,,,,,,,,,,,,,,,,,,,,,,,,,,,,,,,,,,,,,,,,,,,,,,,,,,,,,,,,,,,,,,,,,,,,,,,,,,,,,,,,,,,,,,,,,,,,,,,,,,,,,,,,,,
1080,Olivier-Maxence Prosper,,PF,C,"6'7""",Rim Rocker,-2.3,,,,,,,,,,,,,D<85 no S7-9 mins,,,,,,,,,,,,,,,,,,,,,,,,,,,,2,,,,,,,,,,,,,,,,,,,,,75.0,74.0,74.0,79.0,5.0,,76.0,93.0,68.0,82.0,87.0,60.0,65.0,80.0,79.0,81.0,60.0,88.0,88.0,85.0,80.0,63.0,68.0,40.0,85.0,57.0,57.0,57.0,58.0,80.0,57.0,65.0,60.0,66.0,61.0,35.0,61.0,74.0,74.0,46.0,53.0,64.0,58.0,60.0,60.0,55.0,64.0,80.0,95.0,0,0,0,0,0,0,,,,,,,,,,,,,,,,,,,,,,,,,,,,,,,,,,,,,,,,,,,,,,,,,,,,,,,,,,,,,,,,,,,,,,,,,,,,,,,,,,,,,,,,,,,,,,,,,,,,,,,,,,,,,,,,,,,,
719,Jaylen Clark,,SF,SG,"6'4""",Clamp Thief,-2.3,,,,,,,,,,,,,D<85 no S7-9 mins,,,,,,,,,,,,,,,,,,,,,,,,,,,,2,,,,,,,,,,,,,,,,,,,,,73.0,81.0,52.0,79.0,65.0,,68.0,82.0,67.0,70.0,63.0,75.0,50.0,78.0,79.0,86.0,55.0,77.0,85.0,85.0,79.0,53.0,73.0,50.0,70.0,40.0,38.0,44.0,39.0,70.0,60.0,62.0,69.0,76.0,60.0,31.0,71.0,52.0,81.0,80.0,50.0,82.0,80.0,75.0,52.0,61.0,44.0,50.0,95.0,5,0,0,0,0,5,,,,,,,,,,,,,,,,,,,,,,,,,,1.0,1.0,,,,1.0,1.0,,1.0,,,,,,,,,,,,,,,,,,,,,,,,,,,,,,,,,,,,,,,,,,,,,,,,,,,,,,,,,,,,,,,,,,,,,,,,,,,,,,,,,,
1102,RayJ Dennis,,PG,SG,"6'2""",Iso Sniper,-2.3,,,,,,,,,,,,,D<85 no S7-9 mins,,,,,,,,,,,,,,,,,,,,,,,,,,,,2,,,,,,,,,,,,,,,,,,,,,71.0,67.0,44.0,79.0,50.0,,70.0,72.0,74.0,75.0,73.0,70.0,55.0,74.0,79.0,80.0,42.0,75.0,85.0,80.0,80.0,48.0,73.0,25.0,55.0,33.0,34.0,33.0,47.0,84.0,75.0,75.0,74.0,79.0,75.0,73.0,54.0,44.0,67.0,68.0,35.0,62.0,55.0,45.0,38.0,32.0,44.0,70.0,95.0,2,0,0,0,0,2,,,,,,,,,,,,,,,,,,,1.0,,,,,,1.0,,,,,,,,,,,,,,,,,,,,,,,,,,,,,,,,,,,,,,,,,,,,,,,,,,,,,,,,,,,,,,,,,,,,,,,,,,,,,,,,,,,,,,,,,,,
612,Aaron Wiggins,,SF,PF,"6'5""",3PT Shot Hunter,-2.3,,,,,,,,,,,,,D<85 no S7-9 mins,,,,,,,,,,,,,,,,,,,,,,,,,,,,2,,,,,,,,,,,,,,,,,,,,,78.0,59.0,48.0,84.0,85.0,,79.0,83.0,77.0,81.0,74.0,80.0,80.0,72.0,84.0,84.0,45.0,72.0,80.0,65.0,80.0,61.0,80.0,35.0,70.0,52.0,57.0,54.0,62.0,76.0,65.0,68.0,70.0,75.0,68.0,42.0,56.0,48.0,59.0,59.0,61.0,57.0,52.0,55.0,48.0,40.0,55.0,60.0,95.0,5,0,0,2,2,1,2.0,,,3.0,1.0,,2.0,,,,,,,,,,,,,,,,,,,,,,,,,,,,,,,,3.0,,,,,,,,,,,,,,,,,,,,,,,,,,,,,,,,,,,,,,,,,,,,,,,,,,,,,,,,,,,,,,,,,,,,,,,,,,,,,
1091,Pepe Sanchez,,PG,,"6'4""",,-2.3,,,,,,,,,,,,,D<85 no S7-9 mins,,,,,,,,,,,,,,,,,,,,,,,,,,,,2,,,,,,,,,,,,,,,,,,,,,71.0,60.0,37.0,78.0,50.0,,68.0,70.0,66.0,52.0,75.0,80.0,65.0,73.0,78.0,72.0,52.0,65.0,88.0,75.0,80.0,49.0,71.0,25.0,50.0,35.0,35.0,35.0,55.0,85.0,78.0,79.0,79.0,78.0,79.0,76.0,50.0,37.0,60.0,70.0,25.0,57.0,50.0,50.0,41.0,40.0,41.0,70.0,85.0,0,0,0,0,0,0,,,,,,,,,,,,,,,,,,,,,,,,,,,,,,,,,,,,,,,,,,,,,,,,,,,,,,,,,,,,,,,,,,,,,,,,,,,,,,,,,,,,,,,,,,,,,,,,,,,,,,,,,,,,,,,,,,,,
713,Jalen Wilson,,SF,PF,"6'6""",Iso Sniper,-2.3,,,,,,,,,,,,,D<85 no S7-9 mins,,,,,,,,,,,,,,,,,,,,,,,,,,,,2,,,,,,,,,,,,,,,,,,,,,73.0,57.0,35.0,82.0,35.0,,74.0,64.0,79.0,81.0,77.0,80.0,65.0,72.0,82.0,79.0,30.0,75.0,80.0,84.0,80.0,62.0,78.0,30.0,75.0,55.0,54.0,55.0,59.0,90.0,60.0,64.0,68.0,73.0,63.0,31.0,44.0,35.0,57.0,40.0,35.0,50.0,52.0,40.0,40.0,30.0,50.0,50.0,95.0,1,0,0,0,1,0,,,,,,,,,,,2.0,,,,,,,,,,,,,,,,,,,,,,,,,,,,,,,,,,,,,,,,,,,,,,,,,,,,,,,,,,,,,,,,,,,,,,,,,,,,,,,,,,,,,,,,,,,,,,,,,,,,,,,,,
287,C.J. McCollum,Trail Blazers,SG,PG,"6'4""",,-2.3,,,,,,,,,,,,,D<85 no S7-9 mins,,,,365.0,,,,,,,,,,,,,,,,,,,,,,,,2,,,,,,38.8,,0.48,5.5,0.27,0.0,,6.9,,0.0,0.0,0.0,0.0,5.0,5.2,86.0,77.0,35.0,82.0,25.0,,89.0,89.0,90.0,84.0,83.0,98.0,90.0,82.0,82.0,76.0,60.0,80.0,98.0,98.0,78.0,58.0,80.0,30.0,40.0,49.0,55.0,32.0,80.0,98.0,81.0,78.0,86.0,82.0,78.0,82.0,56.0,35.0,77.0,41.0,51.0,69.0,50.0,70.0,55.0,50.0,59.0,80.0,92.0,12,0,0,4,3,5,3.0,2.0,2.0,2.0,3.0,,,,,,,,,,,,1.0,3.0,,,1.0,1.0,1.0,1.0,,,,,,,,,,,,,,,3.0,,,5.0,26.0,28.0,0.0,5.0,0.0,0.0,0.0,12.0,29.0,4.0,15.0,0.0,0.0,0.0,0.0,2.0,5.2,5.6,0.0,1.0,0.0,0.0,0.0,0.0,0.0,0.4,0.41,0.57,0.27,,38.8,0.0,6.9,0.0,0.0,0.0,0.0,0.0,2.8,,,,,0.48,0.48,0.0,1.08,,,,,,,,,,,,,,,,,,,,,,,,,,,
731,Justin Edwards,,SF,PF,"6'7""",High-Flying Mid-Range Slasher,-2.3,,,,,,,,,,,,,D<85 no S7-9 mins,,,,,,,,,,,,,,,,,,,,,,,,,,,,2,,,,,,,,,,,,,,,,,,,,,75.0,68.0,50.0,82.0,80.0,,78.0,77.0,87.0,75.0,91.0,70.0,70.0,78.0,82.0,82.0,59.0,81.0,85.0,80.0,80.0,55.0,79.0,40.0,80.0,40.0,40.0,40.0,44.0,75.0,63.0,65.0,70.0,79.0,65.0,37.0,56.0,50.0,68.0,56.0,53.0,58.0,54.0,50.0,44.0,42.0,46.0,55.0,95.0,3,0,0,0,1,2,,,,,,,,,,,1.0,,,1.0,,,,,,,,,,,,,,,,,,,,,,,,,,2.0,,,,,,,,,,,,,,,,,,,,,,,,,,,,,,,,,,,,,,,,,,,,,,,,,,,,,,,,,,,,,,,,,,,,,,,,,,,,
715,Jarace Walker,,PF,SF,"6'7""",Rim-Rocking Stretch Four,-2.3,,,,,,,,,,,,,D<85 no S7-9 mins,,,,385.0,,,,,,,,,,,,,,,,,,,,,,,,2,,,,,,0.0,,,0.0,,0.0,,0.0,,0.0,0.0,0.0,,3.0,1.0,80.0,62.0,67.0,81.0,50.0,,79.0,82.0,69.0,80.0,76.0,85.0,80.0,84.0,81.0,81.0,80.0,90.0,90.0,80.0,80.0,66.0,78.0,70.0,85.0,57.0,58.0,58.0,40.0,80.0,64.0,69.0,62.0,70.0,68.0,51.0,58.0,67.0,62.0,46.0,52.0,60.0,62.0,60.0,56.0,38.0,74.0,85.0,95.0,9,0,0,1,4,4,,,,1.0,,,,,1.0,2.0,2.0,,,1.0,,,,,,,,,2.0,,,,,2.0,,,1.0,,,,,,,,,3.0,,3.0,3.0,0.0,0.0,0.0,0.0,0.0,0.0,0.0,0.0,0.0,0.0,0.0,0.0,0.0,0.0,0.0,1.0,0.0,0.0,0.0,0.0,0.0,0.0,0.0,0.0,0.0,,,,,0.0,0.0,0.0,0.0,0.0,0.0,0.0,0.0,0.0,,,,,,,0.0,0.0,,,,,,,,,,,,,,,,,,,,,,,,,,,
711,Jaden Hardy,,SG,PG,"6'3""",3PT Shot Hunter,-2.3,,,,,,,,,,,,,D<85 no S7-9 mins,,,,,,,,,,,,,,,,,,,,,,,,,,,,2,,,,,,,,,,,,,,,,,,,,,73.0,55.0,34.0,83.0,0.0,,74.0,85.0,69.0,82.0,81.0,60.0,70.0,76.0,83.0,83.0,39.0,85.0,84.0,85.0,80.0,60.0,80.0,40.0,80.0,47.0,49.0,49.0,46.0,85.0,69.0,75.0,83.0,76.0,75.0,36.0,45.0,34.0,55.0,37.0,37.0,50.0,51.0,50.0,42.0,36.0,47.0,45.0,95.0,5,0,0,0,3,2,2.0,,2.0,,1.0,,2.0,,1.0,,,,,,,,,,,,,,,,,,,,,,,,,,,,,,,,,,,,,,,,,,,,,,,,,,,,,,,,,,,,,,,,,,,,,,,,,,,,,,,,,,,,,,,,,,,,,,,,,,,,,,,,,,,
275,Zach LaVine,Bulls,SG,SF,"6'5""",Inside-Out Creator,-2.3,,,,,,,,,,,,,D<85 no S7-9 mins,,213.0,248.0,287.0,,,,,,,,,,,,,,,,,,,,,,,,2,,,,,,16.0,0.12,0.56,1.6,0.26,2.44,1.0,3.2,4.0,1.6,0.8,0.3,0.0,11.0,12.1,83.0,61.0,47.0,84.0,0.0,,84.0,97.0,79.0,86.0,88.0,70.0,85.0,79.0,84.0,82.0,49.0,97.0,98.0,65.0,83.0,72.0,87.0,60.0,94.0,59.0,59.0,59.0,80.0,80.0,70.0,70.0,88.0,81.0,67.0,42.0,46.0,47.0,61.0,37.0,42.0,57.0,38.0,40.0,37.0,27.0,47.0,60.0,95.0,14,0,0,3,4,7,2.0,1.0,,2.0,1.0,3.0,1.0,,3.0,,2.0,,,3.0,,,2.0,1.0,,,,1.0,,,,,,,,,,,,,,,,,1.0,1.0,,11.0,133.0,59.0,6.0,12.0,3.0,1.0,3.0,22.0,49.0,6.0,23.0,9.0,9.0,0.0,6.0,7.0,12.1,5.4,0.5,1.1,0.3,0.1,0.3,0.0,0.5,0.6,0.45,0.62,0.26,1.0,16.0,1.6,3.2,0.8,0.3,0.8,0.0,1.6,1.9,,,,,0.51,0.56,0.05,0.44,,,,,,,,,,,,,,,,,,,,,,,,,,,
270,Darrell Griffith,,SG,SF,"6'4""",,-2.3,,,,,,,,,,,,,D<85 no S7-9 mins,,382.0,366.0,313.0,,,,,,,,,,,,,,,,,,,,,,,,2,,,,,,6.0,,0.2,0.5,0.1,0.0,,4.4,4.0,1.1,1.1,0.0,0.0,8.0,8.3,87.0,82.0,64.0,80.0,35.0,,87.0,92.0,82.0,83.0,78.0,98.0,90.0,82.0,80.0,80.0,50.0,97.0,98.0,98.0,70.0,73.0,89.0,35.0,95.0,50.0,70.0,60.0,89.0,98.0,80.0,85.0,78.0,79.0,78.0,79.0,73.0,64.0,82.0,65.0,37.0,85.0,88.0,90.0,52.0,49.0,55.0,75.0,92.0,5,0,1,3,1,0,,,,,,3.0,3.0,,3.0,,,,,4.0,,,,,,,,2.0,,,,,,,,,,,,,,,,,,,,8.0,66.0,11.0,2.0,8.0,2.0,0.0,2.0,5.0,27.0,1.0,10.0,0.0,0.0,0.0,2.0,2.0,8.3,1.4,0.3,1.0,0.3,0.0,0.3,0.0,0.2,0.2,0.18,0.24,0.1,,6.0,1.1,4.4,1.1,0.0,1.1,0.0,1.1,1.1,,,,,0.2,0.2,0.03,0.17,,,,,,,,,,,,,,,,,,,,,,,,,,,
929,Goran Dragic,,PG,,"6'3""",,-2.3,,,,,,,,,,,,,D<85 no S7-9 mins,,,,,,,,,,,,,,,,,,,,,,,,,,,,2,,,,,,,,,,,,,,,,,,,,,85.0,73.0,32.0,79.0,20.0,,88.0,87.0,86.0,88.0,77.0,95.0,95.0,66.0,79.0,,44.0,72.0,95.0,85.0,84.0,56.0,93.0,25.0,45.0,25.0,60.0,39.0,74.0,85.0,84.0,90.0,85.0,79.0,88.0,80.0,61.0,32.0,73.0,70.0,40.0,74.0,70.0,70.0,45.0,38.0,51.0,80.0,,0,0,0,0,0,0,,,,,,,,,,,,,,,,,,,,,,,,,,,,,,,,,,,,,,,,,,,,,,,,,,,,,,,,,,,,,,,,,,,,,,,,,,,,,,,,,,,,,,,,,,,,,,,,,,,,,,,,,,,,,,,,,,,,
917,Emanuel Miller,,SF,SG,"6'7""",High-Flying Wing Runner,-2.3,,,,,,,,,,,,,D<85 no S7-9 mins,,,,,,,,,,,,,,,,,,,,,,,,,,,,2,,,,,,,,,,,,,,,,,,,,,68.0,58.0,55.0,82.0,0.0,,62.0,67.0,70.0,74.0,75.0,50.0,35.0,78.0,82.0,79.0,60.0,84.0,85.0,80.0,80.0,59.0,70.0,45.0,80.0,45.0,55.0,57.0,40.0,80.0,57.0,56.0,60.0,67.0,57.0,44.0,50.0,55.0,58.0,50.0,47.0,50.0,47.0,40.0,54.0,49.0,60.0,40.0,95.0,0,0,0,0,0,0,,,,,,,,,,,,,,,,,,,,,,,,,,,,,,,,,,,,,,,,,,,,,,,,,,,,,,,,,,,,,,,,,,,,,,,,,,,,,,,,,,,,,,,,,,,,,,,,,,,,,,,,,,,,,,,,,,,,
916,Elijah Harkless,,SG,SF,"6'3""",Ball-Hawking Blow-By Ace,-2.3,,,,,,,,,,,,,D<85 no S7-9 mins,,,,,,,,,,,,,,,,,,,,,,,,,,,,2,,,,,,,,,,,,,,,,,,,,,67.0,76.0,42.0,80.0,0.0,,61.0,67.0,68.0,75.0,75.0,50.0,30.0,78.0,80.0,85.0,57.0,75.0,85.0,85.0,80.0,45.0,67.0,25.0,51.0,28.0,38.0,31.0,44.0,75.0,73.0,74.0,76.0,80.0,72.0,62.0,65.0,42.0,76.0,80.0,47.0,70.0,72.0,70.0,52.0,48.0,57.0,30.0,95.0,0,0,0,0,0,0,,,,,,,,,,,,,,,,,,,,,,,,,,,,,,,,,,,,,,,,,,,,,,,,,,,,,,,,,,,,,,,,,,,,,,,,,,,,,,,,,,,,,,,,,,,,,,,,,,,,,,,,,,,,,,,,,,,,
492,Eric Gordon,,SG,PF,"6'4""",,-2.3,,,,,,,,,,,,,D<85 no S7-9 mins,,,,,,,,,,,,,,,,,,,,,,,,,,,,2,,,,,,,,,,,,,,,,,,,,,81.0,75.0,42.0,80.0,25.0,,87.0,81.0,85.0,90.0,85.0,98.0,85.0,78.0,80.0,75.0,65.0,82.0,92.0,78.0,76.0,59.0,76.0,30.0,70.0,35.0,63.0,50.0,60.0,86.0,77.0,79.0,74.0,80.0,79.0,73.0,62.0,42.0,75.0,61.0,45.0,73.0,68.0,70.0,35.0,28.0,42.0,68.0,89.0,2,0,0,1,1,0,3.0,2.0,,,,,,,,,,,,,,,,,,,,,,,,,,,,,,,,,,,,,,,,,,,,,,,,,,,,,,,,,,,,,,,,,,,,,,,,,,,,,,,,,,,,,,,,,,,,,,,,,,,,,,,,,,,,,,,,,,
772,Yves Missi,,C,PF,"6'11""",Rim-Running Putback Eraser,-2.3,,,,,,,,,,,,,D<85 no S7-9 mins,,,,,,,,,,,,,,,,,,,,,,,,,,,,2,,,,,,,,,,,,,,,,,,,,,76.0,48.0,75.0,78.0,95.0,,48.0,69.0,42.0,30.0,55.0,60.0,35.0,80.0,78.0,67.0,72.0,85.0,80.0,95.0,80.0,66.0,65.0,85.0,80.0,62.0,50.0,58.0,40.0,90.0,36.0,29.0,35.0,45.0,37.0,36.0,61.0,75.0,48.0,36.0,90.0,70.0,45.0,60.0,79.0,93.0,65.0,75.0,95.0,6,0,0,2,3,1,,,,,,3.0,,,,,,,,,,,,,,,,,,,,,,2.0,,,,,,,,2.0,3.0,1.0,,2.0,,,,,,,,,,,,,,,,,,,,,,,,,,,,,,,,,,,,,,,,,,,,,,,,,,,,,,,,,,,,,,,,,,,,,,,,,,,,
482,D'Angelo Russell,,PG,SG,"6'3""",Crafty Mid-Range Menace,-2.3,,,,,,,,,,,,,D<85 no S7-9 mins,,,,,,,,,,,,,,,,,,,,,,,,,,,,2,,,,,,,,,,,,,,,,,,,,,76.0,57.0,40.0,81.0,15.0,,74.0,94.0,92.0,76.0,72.0,60.0,50.0,72.0,81.0,65.0,54.0,71.0,93.0,65.0,83.0,57.0,85.0,25.0,45.0,35.0,55.0,60.0,67.0,81.0,83.0,82.0,90.0,81.0,82.0,82.0,45.0,40.0,57.0,40.0,37.0,54.0,40.0,45.0,44.0,35.0,53.0,50.0,95.0,13,0,0,1,4,8,1.0,,,1.0,3.0,,1.0,,1.0,,1.0,,,,,,2.0,1.0,,1.0,,1.0,2.0,2.0,2.0,,,,,,,,,,,,,,,,,,,,,,,,,,,,,,,,,,,,,,,,,,,,,,,,,,,,,,,,,,,,,,,,,,,,,,,,,,,,,,,,,,,,,,,,,,,
478,Jeremy Lin,,PG,SG,"6'3""",,-2.3,,,,,,,,,,,,,D<85 no S7-9 mins,,,,448.0,,,,,,,,,,,,,,,,,,,,,,,,2,,,,,,,,,,,,,,,,,,,,,84.0,79.0,28.0,83.0,0.0,,82.0,85.0,92.0,75.0,79.0,80.0,80.0,79.0,83.0,86.0,45.0,80.0,95.0,84.0,80.0,55.0,75.0,25.0,45.0,28.0,45.0,38.0,88.0,94.0,84.0,78.0,90.0,82.0,84.0,88.0,66.0,28.0,79.0,89.0,45.0,78.0,70.0,75.0,44.0,36.0,52.0,85.0,92.0,11,0,0,3,4,4,,,,,3.0,,3.0,,2.0,,,,,,,,1.0,,,1.0,2.0,,,,2.0,,1.0,,1.0,,,,,2.0,,,,,3.0,,,,,,,,,,,,,,,,,,,,,,,,,,,,,,,,,,,,,,,,,,,,,,,,,,,,,,,,,,,,,,,,,,,,,,,,,,,,,
474,Josh Giddey,,PG,SG,"6'8""",Crafty Playmaking Cleaner,-2.3,,,,,,,,,,,,,D<85 no S7-9 mins,,412.0,358.0,317.0,,,,,,,,,,,,,,,,,,,,,,,,2,,,,,,20.3,,0.6,2.3,0.67,2.25,1.0,5.6,5.0,4.5,0.0,0.0,,4.0,8.0,84.0,62.0,50.0,79.0,50.0,,76.0,90.0,40.0,81.0,76.0,85.0,85.0,78.0,79.0,79.0,60.0,74.0,88.0,90.0,80.0,69.0,94.0,45.0,65.0,55.0,58.0,55.0,89.0,90.0,87.0,90.0,86.0,79.0,92.0,86.0,52.0,50.0,62.0,43.0,50.0,57.0,54.0,45.0,65.0,46.0,84.0,90.0,95.0,13,0,0,8,2,3,,,,,,,3.0,,3.0,,3.0,,,,,,1.0,2.0,3.0,3.0,,1.0,3.0,2.0,3.0,,,,,,,,,,,1.0,3.0,,,,,4.0,32.0,18.0,4.0,5.0,0.0,0.0,1.0,7.0,14.0,2.0,3.0,2.0,2.0,0.0,4.0,0.0,8.0,4.5,1.0,1.3,0.0,0.0,0.3,0.0,1.0,0.0,0.5,0.46,0.67,1.0,20.3,4.5,5.6,0.0,0.0,1.1,0.0,4.5,0.0,,,,,0.57,0.6,0.12,0.56,,,,,,,,,,,,,,,,,,,,,,,,,,,
519,Brandon Clarke,,C,PF,"6'8""",Rim-Running Paint Finisher,-2.3,,,,,,,,,,,,,D<85 no S7-9 mins,,,,,,,,,,,,,,,,,,,,,,,,,,,,2,,,,,,,,,,,,,,,,,,,,,78.0,75.0,80.0,84.0,95.0,,66.0,97.0,78.0,57.0,70.0,60.0,35.0,83.0,84.0,83.0,64.0,82.0,90.0,95.0,80.0,72.0,87.0,80.0,84.0,63.0,62.0,62.0,55.0,80.0,58.0,59.0,69.0,65.0,62.0,33.0,73.0,80.0,75.0,59.0,65.0,80.0,72.0,80.0,72.0,75.0,68.0,60.0,95.0,6,0,0,2,1,3,,,,,,2.0,,,,,1.0,,,1.0,,1.0,,,,,,,,,,,,3.0,,,,,,,,,,,,3.0,,,,,,,,,,,,,,,,,,,,,,,,,,,,,,,,,,,,,,,,,,,,,,,,,,,,,,,,,,,,,,,,,,,,,,,,,,,,
754,Ryan Dunn,,PF,SF,"6'8""",Perimeter Lock,-2.3,,,,,,,,,,,,,D<85 no S7-9 mins,,,,,,,,,,,,,,,,,,,,,,,,,,,,2,,,,,,,,,,,,,,,,,,,,,74.0,80.0,76.0,83.0,65.0,,62.0,73.0,70.0,76.0,56.0,50.0,50.0,82.0,83.0,88.0,65.0,79.0,88.0,90.0,80.0,54.0,75.0,55.0,80.0,38.0,37.0,37.0,30.0,80.0,59.0,60.0,69.0,69.0,55.0,41.0,74.0,76.0,80.0,59.0,61.0,80.0,80.0,80.0,64.0,64.0,65.0,60.0,95.0,3,0,0,0,0,3,,,,,,,,,,,,,,,,,,,,,,,,,,,,,,1.0,1.0,,,,1.0,,,,,,,,,,,,,,,,,,,,,,,,,,,,,,,,,,,,,,,,,,,,,,,,,,,,,,,,,,,,,,,,,,,,,,,,,,,,,,,,,
746,Nick Smith Jr.,,PG,SG,"6'2""",Inside-Out High-Flying Slasher,-2.3,,,,,,,,,,,,,D<85 no S7-9 mins,,,,,,,,,,,,,,,,,,,,,,,,,,,,2,,,,,,,,,,,,,,,,,,,,,73.0,63.0,33.0,84.0,0.0,,79.0,96.0,70.0,83.0,91.0,70.0,65.0,78.0,84.0,84.0,48.0,86.0,89.0,75.0,80.0,55.0,82.0,40.0,80.0,37.0,39.0,38.0,41.0,80.0,69.0,70.0,79.0,84.0,72.0,42.0,47.0,33.0,63.0,43.0,42.0,57.0,50.0,40.0,35.0,29.0,41.0,65.0,95.0,3,0,0,0,2,1,,,,,1.0,,2.0,,2.0,,,,,,,,,,,,,,,,,,,,,,,,,,,,,,,,,,,,,,,,,,,,,,,,,,,,,,,,,,,,,,,,,,,,,,,,,,,,,,,,,,,,,,,,,,,,,,,,,,,,,,,,,,,
654,Keyonte George,,PG,SG,"6'4""",Crafty Laymaker,-2.3,,,,,,,,,,,,,D<85 no S7-9 mins,,,,353.0,,,,,,,,,,,,,,,,,,,,,,,,2,,,,,,36.0,,1.0,0.0,,0.0,,0.0,,0.0,0.0,0.0,,2.0,1.0,87.0,65.0,34.0,79.0,50.0,,89.0,97.0,75.0,81.0,89.0,95.0,95.0,76.0,79.0,78.0,55.0,72.0,84.0,85.0,80.0,64.0,90.0,40.0,65.0,47.0,49.0,48.0,86.0,90.0,82.0,85.0,86.0,78.0,85.0,74.0,50.0,34.0,65.0,43.0,45.0,57.0,58.0,50.0,42.0,32.0,52.0,95.0,95.0,14,0,0,5,7,2,,,2.0,2.0,2.0,,3.0,,3.0,,2.0,,,,,,1.0,3.0,3.0,2.0,1.0,2.0,,2.0,3.0,,,,,,,,,,,,,,,,,2.0,2.0,2.0,0.0,0.0,0.0,0.0,0.0,1.0,1.0,0.0,0.0,0.0,0.0,0.0,0.0,0.0,1.0,1.0,0.0,0.0,0.0,0.0,0.0,0.0,0.0,0.0,1.0,1.0,,,36.0,0.0,0.0,0.0,0.0,0.0,0.0,0.0,0.0,,,,,1.0,1.0,0.0,1.0,,,,,,,,,,,,,,,,,,,,,,,,,,,
497,Grayson Allen,,SG,SF,"6'4""",Ball-Hawking Sharpshooter,-2.3,,,,,,,,,,,,,D<85 no S7-9 mins,,,,388.0,,,,,,,,,,,,,,,,,,,,,,,,2,,,,,,,,,,,,,,,,,,,,,83.0,72.0,35.0,84.0,5.0,,86.0,83.0,94.0,86.0,86.0,85.0,85.0,75.0,84.0,78.0,44.0,81.0,85.0,80.0,82.0,52.0,79.0,25.0,70.0,31.0,43.0,42.0,49.0,78.0,72.0,68.0,78.0,79.0,70.0,67.0,60.0,35.0,72.0,76.0,50.0,70.0,74.0,45.0,42.0,36.0,47.0,,95.0,11,0,0,4,3,4,3.0,1.0,,3.0,2.0,,2.0,,1.0,,,,,,,,,3.0,1.0,,,,1.0,,2.0,,,,,,,,,,,,,,3.0,,,,,,,,,,,,,,,,,,,,,,,,,,,,,,,,,,,,,,,,,,,,,,,,,,,,,,,,,,,,,,,,,,,,,,,,,,,,,
264,B.J. Armstrong,,PG,SG,"6'2""",,-2.3,,,,,,,,,,,,,D<85 no S7-9 mins,,,,450.0,,,,,,,,,,,,,,,,,,,,,,,,2,,,,,,21.6,,0.75,7.2,0.5,0.0,,7.2,,3.6,0.0,0.0,,5.0,2.0,87.0,73.0,25.0,83.0,0.0,,91.0,88.0,87.0,93.0,83.0,98.0,98.0,77.0,83.0,83.0,40.0,74.0,95.0,84.0,82.0,46.0,84.0,25.0,25.0,25.0,29.0,25.0,69.0,88.0,88.0,89.0,86.0,85.0,90.0,88.0,57.0,25.0,73.0,65.0,27.0,72.0,69.0,65.0,39.0,33.0,45.0,98.0,92.0,10,0,0,3,5,2,,3.0,,,,,2.0,,2.0,,,,,,,,1.0,,,2.0,,2.0,3.0,3.0,2.0,,1.0,,,,,,,,,,,,,,,5.0,10.0,6.0,1.0,2.0,0.0,0.0,0.0,2.0,4.0,2.0,4.0,0.0,0.0,0.0,1.0,1.0,2.0,1.2,0.2,0.4,0.0,0.0,0.0,0.0,0.2,0.2,0.5,,0.5,,21.6,3.6,7.2,0.0,0.0,0.0,0.0,3.6,3.6,,,,,0.75,0.75,0.1,0.6,,,,,,,,,,,,,,,,,,,,,,,,,,,
258,Terry Porter,Trail Blazers,PG,SG,"6'3""",,-2.3,,,,,,,,,,,,,D<85 no S7-9 mins,,298.0,345.0,339.0,,,,,,,,,,,,,,,,,,,,,,,,2,,,,,,9.8,-0.81,0.36,1.8,0.32,1.53,0.8,4.6,3.75,4.0,0.3,0.0,0.0,8.0,14.8,87.0,80.0,40.0,81.0,15.0,,90.0,88.0,84.0,89.0,89.0,98.0,90.0,81.0,81.0,84.0,55.0,70.0,95.0,91.0,92.0,51.0,87.0,25.0,35.0,25.0,40.0,25.0,82.0,91.0,89.0,92.0,84.0,84.0,94.0,89.0,68.0,40.0,80.0,86.0,32.0,70.0,85.0,80.0,53.0,57.0,48.0,70.0,92.0,11,0,0,8,1,2,,,,,,,3.0,,3.0,,,,,,,,1.0,,3.0,3.0,,,3.0,3.0,3.0,,3.0,,,,,,,1.0,,,,,2.0,,,8.0,118.0,32.0,13.0,15.0,1.0,0.0,4.0,11.0,42.0,6.0,19.0,4.0,5.0,2.0,11.0,3.0,14.8,4.0,1.6,1.9,0.1,0.0,0.5,0.2,1.4,0.4,0.26,0.22,0.32,0.8,9.8,4.0,4.6,0.3,0.0,1.2,0.6,3.4,0.9,,,,,0.33,0.36,0.11,0.27,,,,,,,,,,,,,,,,,,,,,,,,,,,
212,Mark Aguirre,Mavericks,SF,PF,"6'6""",,-2.3,,,,,,,,,,,,,D<85 no S7-9 mins,,351.0,384.0,379.0,,,,,,,,,,,,,,,,,,,,,,,,2,,,,,,15.4,,0.6,0.0,,0.0,,0.0,,5.1,0.0,0.0,,2.0,7.0,88.0,77.0,77.0,78.0,35.0,,86.0,90.0,88.0,77.0,76.0,88.0,95.0,84.0,78.0,78.0,88.0,80.0,95.0,80.0,86.0,87.0,89.0,75.0,80.0,95.0,96.0,94.0,85.0,83.0,74.0,75.0,79.0,74.0,82.0,62.0,75.0,77.0,77.0,80.0,68.0,75.0,70.0,75.0,69.0,68.0,70.0,68.0,92.0,5,0,0,5,0,0,,,,,,,3.0,,3.0,,3.0,3.0,,,3.0,,,,,,,,,,,,,,,,,,,,,,,,,,,2.0,14.0,6.0,2.0,0.0,0.0,0.0,0.0,3.0,5.0,0.0,0.0,0.0,0.0,0.0,2.0,0.0,7.0,3.0,1.0,0.0,0.0,0.0,0.0,0.0,1.0,0.0,0.6,0.6,,,15.4,5.1,0.0,0.0,0.0,0.0,0.0,5.1,0.0,,,,,0.6,0.6,0.14,0.43,,,,,,,,,,,,,,,,,,,,,,,,,,,
940,Howard Eisley,,PG,SG,"6'2""",,-2.3,,,,,,,,,,,,,D<85 no S7-9 mins,,,,,,,,,,,,,,,,,,,,,,,,,,,,2,,,,,,,,,,,,,,,,,,,,,75.0,57.0,29.0,79.0,0.0,,79.0,79.0,77.0,80.0,85.0,80.0,75.0,73.0,79.0,73.0,45.0,66.0,86.0,75.0,84.0,45.0,79.0,25.0,25.0,25.0,29.0,25.0,75.0,75.0,81.0,82.0,79.0,79.0,84.0,79.0,47.0,29.0,57.0,73.0,40.0,52.0,30.0,45.0,41.0,34.0,48.0,75.0,85.0,1,0,0,0,0,1,,,,1.0,,,,,,,,,,,,,,,,,,,,,,,,,,,,,,,,,,,,,,,,,,,,,,,,,,,,,,,,,,,,,,,,,,,,,,,,,,,,,,,,,,,,,,,,,,,,,,,,,,,,,,,,,,,,,,,,
937,Harrison Ingram,,SF,SG,"6'5""",Blow-By Bully,-2.3,,,,,,,,,,,,,D<85 no S7-9 mins,,,,,,,,,,,,,,,,,,,,,,,,,,,,2,,,,,,,,,,,,,,,,,,,,,69.0,62.0,60.0,82.0,30.0,,60.0,73.0,73.0,74.0,62.0,50.0,30.0,79.0,82.0,75.0,73.0,82.0,88.0,75.0,80.0,61.0,73.0,45.0,75.0,59.0,58.0,57.0,42.0,80.0,62.0,62.0,70.0,75.0,62.0,41.0,56.0,60.0,62.0,49.0,39.0,69.0,60.0,55.0,60.0,59.0,60.0,30.0,95.0,0,0,0,0,0,0,,,,,,,,,,,,,,,,,,,,,,,,,,,,,,,,,,,,,,,,,,,,,,,,,,,,,,,,,,,,,,,,,,,,,,,,,,,,,,,,,,,,,,,,,,,,,,,,,,,,,,,,,,,,,,,,,,,,
175,Jamal Mashburn,Pelicans,SF,PF,"6'8""",,-2.3,,,,,,,,,,,,,D<85 no S7-9 mins,258.0,218.0,216.0,212.0,,,,,,,,,,,,,,,,,,,,,,,,2,,,,,,13.0,-0.33,0.52,2.2,0.29,2.03,0.9,3.1,2.5,3.1,0.4,0.0,0.0,12.0,14.8,89.0,74.0,70.0,78.0,35.0,,89.0,88.0,89.0,85.0,85.0,92.0,95.0,82.0,78.0,74.0,82.0,84.0,95.0,90.0,72.0,80.0,90.0,65.0,75.0,75.0,76.0,70.0,92.0,95.0,74.0,74.0,78.0,73.0,75.0,68.0,68.0,70.0,74.0,65.0,42.0,78.0,75.0,75.0,63.0,62.0,64.0,50.0,92.0,11,0,0,9,2,0,,,,3.0,3.0,3.0,3.0,3.0,3.0,,3.0,2.0,3.0,,2.0,,,,,,,,,,,,,,,,,,,3.0,,,,,,,,12.0,177.0,64.0,15.0,15.0,2.0,0.0,6.0,22.0,57.0,11.0,38.0,9.0,10.0,2.0,13.0,5.0,14.8,5.3,1.3,1.3,0.2,0.0,0.5,0.2,1.1,0.4,0.39,0.58,0.29,0.9,13.0,3.1,3.1,0.4,0.0,1.2,0.4,2.6,1.0,,,,,0.48,0.52,0.08,0.36,,,,,,,,,,,,,,,,,,,,,,,,,,,
457,Jeff Malone,,SG,SF,"6'4""",,-2.3,,,,,,,,,,,,,D<85 no S7-9 mins,,,,,,,,,,,,,,,,,,,,,,,,,,,,2,,,,,,,,,,,,,,,,,,,,,86.0,74.0,40.0,81.0,15.0,,90.0,92.0,95.0,70.0,92.0,95.0,95.0,81.0,81.0,78.0,48.0,88.0,95.0,85.0,91.0,73.0,96.0,55.0,85.0,40.0,70.0,64.0,82.0,94.0,71.0,71.0,79.0,73.0,70.0,64.0,59.0,40.0,74.0,61.0,35.0,70.0,68.0,65.0,50.0,40.0,60.0,83.0,92.0,5,0,0,5,0,0,,,,,,3.0,3.0,,3.0,,3.0,,,3.0,,,,,,,,,,,,,,,,,,,,,,,,,,,,,,,,,,,,,,,,,,,,,,,,,,,,,,,,,,,,,,,,,,,,,,,,,,,,,,,,,,,,,,,,,,,,,,,,,,,,,,
646,Immanuel Quickley,,PG,SG,"6'2""",2-Way Mid-Range Menace,-2.3,,,,,,,,,,,,,D<85 no S7-9 mins,,,,421.0,,,,,,,,,,,,,,,,,,,,,,,,2,,,,,,10.7,-0.67,0.55,1.2,0.28,2.94,0.76,4.3,5.0,2.6,0.3,0.0,0.0,20.0,10.4,84.0,80.0,37.0,82.0,10.0,,88.0,94.0,88.0,83.0,81.0,90.0,95.0,78.0,82.0,82.0,54.0,79.0,89.0,85.0,79.0,61.0,87.0,40.0,55.0,50.0,51.0,45.0,60.0,98.0,79.0,80.0,86.0,76.0,80.0,73.0,60.0,37.0,80.0,53.0,32.0,78.0,64.0,75.0,46.0,34.0,57.0,70.0,95.0,12,0,0,3,3,6,2.0,1.0,3.0,2.0,2.0,,3.0,,3.0,,,,,,,,1.0,,,,,1.0,,,1.0,,,,,,,,,1.0,,,,,1.0,,,20.0,208.0,62.0,15.0,25.0,2.0,0.0,5.0,21.0,49.0,7.0,25.0,13.0,17.0,1.0,14.0,3.0,10.4,3.1,0.8,1.3,0.1,0.0,0.3,0.0,0.7,0.2,0.43,0.58,0.28,0.76,10.7,2.6,4.3,0.3,0.0,0.9,0.2,2.4,0.5,,,,,0.5,0.55,0.07,0.3,,,,,,,,,,,,,,,,,,,,,,,,,,,
636,Jordan Clarkson,,SG,SF,"6'3""",Laymaking Two Guard,-2.3,,,,,,,,,,,,,D<85 no S7-9 mins,,,,,,,,,,,,,,,,,,,,,,,,,,,,2,,,,,,,,,,,,,,,,,,,,,76.0,58.0,43.0,79.0,20.0,,76.0,97.0,65.0,76.0,79.0,70.0,70.0,76.0,79.0,75.0,54.0,85.0,80.0,80.0,83.0,55.0,82.0,25.0,70.0,30.0,37.0,38.0,60.0,98.0,70.0,73.0,86.0,79.0,73.0,38.0,46.0,43.0,58.0,40.0,42.0,52.0,49.0,40.0,43.0,46.0,40.0,70.0,95.0,9,0,0,1,2,6,1.0,,,1.0,1.0,,3.0,,2.0,,1.0,,,,,,2.0,,,,1.0,1.0,,,,,,,,,,,,,,,,,,,,,,,,,,,,,,,,,,,,,,,,,,,,,,,,,,,,,,,,,,,,,,,,,,,,,,,,,,,,,,,,,,,,,,,,,,,,,,
635,Kevin Huerter,,SG,SF,"6'7""",Crafty Laymaker,-2.3,,,,,,,,,,,,,D<85 no S7-9 mins,,,,,,,,,,,,,,,,,,,,,,,,,,,,2,,,,,,,,,,,,,,,,,,,,,76.0,64.0,44.0,84.0,10.0,,72.0,96.0,67.0,75.0,73.0,55.0,65.0,74.0,84.0,73.0,50.0,75.0,85.0,80.0,83.0,55.0,85.0,30.0,65.0,25.0,58.0,35.0,50.0,90.0,72.0,74.0,79.0,72.0,76.0,60.0,54.0,44.0,64.0,46.0,61.0,58.0,57.0,50.0,48.0,36.0,61.0,75.0,95.0,7,0,0,0,5,2,2.0,1.0,,2.0,1.0,,2.0,,2.0,,,,,,,,,,,,,,,,,,,,,,,,,,,,,,2.0,,,,,,,,,,,,,,,,,,,,,,,,,,,,,,,,,,,,,,,,,,,,,,,,,,,,,,,,,,,,,,,,,,,,,,,,,,,,,
631,Malaki Branham,,SG,PG,"6'4""",Inside-Out High-Flying Slasher,-2.3,,,,,,,,,,,,,D<85 no S7-9 mins,,,,,,,,,,,,,,,,,,,,,,,,,,,,2,,,,,,,,,,,,,,,,,,,,,71.0,63.0,45.0,82.0,50.0,,74.0,74.0,74.0,83.0,80.0,70.0,65.0,76.0,82.0,82.0,55.0,75.0,86.0,70.0,80.0,59.0,74.0,60.0,75.0,47.0,44.0,49.0,41.0,80.0,64.0,59.0,69.0,74.0,59.0,60.0,49.0,45.0,63.0,42.0,42.0,54.0,52.0,45.0,43.0,33.0,52.0,40.0,89.0,4,0,0,0,1,3,1.0,,,1.0,2.0,,1.0,,,,,,,,,,,,,,,,,,,,,,,,,,,,,,,,,,,,,,,,,,,,,,,,,,,,,,,,,,,,,,,,,,,,,,,,,,,,,,,,,,,,,,,,,,,,,,,,,,,,,,,,,,,,,
448,Campy Russell,,SF,,"6'8""",,-2.3,,,,,,,,,,,,,D<85 no S7-9 mins,,,416.0,340.0,,,,,,,,,,,,,,,,,,,,,,,,2,,,,,,27.0,,1.5,9.0,1.0,0.0,,0.0,,0.0,0.0,0.0,,2.0,2.0,86.0,74.0,56.0,79.0,30.0,,88.0,84.0,82.0,87.0,80.0,97.0,98.0,76.0,79.0,74.0,42.0,75.0,95.0,86.0,78.0,68.0,90.0,40.0,75.0,40.0,65.0,58.0,81.0,91.0,74.0,74.0,78.0,74.0,80.0,66.0,62.0,56.0,74.0,61.0,40.0,73.0,58.0,70.0,55.0,36.0,74.0,98.0,92.0,4,0,0,1,2,1,,,,,3.0,,2.0,,2.0,,,,,,,,,,,,,,,,,,,1.0,,,,,,,,,,,,,,2.0,4.0,3.0,0.0,0.0,0.0,0.0,0.0,1.0,1.0,1.0,1.0,0.0,0.0,0.0,0.0,0.0,2.0,1.5,0.0,0.0,0.0,0.0,0.0,0.0,0.0,0.0,1.0,,1.0,,27.0,0.0,0.0,0.0,0.0,0.0,0.0,0.0,0.0,,,,,1.5,1.5,0.0,0.75,,,,,,,,,,,,,,,,,,,,,,,,,,,
446,Bingo Smith,,SG,SF,"6'5""",,-2.3,,,,,,,,,,,,,D<85 no S7-9 mins,,,389.0,,,,,,,,,,,,,,,,,,,,,,,,,2,,,,,,,,,,,,,,,,,,,,,84.0,75.0,59.0,81.0,25.0,,87.0,80.0,95.0,87.0,83.0,84.0,90.0,79.0,81.0,76.0,55.0,80.0,94.0,75.0,93.0,68.0,91.0,55.0,65.0,44.0,58.0,65.0,79.0,90.0,73.0,74.0,85.0,75.0,72.0,60.0,66.0,59.0,75.0,60.0,40.0,77.0,74.0,75.0,49.0,46.0,51.0,75.0,89.0,8,0,0,3,3,2,,,,,3.0,3.0,1.0,,1.0,,,,,,,,,,,,2.0,,2.0,2.0,,,,,,,,,,,,,,,3.0,,,,,,,,,,,,,,,,,,,,,,,,,,,,,,,,,,,,,,,,,,,,,,,,,,,,,,,,,,,,,,,,,,,,,,,,,,,,,
445,Bennedict Mathurin,,SF,SG,"6'5""",Iso Savant,-2.3,,,,,,,,,,,,,D<85 no S7-9 mins,,354.0,,,,,,,,,,,,,,,,,,,,,,,,,,2,,,,,,,,,,,,,,,,,,,,,82.0,69.0,42.0,84.0,0.0,,81.0,79.0,80.0,79.0,87.0,75.0,85.0,80.0,84.0,84.0,54.0,82.0,92.0,85.0,80.0,65.0,78.0,35.0,80.0,55.0,58.0,55.0,67.0,90.0,72.0,75.0,79.0,81.0,82.0,44.0,52.0,42.0,69.0,40.0,37.0,65.0,62.0,50.0,54.0,41.0,66.0,,95.0,8,0,0,1,5,2,2.0,,,2.0,2.0,,2.0,,1.0,,3.0,,,2.0,,,,,,,,,,,,,,,,,,,,,,,,,1.0,,,,,,,,,,,,,,,,,,,,,,,,,,,,,,,,,,,,,,,,,,,,,,,,,,,,,,,,,,,,,,,,,,,,,,,,,,,,,
595,Doug West,,SG,SF,"6'6""",,-2.3,,,,,,,,,,,,,D<85 no S7-9 mins,,,,,,,,,,,,,,,,,,,,,,,,,,,,2,,,,,,,,,,,,,,,,,,,,,85.0,75.0,54.0,80.0,30.0,,87.0,92.0,90.0,75.0,84.0,90.0,90.0,79.0,80.0,73.0,71.0,82.0,96.0,65.0,89.0,69.0,90.0,25.0,80.0,63.0,70.0,68.0,70.0,85.0,75.0,78.0,75.0,78.0,79.0,67.0,62.0,54.0,75.0,52.0,37.0,78.0,71.0,70.0,47.0,46.0,48.0,83.0,92.0,4,0,0,4,0,0,,,,,,,3.0,,3.0,,3.0,,,3.0,,,,,,,,,,,,,,,,,,,,,,,,,,,,,,,,,,,,,,,,,,,,,,,,,,,,,,,,,,,,,,,,,,,,,,,,,,,,,,,,,,,,,,,,,,,,,,,,,,,,,,
588,Cam Whitmore,,SF,PF,"6'7""",Athletic Blow-By Ace,-2.3,,,,,,,,,,,,,D<85 no S7-9 mins,,,,,,,,,,,,,,,,,,,,,,,,,,,,2,,,,,,,,,,,,,,,,,,,,,75.0,67.0,57.0,84.0,0.0,,68.0,61.0,76.0,70.0,74.0,65.0,60.0,81.0,84.0,84.0,68.0,84.0,85.0,80.0,80.0,65.0,83.0,40.0,80.0,57.0,59.0,59.0,59.0,80.0,68.0,68.0,86.0,84.0,69.0,32.0,59.0,57.0,67.0,70.0,53.0,57.0,58.0,50.0,52.0,49.0,54.0,50.0,95.0,8,0,0,0,7,1,,,,,,,2.0,,2.0,,2.0,,,,,,,,2.0,,,1.0,2.0,,,,,2.0,,,,,,,2.0,,,,,,,,,,,,,,,,,,,,,,,,,,,,,,,,,,,,,,,,,,,,,,,,,,,,,,,,,,,,,,,,,,,,,,,,,,,,,,,,,
587,Keon Ellis,,SG,SF,"6'4""",2-Way Mid-Range Scorer,-2.3,,,,,,,,,,,,,D<85 no S7-9 mins,,,,,,,,,,,,,,,,,,,,,,,,,,,,2,,,,,,,,,,,,,,,,,,,,,76.0,84.0,58.0,81.0,0.0,,67.0,92.0,77.0,80.0,62.0,50.0,40.0,76.0,81.0,84.0,48.0,79.0,85.0,80.0,80.0,51.0,75.0,25.0,65.0,27.0,40.0,38.0,54.0,85.0,62.0,64.0,74.0,77.0,65.0,31.0,81.0,58.0,84.0,97.0,73.0,82.0,87.0,85.0,40.0,36.0,43.0,70.0,95.0,7,0,0,1,5,1,,,,2.0,,,,,,,,,,,,,,,,,,,,,,2.0,3.0,,2.0,,2.0,1.0,,2.0,,,,,,,,,,,,,,,,,,,,,,,,,,,,,,,,,,,,,,,,,,,,,,,,,,,,,,,,,,,,,,,,,,,,,,,,,,,,,,,,,,
584,GG Jackson,,SF,PF,"6'9""",High-Flying Mid-Range Slasher,-2.3,,,,,,,,,,,,,D<85 no S7-9 mins,,,,,,,,,,,,,,,,,,,,,,,,,,,,2,,,,,,,,,,,,,,,,,,,,,79.0,58.0,58.0,82.0,75.0,,80.0,97.0,89.0,80.0,72.0,70.0,75.0,76.0,82.0,79.0,62.0,82.0,88.0,60.0,80.0,68.0,71.0,65.0,85.0,59.0,59.0,59.0,49.0,95.0,58.0,59.0,62.0,80.0,50.0,41.0,59.0,58.0,58.0,43.0,74.0,70.0,69.0,40.0,57.0,43.0,71.0,60.0,95.0,8,0,0,2,5,1,1.0,,,2.0,,,,,,2.0,3.0,,,2.0,,,,,2.0,,,,,,,,,,,,,,,,,,,,2.0,3.0,,,,,,,,,,,,,,,,,,,,,,,,,,,,,,,,,,,,,,,,,,,,,,,,,,,,,,,,,,,,,,,,,,,,,,,,,,,,
575,Trayce Jackson-Davis,,C,PF,"6'9""",Rim-Running Rim Rocker,-2.3,,,,,,,,,,,,,D<85 no S7-9 mins,,,,,,,,,,,,,,,,,,,,,,,,,,,,2,,,,,,,,,,,,,,,,,,,,,73.0,58.0,63.0,79.0,99.0,,53.0,61.0,70.0,44.0,57.0,60.0,25.0,79.0,79.0,74.0,63.0,88.0,85.0,85.0,80.0,67.0,78.0,80.0,85.0,60.0,60.0,60.0,40.0,75.0,61.0,62.0,66.0,69.0,64.0,43.0,58.0,63.0,58.0,41.0,83.0,57.0,55.0,50.0,78.0,83.0,73.0,40.0,95.0,5,0,0,3,1,1,,,,,,3.0,,,,,,,,,,,,,,,,,,,,,,2.0,,,,,,,,1.0,3.0,,,3.0,,,,,,,,,,,,,,,,,,,,,,,,,,,,,,,,,,,,,,,,,,,,,,,,,,,,,,,,,,,,,,,,,,,,,,,,,,,,
624,Cole Anthony,,PG,SG,"6'2""",High-Flying Mid-Range Slasher,-2.3,,,,,,,,,,,,,D<85 no S7-9 mins,,,,,,,,,,,,,,,,,,,,,,,,,,,,2,,,,,,,,,,,,,,,,,,,,,77.0,69.0,45.0,84.0,10.0,,75.0,88.0,89.0,75.0,59.0,70.0,70.0,82.0,84.0,84.0,59.0,77.0,88.0,85.0,98.0,62.0,79.0,40.0,85.0,49.0,58.0,44.0,62.0,80.0,81.0,77.0,84.0,84.0,78.0,82.0,54.0,45.0,69.0,56.0,57.0,55.0,52.0,45.0,54.0,42.0,66.0,50.0,89.0,13,0,0,0,9,4,2.0,1.0,2.0,1.0,2.0,,2.0,,2.0,,,,,,,,2.0,1.0,,,2.0,2.0,1.0,2.0,,,,,,,,,,,,,,,,,,,,,,,,,,,,,,,,,,,,,,,,,,,,,,,,,,,,,,,,,,,,,,,,,,,,,,,,,,,,,,,,,,,,,,,,,,,,
622,Brandin Podziemski,,SG,PG,"6'4""",Crafty 3PT Sniper,-2.3,,,,,,,,,,,,,D<85 no S7-9 mins,,,,,,,,,,,,,,,,,,,,,,,,,,,,2,,,,,,,,,,,,,,,,,,,,,80.0,63.0,45.0,82.0,10.0,,82.0,93.0,79.0,81.0,77.0,80.0,80.0,78.0,82.0,82.0,54.0,78.0,89.0,85.0,80.0,63.0,87.0,35.0,60.0,54.0,55.0,55.0,75.0,85.0,74.0,69.0,84.0,81.0,68.0,69.0,55.0,45.0,63.0,59.0,40.0,62.0,72.0,45.0,55.0,42.0,68.0,85.0,95.0,10,0,0,0,2,8,1.0,1.0,,2.0,2.0,,1.0,,,,,,,,,,,1.0,1.0,,,,1.0,,,,,,,,1.0,,,1.0,,,,,,,,,,,,,,,,,,,,,,,,,,,,,,,,,,,,,,,,,,,,,,,,,,,,,,,,,,,,,,,,,,,,,,,,,,,,,,,,,,
621,Malik Monk,,SG,PG,"6'3""",Sharpshooter,-2.3,,,,,,,,,,,,,D<85 no S7-9 mins,,,,,,,,,,,,,,,,,,,,,,,,,,,,2,,,,,,,,,,,,,,,,,,,,,78.0,60.0,45.0,80.0,10.0,,78.0,76.0,82.0,84.0,87.0,70.0,70.0,76.0,80.0,80.0,48.0,88.0,88.0,72.0,80.0,58.0,82.0,40.0,75.0,25.0,62.0,45.0,44.0,95.0,74.0,75.0,79.0,76.0,75.0,66.0,51.0,45.0,60.0,42.0,55.0,54.0,57.0,45.0,39.0,31.0,47.0,60.0,95.0,12,0,0,2,6,4,2.0,1.0,2.0,3.0,2.0,,3.0,,2.0,,,,,,,,1.0,2.0,,,1.0,,1.0,,,,,,,,,,,,,,,,2.0,,,,,,,,,,,,,,,,,,,,,,,,,,,,,,,,,,,,,,,,,,,,,,,,,,,,,,,,,,,,,,,,,,,,,,,,,,,,,
618,Jordan Poole,,SG,PG,"6'4""",Combo Guard,-2.3,,,,,,,,,,,,,D<85 no S7-9 mins,,,,,,,,,,,,,,,,,,,,,,,,,,,,2,,,,,,,,,,,,,,,,,,,,,77.0,57.0,47.0,81.0,0.0,,75.0,76.0,70.0,77.0,88.0,70.0,70.0,73.0,81.0,79.0,61.0,73.0,80.0,65.0,80.0,58.0,80.0,45.0,60.0,29.0,47.0,44.0,78.0,80.0,80.0,83.0,89.0,80.0,82.0,66.0,47.0,47.0,57.0,40.0,53.0,54.0,51.0,30.0,38.0,30.0,45.0,50.0,95.0,13,0,0,0,5,8,1.0,,1.0,1.0,1.0,,1.0,,2.0,,1.0,,,,,,2.0,,,,2.0,2.0,1.0,1.0,,,,,,,,,,,,,,,2.0,,,,,,,,,,,,,,,,,,,,,,,,,,,,,,,,,,,,,,,,,,,,,,,,,,,,,,,,,,,,,,,,,,,,,,,,,,,,,
573,Taurean Prince,,SF,SG,"6'6""",Sharpshooting Lob Threat,-2.3,,,,,,,,,,,,,D<85 no S7-9 mins,,,,,,,,,,,,,,,,,,,,,,,,,,,,2,,,,,,,,,,,,,,,,,,,,,75.0,74.0,64.0,80.0,0.0,,74.0,73.0,80.0,86.0,83.0,70.0,50.0,78.0,80.0,78.0,60.0,84.0,84.0,85.0,81.0,64.0,76.0,75.0,70.0,52.0,45.0,51.0,55.0,85.0,60.0,68.0,70.0,69.0,55.0,38.0,63.0,64.0,74.0,53.0,40.0,68.0,81.0,60.0,44.0,34.0,55.0,50.0,95.0,2,0,0,0,1,1,,,,1.0,,,,,,,,,,,,,,,,,,,,,,,,,,,,,,,,,,,2.0,,,,,,,,,,,,,,,,,,,,,,,,,,,,,,,,,,,,,,,,,,,,,,,,,,,,,,,,,,,,,,,,,,,,,,,,,,,,,
460,R.J. Barrett,,SG,SF,"6'6""",2-Way Bullmaker,-2.3,,,,,,,,,,,,,D<85 no S7-9 mins,,,,,,,,,,,,,,,,,,,,,,,,,,,,2,,,,,,,,,,,,,,,,,,,,,82.0,81.0,58.0,84.0,10.0,,78.0,85.0,74.0,77.0,71.0,80.0,80.0,84.0,84.0,84.0,76.0,82.0,95.0,80.0,80.0,70.0,88.0,45.0,80.0,52.0,55.0,79.0,80.0,85.0,79.0,79.0,83.0,82.0,84.0,66.0,65.0,58.0,81.0,42.0,47.0,79.0,74.0,75.0,54.0,41.0,68.0,55.0,95.0,11,0,0,0,4,7,,,,1.0,,,2.0,,1.0,,2.0,,,1.0,,,,1.0,1.0,,,1.0,2.0,,2.0,,,,,,,,,,,,,,,1.0,,,,,,,,,,,,,,,,,,,,,,,,,,,,,,,,,,,,,,,,,,,,,,,,,,,,,,,,,,,,,,,,,,,,,,,,,,,,
459,Purvis Short,,SF,SG,"6'7""",,-2.3,,,,,,,,,,,,,D<85 no S7-9 mins,,,413.0,444.0,,,,,,,,,,,,,,,,,,,,,,,,2,,,,,,,,,,,,,,,,,,,,,86.0,74.0,60.0,80.0,25.0,,89.0,93.0,90.0,76.0,87.0,90.0,95.0,81.0,80.0,74.0,65.0,80.0,95.0,90.0,80.0,78.0,93.0,80.0,75.0,56.0,69.0,72.0,80.0,95.0,72.0,70.0,75.0,70.0,80.0,64.0,67.0,60.0,74.0,69.0,48.0,75.0,74.0,70.0,53.0,51.0,55.0,70.0,92.0,8,0,0,5,2,1,,,,,,3.0,3.0,,3.0,,3.0,,,,,,1.0,,2.0,,,,,,,,2.0,,,,,,,3.0,,,,,,,,,,,,,,,,,,,,,,,,,,,,,,,,,,,,,,,,,,,,,,,,,,,,,,,,,,,,,,,,,,,,,,,,,,,,,,,,,,
430,Christian Braun,,SG,SF,"6'6""",Versatile Paint Finisher,-2.3,,,,,,,,,,,,,D<85 no S7-9 mins,,376.0,,,,,,,,,,,,,,,,,,,,,,,,,,2,,,,,,,,,,,,,,,,,,,,,79.0,79.0,40.0,83.0,65.0,,77.0,97.0,69.0,75.0,79.0,70.0,70.0,80.0,83.0,83.0,46.0,83.0,93.0,95.0,80.0,55.0,85.0,25.0,85.0,25.0,55.0,36.0,50.0,80.0,65.0,69.0,69.0,74.0,68.0,44.0,64.0,40.0,79.0,37.0,51.0,78.0,80.0,80.0,54.0,57.0,50.0,70.0,95.0,12,0,0,1,8,3,,,1.0,2.0,,,,,1.0,,2.0,,,2.0,,,,,,,,,,,,2.0,2.0,,2.0,,2.0,,,1.0,,,,,3.0,2.0,,,,,,,,,,,,,,,,,,,,,,,,,,,,,,,,,,,,,,,,,,,,,,,,,,,,,,,,,,,,,,,,,,,,,,,,,,,,
563,Bilal Coulibaly,,SG,SF,"6'8""",2-Way Bulldozer,-2.3,,,,,,,,,,,,,D<85 no S7-9 mins,,,,,,,,,,,,,,,,,,,,,,,,,,,,2,,,,,,,,,,,,,,,,,,,,,79.0,80.0,67.0,82.0,50.0,,64.0,62.0,51.0,70.0,74.0,75.0,50.0,81.0,82.0,85.0,63.0,85.0,92.0,80.0,80.0,64.0,84.0,60.0,85.0,50.0,50.0,50.0,50.0,80.0,66.0,69.0,72.0,64.0,72.0,53.0,76.0,67.0,80.0,80.0,72.0,78.0,78.0,75.0,52.0,42.0,62.0,95.0,95.0,11,0,0,0,3,8,,,,,,,1.0,,1.0,,1.0,,,,,,,1.0,,,,,,,1.0,2.0,2.0,,1.0,,1.0,,,2.0,,,,,,1.0,,,,,,,,,,,,,,,,,,,,,,,,,,,,,,,,,,,,,,,,,,,,,,,,,,,,,,,,,,,,,,,,,,,,,,,,,,,,
693,Bub Carrington,,PG,SG,"6'4""",Iso Sniper,-2.3,,,,,,,,,,,,,D<85 no S7-9 mins,,,,,,,,,,,,,,,,,,,,,,,,,,,,2,,,,,,,,,,,,,,,,,,,,,77.0,55.0,40.0,82.0,15.0,,76.0,63.0,87.0,81.0,74.0,90.0,60.0,75.0,82.0,72.0,54.0,75.0,89.0,80.0,80.0,60.0,75.0,35.0,60.0,54.0,55.0,55.0,57.0,85.0,78.0,79.0,86.0,77.0,79.0,71.0,45.0,40.0,55.0,38.0,42.0,52.0,52.0,35.0,44.0,33.0,56.0,95.0,95.0,10,0,0,0,2,8,,,,1.0,1.0,,1.0,,,,,,,,,,1.0,1.0,1.0,,1.0,,2.0,1.0,2.0,,,,,,,,,,,,,,,,,,,,,,,,,,,,,,,,,,,,,,,,,,,,,,,,,,,,,,,,,,,,,,,,,,,,,,,,,,,,,,,,,,,,,,,,,,,
685,Ajay Mitchell,,PG,SG,"6'5""",Ball-Hawking Crafty Finisher,-2.3,,,,,,,,,,,,,D<85 no S7-9 mins,,,,394.0,,,,,,,,,,,,,,,,,,,,,,,,2,,,,,,0.0,,0.0,0.0,,0.0,,0.0,,0.0,0.0,0.0,,2.0,4.0,82.0,77.0,43.0,83.0,50.0,,85.0,94.0,79.0,78.0,87.0,85.0,85.0,74.0,83.0,80.0,53.0,65.0,87.0,75.0,80.0,57.0,89.0,35.0,70.0,30.0,37.0,38.0,79.0,80.0,76.0,74.0,82.0,79.0,75.0,69.0,68.0,43.0,77.0,80.0,51.0,78.0,75.0,75.0,46.0,39.0,52.0,70.0,95.0,13,0,0,2,4,7,,,,1.0,,,3.0,,3.0,,2.0,,,,,,,,1.0,,,1.0,1.0,1.0,2.0,,2.0,,2.0,,1.0,,,1.0,,,,,,,,2.0,8.0,0.0,0.0,0.0,0.0,0.0,0.0,0.0,1.0,0.0,0.0,0.0,0.0,0.0,0.0,0.0,4.0,0.0,0.0,0.0,0.0,0.0,0.0,0.0,0.0,0.0,0.0,0.0,,,0.0,0.0,0.0,0.0,0.0,0.0,0.0,0.0,0.0,,,,,0.0,0.0,0.0,0.0,,,,,,,,,,,,,,,,,,,,,,,,,,,
683,AJ Johnson,,SG,SF,"6'5""",Blow-By High Flyer,-2.3,,,,,,,,,,,,,D<85 no S7-9 mins,,,,,,,,,,,,,,,,,,,,,,,,,,,,2,,,,,,,,,,,,,,,,,,,,,72.0,56.0,49.0,83.0,50.0,,67.0,61.0,74.0,68.0,80.0,60.0,60.0,72.0,83.0,79.0,39.0,76.0,80.0,75.0,80.0,50.0,80.0,30.0,80.0,30.0,30.0,30.0,44.0,80.0,75.0,70.0,86.0,79.0,72.0,67.0,43.0,49.0,56.0,37.0,37.0,48.0,47.0,30.0,46.0,38.0,53.0,,95.0,6,0,0,0,1,5,,,,,,,1.0,,1.0,,,,,,,,,,1.0,,,2.0,,,1.0,,,,,,,,,,,,,,,1.0,,,,,,,,,,,,,,,,,,,,,,,,,,,,,,,,,,,,,,,,,,,,,,,,,,,,,,,,,,,,,,,,,,,,,,,,,,,,
681,Adem Bona,,C,,"6'10""",Shot Eraser,-2.3,,,,,,,,,,,,,D<85 no S7-9 mins,,,,,,,,,,,,,,,,,,,,,,,,,,,,2,,,,,,,,,,,,,,,,,,,,,75.0,37.0,70.0,82.0,30.0,,60.0,74.0,57.0,54.0,68.0,70.0,40.0,81.0,82.0,68.0,73.0,89.0,84.0,90.0,80.0,61.0,72.0,80.0,80.0,55.0,42.0,55.0,37.0,70.0,43.0,40.0,52.0,57.0,40.0,27.0,60.0,70.0,37.0,38.0,92.0,72.0,50.0,60.0,72.0,78.0,65.0,70.0,95.0,4,0,0,2,2,0,,,,,,2.0,,,,,,,,,,,,,,,,,,,,,,3.0,,,,,,,,,2.0,,,3.0,,,,,,,,,,,,,,,,,,,,,,,,,,,,,,,,,,,,,,,,,,,,,,,,,,,,,,,,,,,,,,,,,,,,,,,,,,,,
534,Aaron Nesmith,,SG,SF,"6'6""",3 & D Wing,-2.3,,,,,,,,,,,,,D<85 no S7-9 mins,,,,,,,,,,,,,,,,,,,,,,,,,,,,2,,,,,,,,,,,,,,,,,,,,,79.0,76.0,72.0,78.0,0.0,,77.0,83.0,64.0,80.0,82.0,85.0,70.0,76.0,78.0,76.0,52.0,79.0,87.0,85.0,81.0,62.0,77.0,35.0,55.0,53.0,57.0,57.0,78.0,85.0,62.0,69.0,70.0,64.0,65.0,42.0,64.0,72.0,76.0,37.0,55.0,76.0,57.0,75.0,54.0,49.0,58.0,,95.0,7,0,0,1,3,3,2.0,,,3.0,,,,,,,1.0,,,,,,,,,,,,1.0,,,,,,,,2.0,,,,,,,,2.0,1.0,,,,,,,,,,,,,,,,,,,,,,,,,,,,,,,,,,,,,,,,,,,,,,,,,,,,,,,,,,,,,,,,,,,,,,,,,,,,
532,Jonathan Kuminga,,PF,SF,"6'7""",Blow-By Dual Finisher,-2.3,,,,,,,,,,,,,D<85 no S7-9 mins,,,,,,,,,,,,,,,,,,,,,,,,,,,,2,,,,,,,,,,,,,,,,,,,,,80.0,73.0,73.0,84.0,85.0,,74.0,93.0,50.0,79.0,75.0,70.0,80.0,83.0,84.0,84.0,73.0,90.0,88.0,80.0,80.0,69.0,89.0,65.0,85.0,49.0,50.0,50.0,79.0,85.0,68.0,69.0,67.0,75.0,68.0,63.0,60.0,73.0,73.0,33.0,50.0,70.0,69.0,50.0,68.0,58.0,78.0,30.0,95.0,6,0,0,4,1,1,,,,,,3.0,1.0,,2.0,,3.0,,,3.0,,,,,,,,,,,,,,,,,,,,,,,,,,3.0,,,,,,,,,,,,,,,,,,,,,,,,,,,,,,,,,,,,,,,,,,,,,,,,,,,,,,,,,,,,,,,,,,,,,,,,,,,,
566,Aaron McKie,,PG,SG,"6'5""",,-2.3,,,,,,,,,,,,,D<85 no S7-9 mins,,,,,,,,,,,,,,,,,,,,,,,,,,,,2,,,,,,,,,,,,,,,,,,,,,79.0,75.0,66.0,79.0,25.0,,78.0,82.0,89.0,79.0,76.0,70.0,70.0,76.0,79.0,82.0,60.0,62.0,87.0,80.0,83.0,64.0,84.0,55.0,62.0,37.0,57.0,55.0,65.0,95.0,79.0,79.0,83.0,79.0,79.0,73.0,66.0,66.0,75.0,71.0,30.0,83.0,66.0,70.0,45.0,33.0,57.0,80.0,89.0,3,0,0,0,2,1,,,,,,,2.0,,2.0,,,,,,,,,,,,,1.0,,,,,,,,,,,,,,,,,,,,,,,,,,,,,,,,,,,,,,,,,,,,,,,,,,,,,,,,,,,,,,,,,,,,,,,,,,,,,,,,,,,,,,,,,,,,,,
1010,Keith Bogans,,SG,,"6'5""",,-2.3,,,,,,,,,,,,,D<85 no S7-9 mins,,,,,,,,,,,,,,,,,,,,,,,,,,,,2,,,,,,,,,,,,,,,,,,,,,73.0,57.0,34.0,84.0,35.0,,69.0,69.0,70.0,82.0,65.0,68.0,58.0,73.0,84.0,57.0,33.0,83.0,83.0,89.0,80.0,58.0,83.0,33.0,63.0,33.0,63.0,44.0,60.0,85.0,72.0,78.0,80.0,86.0,77.0,40.0,51.0,34.0,57.0,42.0,37.0,65.0,65.0,59.0,42.0,33.0,50.0,94.0,85.0,0,0,0,0,0,0,,,,,,,,,,,,,,,,,,,,,,,,,,,,,,,,,,,,,,,,,,,,,,,,,,,,,,,,,,,,,,,,,,,,,,,,,,,,,,,,,,,,,,,,,,,,,,,,,,,,,,,,,,,,,,,,,,,,
1039,Liam McNeeley,,SF,SG,"6'7""",3PT-Creating Point Forward,-2.3,,,,,,,,,,,,,D<85 no S7-9 mins,,,,,,,,,,,,,,,,,,,,,,,,,,,,2,,,,,,,,,,,,,,,,,,,,,72.0,62.0,51.0,81.0,25.0,,68.0,56.0,70.0,82.0,81.0,60.0,60.0,74.0,81.0,73.0,54.0,72.0,84.0,80.0,80.0,53.0,67.0,40.0,60.0,38.0,39.0,39.0,58.0,85.0,65.0,68.0,69.0,70.0,68.0,51.0,50.0,51.0,62.0,47.0,37.0,58.0,57.0,40.0,54.0,42.0,66.0,60.0,95.0,1,0,0,0,0,1,,,,1.0,,,,,,,,,,,,,,,,,,,,,,,,,,,,,,,,,,,,,,,,,,,,,,,,,,,,,,,,,,,,,,,,,,,,,,,,,,,,,,,,,,,,,,,,,,,,,,,,,,,,,,,,,,,,,,,,
330,Kendall Gill,,SG,SF,"6'5""",,-2.3,,,,,,,,,,,,,D<85 no S7-9 mins,,,,449.0,,,,,,,,,,,,,,,,,,,,,,,,2,,,,,,10.9,,0.33,0.0,0.0,3.82,0.86,2.7,,4.9,0.5,0.5,0.0,7.0,9.4,85.0,78.0,56.0,79.0,30.0,,85.0,88.0,84.0,77.0,80.0,98.0,85.0,86.0,79.0,80.0,70.0,85.0,98.0,98.0,90.0,72.0,82.0,65.0,90.0,52.0,74.0,48.0,79.0,84.0,76.0,77.0,75.0,70.0,95.0,62.0,77.0,56.0,78.0,79.0,55.0,90.0,88.0,90.0,54.0,52.0,55.0,65.0,92.0,6,0,0,3,2,1,2.0,1.0,,,2.0,,,,,,,,,,,,,,,,,,,,,,3.0,,,,,,,3.0,,,,,3.0,,,7.0,66.0,20.0,9.0,5.0,1.0,1.0,0.0,7.0,27.0,0.0,4.0,6.0,7.0,1.0,8.0,0.0,9.4,2.9,1.3,0.7,0.1,0.1,0.0,0.1,1.1,0.0,0.26,0.3,0.0,0.86,10.9,4.9,2.7,0.5,0.5,0.0,0.5,4.4,0.0,,,,,0.26,0.33,0.14,0.3,,,,,,,,,,,,,,,,,,,,,,,,,,,
662,Dante Exum,,SG,SF,"6'5""",2-Way 3PT Shot Hunter,-2.3,,,,,,,,,,,,,D<85 no S7-9 mins,,,,,,,,,,,,,,,,,,,,,,,,,,,,2,,,,,,,,,,,,,,,,,,,,,75.0,78.0,27.0,79.0,25.0,,72.0,83.0,73.0,84.0,74.0,70.0,50.0,74.0,79.0,79.0,48.0,77.0,80.0,75.0,83.0,53.0,75.0,25.0,60.0,28.0,55.0,40.0,52.0,85.0,74.0,73.0,75.0,79.0,73.0,72.0,64.0,27.0,78.0,63.0,51.0,78.0,78.0,75.0,39.0,30.0,47.0,75.0,85.0,10,0,0,0,3,7,,,,2.0,,,2.0,,1.0,,1.0,,,,,,,1.0,2.0,,,,1.0,,1.0,,,,1.0,,1.0,,,,,,,,,,,,,,,,,,,,,,,,,,,,,,,,,,,,,,,,,,,,,,,,,,,,,,,,,,,,,,,,,,,,,,,,,,,,,,,,,,,,,
351,Isaiah Rider,,SG,,"6'5""",,-2.3,,,,,,,,,,,,,D<85 no S7-9 mins,,398.0,348.0,433.0,,,,,,,,,,,,,,,,,,,,,,,,2,,,,,,0.0,,,0.0,,0.0,,0.0,,0.0,0.0,0.0,,1.0,1.0,84.0,73.0,59.0,84.0,30.0,,86.0,90.0,88.0,83.0,85.0,84.0,85.0,82.0,84.0,76.0,55.0,97.0,94.0,75.0,93.0,73.0,91.0,55.0,96.0,44.0,58.0,65.0,79.0,94.0,74.0,74.0,85.0,80.0,72.0,60.0,66.0,59.0,73.0,72.0,45.0,64.0,73.0,75.0,49.0,46.0,51.0,25.0,89.0,8,0,1,5,1,1,,,,,3.0,3.0,3.0,,3.0,,2.0,,,4.0,,,1.0,,,,,,,,,,,,,,,,,,,,,,3.0,,,1.0,1.0,0.0,0.0,0.0,0.0,0.0,0.0,0.0,0.0,0.0,0.0,0.0,0.0,0.0,0.0,0.0,1.0,0.0,0.0,0.0,0.0,0.0,0.0,0.0,0.0,0.0,,,,,0.0,0.0,0.0,0.0,0.0,0.0,0.0,0.0,0.0,,,,,,,0.0,0.0,,,,,,,,,,,,,,,,,,,,,,,,,,,
875,Daeqwon Plowden,,SF,SG,"6'6""",Blow-By High Flyer,-2.3,,,,,,,,,,,,,D<85 no S7-9 mins,,,,,,,,,,,,,,,,,,,,,,,,,,,,2,,,,,,,,,,,,,,,,,,,,,72.0,66.0,46.0,83.0,0.0,,65.0,58.0,68.0,75.0,77.0,60.0,50.0,78.0,83.0,82.0,62.0,83.0,80.0,75.0,80.0,57.0,79.0,40.0,80.0,47.0,44.0,47.0,37.0,80.0,60.0,60.0,67.0,76.0,62.0,33.0,53.0,46.0,66.0,35.0,47.0,65.0,62.0,50.0,51.0,55.0,47.0,,95.0,0,0,0,0,0,0,,,,,,,,,,,,,,,,,,,,,,,,,,,,,,,,,,,,,,,,,,,,,,,,,,,,,,,,,,,,,,,,,,,,,,,,,,,,,,,,,,,,,,,,,,,,,,,,,,,,,,,,,,,,,,,,,,,,
870,Collin Murray-Boyles,,PF,C,"6'7""",Shot-Erasing Crasher,-2.3,,,,,,,,,,,,,D<85 no S7-9 mins,,,,,,,,,,,,,,,,,,,,,,,,,,,,2,,,,,,,,,,,,,,,,,,,,,80.0,74.0,72.0,83.0,50.0,,71.0,81.0,49.0,79.0,65.0,80.0,70.0,82.0,83.0,86.0,70.0,75.0,85.0,95.0,80.0,70.0,81.0,55.0,75.0,65.0,65.0,65.0,67.0,85.0,66.0,67.0,74.0,74.0,70.0,46.0,69.0,72.0,74.0,59.0,77.0,70.0,68.0,65.0,68.0,80.0,57.0,80.0,95.0,10,0,0,0,3,7,,,,,,,,,,1.0,1.0,,,,,,,,,,,,1.0,,,1.0,,2.0,1.0,1.0,2.0,,,,,,2.0,,,1.0,,,,,,,,,,,,,,,,,,,,,,,,,,,,,,,,,,,,,,,,,,,,,,,,,,,,,,,,,,,,,,,,,,,,,,,,,,,,
340,Brad Davis,,PG,,"6'3""",,-2.3,,,,,,,,,,,,,D<85 no S7-9 mins,,368.0,,415.0,,,,,,,,,,,,,,,,,,,,,,,,2,,,,,,13.3,,0.88,1.9,0.5,0.0,,15.2,,0.0,0.0,0.0,,7.0,2.7,84.0,76.0,40.0,80.0,0.0,,84.0,78.0,80.0,84.0,82.0,98.0,80.0,78.0,80.0,76.0,50.0,70.0,90.0,98.0,85.0,54.0,81.0,25.0,68.0,36.0,44.0,25.0,65.0,90.0,85.0,84.0,86.0,80.0,95.0,78.0,65.0,40.0,76.0,60.0,27.0,85.0,84.0,85.0,35.0,31.0,38.0,65.0,92.0,11,0,0,7,3,1,,,,,2.0,,2.0,,2.0,,,,,,,,3.0,,3.0,3.0,3.0,1.0,,,3.0,,3.0,,,,,,,3.0,,,,,,,,7.0,19.0,7.0,0.0,8.0,0.0,0.0,0.0,3.0,4.0,1.0,2.0,0.0,0.0,0.0,0.0,0.0,2.7,1.0,0.0,1.1,0.0,0.0,0.0,0.0,0.0,0.0,0.75,1.0,0.5,,13.3,0.0,15.2,0.0,0.0,0.0,0.0,0.0,0.0,,,,,0.88,0.88,0.0,0.37,,,,,,,,,,,,,,,,,,,,,,,,,,,
293,Byron Scott,1986-87 Lakers,SG,PG,"6'3""",,-2.3,,,,,,,,,,,,,D<85 no S7-9 mins,,397.0,378.0,445.0,,,,,,,,,,,,,,,,,,,,,,,,2,,,,,,,,,,,,,,,,,,,,,82.0,74.0,49.0,82.0,25.0,,84.0,87.0,88.0,90.0,89.0,70.0,80.0,80.0,82.0,76.0,55.0,85.0,90.0,83.0,90.0,62.0,88.0,50.0,80.0,25.0,63.0,36.0,66.0,90.0,72.0,70.0,80.0,79.0,78.0,53.0,62.0,49.0,74.0,69.0,35.0,73.0,65.0,70.0,42.0,38.0,46.0,70.0,92.0,5,0,0,5,0,0,,3.0,3.0,3.0,3.0,,,,,,,,,,,,,,,,,,,,,,,,,,,,,,,,,,3.0,,,,,,,,,,,,,,,,,,,,,,,,,,,,,,,,,,,,,,,,,,,,,,,,,,,,,,,,,,,,,,,,,,,,,,,,,,,,,
860,Chris Manon,,SG,SF,"6'5""",Ball-Hawking High Flyer,-2.3,,,,,,,,,,,,,D<85 no S7-9 mins,,,,,,,,,,,,,,,,,,,,,,,,,,,,2,,,,,,,,,,,,,,,,,,,,,68.0,70.0,50.0,83.0,,,60.0,71.0,68.0,69.0,74.0,50.0,30.0,81.0,83.0,84.0,58.0,88.0,80.0,95.0,80.0,54.0,74.0,30.0,85.0,42.0,44.0,44.0,40.0,70.0,65.0,69.0,68.0,70.0,65.0,54.0,65.0,50.0,70.0,79.0,55.0,65.0,77.0,60.0,44.0,40.0,47.0,40.0,95.0,0,0,0,0,0,0,,,,,,,,,,,,,,,,,,,,,,,,,,,,,,,,,,,,,,,,,,,,,,,,,,,,,,,,,,,,,,,,,,,,,,,,,,,,,,,,,,,,,,,,,,,,,,,,,,,,,,,,,,,,,,,,,,,,
859,Chris Livingston,,PF,SF,"6'6""",High-Flying Wing Runner,-2.3,,,,,,,,,,,,,D<85 no S7-9 mins,,,,,,,,,,,,,,,,,,,,,,,,,,,,2,,,,,,,,,,,,,,,,,,,,,69.0,64.0,52.0,80.0,50.0,,64.0,76.0,68.0,70.0,72.0,60.0,35.0,75.0,80.0,80.0,54.0,83.0,85.0,65.0,80.0,56.0,76.0,50.0,80.0,39.0,44.0,40.0,37.0,79.0,58.0,65.0,69.0,68.0,52.0,34.0,52.0,52.0,64.0,47.0,48.0,52.0,62.0,40.0,52.0,52.0,51.0,40.0,82.0,0,0,0,0,0,0,,,,,,,,,,,,,,,,,,,,,,,,,,,,,,,,,,,,,,,,,,,,,,,,,,,,,,,,,,,,,,,,,,,,,,,,,,,,,,,,,,,,,,,,,,,,,,,,,,,,,,,,,,,,,,,,,,,,
848,Caleb Love,,PG,SG,"6'4""",Iso Sniper,-2.3,,,,,,,,,,,,,D<85 no S7-9 mins,,,,,,,,,,,,,,,,,,,,,,,,,,,,2,,,,,,,,,,,,,,,,,,,,,77.0,65.0,34.0,83.0,50.0,,78.0,75.0,91.0,76.0,74.0,80.0,75.0,72.0,83.0,75.0,51.0,74.0,82.0,70.0,80.0,52.0,79.0,25.0,65.0,25.0,37.0,25.0,75.0,85.0,76.0,74.0,79.0,81.0,78.0,66.0,47.0,34.0,65.0,40.0,35.0,58.0,57.0,40.0,44.0,38.0,51.0,85.0,95.0,6,0,0,0,2,4,1.0,,,1.0,2.0,,1.0,,,,,,,,,,,1.0,,,,,,,2.0,,,,,,,,,,,,,,,,,,,,,,,,,,,,,,,,,,,,,,,,,,,,,,,,,,,,,,,,,,,,,,,,,,,,,,,,,,,,,,,,,,,,,,,,,,,
847,Caleb Houstan,,SF,SG,"6'8""",2-Way Iso Sniper,-2.3,,,,,,,,,,,,,D<85 no S7-9 mins,,,,,,,,,,,,,,,,,,,,,,,,,,,,2,,,,,,,,,,,,,,,,,,,,,73.0,80.0,47.0,78.0,94.0,,72.0,74.0,76.0,83.0,84.0,70.0,45.0,71.0,78.0,82.0,40.0,72.0,86.0,70.0,80.0,42.0,70.0,25.0,25.0,32.0,32.0,32.0,44.0,80.0,60.0,62.0,70.0,72.0,65.0,30.0,62.0,47.0,80.0,40.0,40.0,78.0,68.0,80.0,40.0,36.0,44.0,70.0,95.0,3,0,0,0,0,3,,,,,,,,,,,,,,,,,,,,,,,,,,1.0,,,,,1.0,,,1.0,,,,,,,,,,,,,,,,,,,,,,,,,,,,,,,,,,,,,,,,,,,,,,,,,,,,,,,,,,,,,,,,,,,,,,,,,,,,,,,,,,
204,Jim Jackson,,SG,,"6'6""",,-2.3,,,,,,,,,,,,,D<85 no S7-9 mins,,323.0,376.0,355.0,,,,,,,,,,,,,,,,,,,,,,,,2,,,,,,7.9,,0.38,0.0,0.0,2.16,0.33,4.3,,3.6,0.0,0.0,,12.0,4.2,88.0,79.0,59.0,81.0,15.0,,90.0,93.0,90.0,80.0,83.0,98.0,98.0,86.0,81.0,79.0,75.0,82.0,97.0,91.0,95.0,78.0,92.0,60.0,75.0,72.0,70.0,69.0,89.0,95.0,79.0,79.0,82.0,79.0,82.0,72.0,72.0,59.0,79.0,75.0,50.0,82.0,81.0,80.0,59.0,57.0,60.0,50.0,92.0,5,0,0,2,3,0,3.0,,,,2.0,,2.0,,2.0,,3.0,,,,,,,,,,,,,,,,,,,,,,,,,,,,,,,12.0,50.0,11.0,5.0,6.0,0.0,0.0,0.0,5.0,13.0,0.0,4.0,1.0,3.0,0.0,5.0,4.0,4.2,0.9,0.4,0.5,0.0,0.0,0.0,0.0,0.4,0.3,0.38,0.56,0.0,0.33,7.9,3.6,4.3,0.0,0.0,0.0,0.0,3.6,2.9,,,,,0.38,0.38,0.1,0.22,,,,,,,,,,,,,,,,,,,,,,,,,,,
993,Johnny Furphy,,SF,SG,"6'9""",Crafty 3PT-Sniping Cleaner,-2.3,,,,,,,,,,,,,D<85 no S7-9 mins,,,,,,,,,,,,,,,,,,,,,,,,,,,,2,,,,,,,,,,,,,,,,,,,,,74.0,57.0,52.0,79.0,0.0,,72.0,89.0,77.0,79.0,49.0,75.0,60.0,75.0,79.0,63.0,54.0,79.0,85.0,90.0,80.0,60.0,79.0,60.0,60.0,47.0,52.0,49.0,48.0,85.0,55.0,60.0,59.0,60.0,64.0,33.0,51.0,52.0,57.0,49.0,50.0,52.0,48.0,50.0,64.0,52.0,77.0,75.0,95.0,0,0,0,0,0,0,,,,,,,,,,,,,,,,,,,,,,,,,,,,,,,,,,,,,,,,,,,,,,,,,,,,,,,,,,,,,,,,,,,,,,,,,,,,,,,,,,,,,,,,,,,,,,,,,,,,,,,,,,,,,,,,,,,,
986,John Battle,,SG,,"6'2""",,-2.3,,,,,,,,,,,,,D<85 no S7-9 mins,,,,,,,,,,,,,,,,,,,,,,,,,,,,2,,,,,,,,,,,,,,,,,,,,,72.0,61.0,41.0,79.0,0.0,,69.0,75.0,74.0,60.0,73.0,70.0,60.0,75.0,79.0,75.0,54.0,79.0,86.0,75.0,80.0,54.0,84.0,25.0,60.0,37.0,39.0,39.0,70.0,74.0,66.0,67.0,70.0,74.0,68.0,52.0,49.0,41.0,61.0,47.0,30.0,57.0,54.0,50.0,36.0,31.0,41.0,85.0,89.0,2,0,0,0,0,2,,,,,,,,,1.0,,,,,,,,,,,,1.0,,,,,,,,,,,,,,,,,,,,,,,,,,,,,,,,,,,,,,,,,,,,,,,,,,,,,,,,,,,,,,,,,,,,,,,,,,,,,,,,,,,,,,,,,,,,,,,
315,Jim Paxson,,SG,PG,"6'6""",,-2.3,,,,,,,,,,,,,D<85 no S7-9 mins,,336.0,407.0,399.0,,,,,,,,,,,,,,,,,,,,,,,,2,,,,,,,,,,,,,,,,,,,,,85.0,81.0,55.0,84.0,15.0,,88.0,94.0,84.0,70.0,89.0,98.0,95.0,84.0,84.0,82.0,65.0,77.0,98.0,98.0,82.0,73.0,90.0,50.0,70.0,62.0,69.0,54.0,89.0,98.0,83.0,84.0,86.0,81.0,83.0,83.0,74.0,55.0,81.0,82.0,37.0,85.0,85.0,90.0,57.0,55.0,59.0,40.0,92.0,9,0,0,2,5,2,,,,,,,3.0,,3.0,,,,,,,,2.0,,,2.0,,2.0,,,2.0,,1.0,1.0,,,,,,2.0,,,,,,,,,,,,,,,,,,,,,,,,,,,,,,,,,,,,,,,,,,,,,,,,,,,,,,,,,,,,,,,,,,,,,,,,,,,,,,,,,,
313,Corey Maggette,,SF,SG,"6'6""",,-2.3,,,,,,,,,,,,,D<85 no S7-9 mins,,304.0,317.0,414.0,,,,,,,,,,,,,,,,,,,,,,,,2,,,,,,27.8,,0.68,3.3,0.5,1.64,1.0,3.3,2.0,1.6,0.0,0.0,,4.0,5.5,86.0,80.0,68.0,83.0,45.0,,86.0,80.0,87.0,83.0,86.0,88.0,90.0,85.0,83.0,80.0,80.0,85.0,95.0,90.0,79.0,75.0,85.0,65.0,85.0,40.0,80.0,70.0,82.0,89.0,73.0,78.0,79.0,71.0,77.0,58.0,71.0,68.0,80.0,70.0,55.0,75.0,78.0,70.0,52.0,48.0,56.0,75.0,92.0,3,0,0,3,0,0,,,,,3.0,3.0,,,,,3.0,,,,,,,,,,,,,,,,,,,,,,,,,,,,,,,4.0,22.0,17.0,1.0,2.0,0.0,0.0,1.0,7.0,12.0,2.0,4.0,1.0,1.0,0.0,1.0,1.0,5.5,4.3,0.3,0.5,0.0,0.0,0.3,0.0,0.2,0.2,0.58,0.62,0.5,1.0,27.8,1.6,3.3,0.0,0.0,1.6,0.0,1.6,1.6,,,,,0.67,0.68,0.05,0.77,,,,,,,,,,,,,,,,,,,,,,,,,,,
311,Eddie Johnson,,SG,SF,"6'7""",,-2.3,,,,,,,,,,,,,D<85 no S7-9 mins,,418.0,,389.0,,,,,,,,,,,,,,,,,,,,,,,,2,,,,,,5.2,-1.5,0.39,0.5,0.18,1.61,0.89,4.1,5.75,3.2,0.2,0.0,0.0,9.0,22.3,86.0,80.0,65.0,84.0,20.0,,86.0,85.0,84.0,73.0,83.0,98.0,95.0,85.0,84.0,81.0,65.0,87.0,95.0,95.0,88.0,71.0,85.0,50.0,80.0,49.0,75.0,55.0,85.0,85.0,77.0,79.0,80.0,76.0,80.0,69.0,72.0,65.0,80.0,70.0,52.0,80.0,80.0,75.0,53.0,51.0,55.0,75.0,92.0,9,0,0,3,5,1,,,,,,,3.0,,3.0,,2.0,,,,,,,3.0,,,,,,,,,,2.0,,,2.0,,,1.0,,,,,2.0,2.0,,9.0,201.0,29.0,18.0,23.0,1.0,0.0,4.0,9.0,33.0,3.0,17.0,8.0,9.0,0.0,18.0,6.0,22.3,3.2,2.0,2.6,0.1,0.0,0.4,0.0,2.0,0.7,0.27,0.38,0.18,0.89,5.2,3.2,4.1,0.2,0.0,0.7,0.0,3.2,1.1,,,,,0.32,0.39,0.09,0.14,,,,,,,,,,,,,,,,,,,,,,,,,,,
307,Reggie Theus,,PG,SG,"6'7""",,-2.3,,,,,,,,,,,,,D<85 no S7-9 mins,,372.0,,443.0,,,,,,,,,,,,,,,,,,,,,,,,2,,,,,,7.8,,0.48,0.0,0.0,2.92,0.67,7.8,8.0,2.9,1.9,0.0,0.0,3.0,12.3,86.0,78.0,55.0,81.0,50.0,,86.0,89.0,88.0,69.0,87.0,92.0,90.0,81.0,81.0,82.0,58.0,83.0,94.0,86.0,82.0,74.0,93.0,70.0,70.0,55.0,65.0,70.0,82.0,89.0,88.0,84.0,89.0,83.0,90.0,92.0,67.0,55.0,78.0,71.0,40.0,79.0,68.0,75.0,47.0,42.0,52.0,65.0,92.0,13,0,0,5,6,2,,,,,,,3.0,,3.0,,2.0,,2.0,,,,2.0,3.0,,2.0,,,3.0,3.0,2.0,,1.0,1.0,,,,,,2.0,,,,,,,,3.0,37.0,8.0,3.0,8.0,2.0,0.0,1.0,3.0,7.0,0.0,1.0,2.0,3.0,0.0,3.0,3.0,12.3,2.7,1.0,2.7,0.7,0.0,0.3,0.0,1.0,1.0,0.43,0.5,0.0,0.67,7.8,2.9,7.8,1.9,0.0,1.0,0.0,2.9,2.9,,,,,0.43,0.48,0.08,0.22,,,,,,,,,,,,,,,,,,,,,,,,,,,
781,Blake Griffin,,PF,C,"6'10""",,-2.3,,,,,,,,,,,,,D<85 no S7-9 mins,215.0,,,209.0,,,,,,,,,,,,,,,,,,,,,,,,2,,,,,,11.7,-0.52,0.56,0.0,0.0,2.58,0.64,3.0,6.5,8.1,1.2,0.1,0.0,23.0,13.3,90.0,50.0,79.0,79.0,25.0,,82.0,96.0,75.0,68.0,72.0,80.0,98.0,84.0,79.0,50.0,94.0,90.0,95.0,95.0,88.0,87.0,78.0,99.0,98.0,79.0,79.0,92.0,83.0,91.0,74.0,72.0,75.0,75.0,74.0,72.0,63.0,79.0,50.0,61.0,47.0,72.0,70.0,65.0,85.0,82.0,88.0,60.0,95.0,13,0,3,6,3,1,,,,3.0,,4.0,,,3.0,,4.0,3.0,2.0,4.0,3.0,3.0,1.0,,2.0,,,,,,,,,,,,,,,,,2.0,,3.0,,,,23.0,307.0,100.0,69.0,26.0,10.0,1.0,4.0,43.0,80.0,0.0,1.0,14.0,22.0,10.0,59.0,11.0,13.3,4.3,3.0,1.1,0.4,0.0,0.2,0.4,2.6,0.5,0.54,0.54,0.0,0.64,11.7,8.1,3.0,1.2,0.1,0.5,1.2,6.9,1.3,,,,,0.54,0.56,0.22,0.33,,,,,,,,,,,,,,,,,,,,,,,,,,,
306,Kelly Tripucka,,SG,SF,"6'6""",,-2.3,,,,,,,,,,,,,D<85 no S7-9 mins,273.0,255.0,282.0,263.0,,,,,,,,,,,,,,,,,,,,,,,,2,,,,,,14.7,-0.08,0.64,2.9,0.58,1.4,1.0,2.5,1.8,3.4,0.4,0.0,0.0,25.0,10.3,86.0,77.0,57.0,79.0,30.0,,90.0,86.0,89.0,91.0,87.0,90.0,95.0,79.0,79.0,75.0,73.0,40.0,98.0,98.0,89.0,66.0,85.0,30.0,60.0,57.0,58.0,54.0,86.0,98.0,74.0,76.0,72.0,74.0,76.0,73.0,67.0,57.0,77.0,65.0,38.0,75.0,70.0,85.0,57.0,55.0,58.0,40.0,95.0,6,0,0,5,0,1,3.0,3.0,,3.0,3.0,,,,,,1.0,,,,,,,,,,,,,,,,,,,,,,,,,,,,3.0,,,25.0,257.0,105.0,24.0,18.0,3.0,0.0,10.0,37.0,78.0,21.0,36.0,10.0,10.0,1.0,23.0,13.0,10.3,4.2,1.0,0.7,0.1,0.0,0.4,0.0,0.9,0.5,0.47,0.38,0.58,1.0,14.7,3.4,2.5,0.4,0.0,1.4,0.1,3.2,1.8,,,,,0.61,0.64,0.09,0.41,,,,,,,,,,,,,,,,,,,,,,,,,,,
301,Kevin Martin,,SG,SF,"6'7""",,-2.3,,,,,,,,,,,,,D<85 no S7-9 mins,,364.0,336.0,350.0,,,,,,,,,,,,,,,,,,,,,,,,2,,,,,,14.8,,0.61,3.2,0.4,0.0,,1.6,1.5,3.2,1.1,0.0,0.0,7.0,9.7,86.0,79.0,32.0,81.0,20.0,,90.0,80.0,90.0,88.0,88.0,98.0,98.0,68.0,81.0,68.0,31.0,69.0,93.0,58.0,79.0,66.0,87.0,40.0,62.0,50.0,66.0,44.0,84.0,98.0,81.0,82.0,82.0,80.0,82.0,80.0,57.0,32.0,79.0,59.0,30.0,77.0,75.0,50.0,59.0,59.0,59.0,98.0,92.0,5,0,0,3,0,2,,3.0,,,3.0,,1.0,,1.0,,,,,,,,,,,,,,,,,,,,,,,,,,,,,,3.0,,,7.0,68.0,28.0,6.0,3.0,2.0,0.0,2.0,11.0,23.0,6.0,15.0,0.0,0.0,0.0,6.0,2.0,9.7,4.0,0.9,0.4,0.3,0.0,0.3,0.0,0.9,0.3,0.48,0.62,0.4,,14.8,3.2,1.6,1.1,0.0,1.1,0.0,3.2,1.1,,,,,0.61,0.61,0.09,0.41,,,,,,,,,,,,,,,,,,,,,,,,,,,
300,Austin Carr,,SG,,"6'4""",,-2.3,,,,,,,,,,,,,D<85 no S7-9 mins,,,,,,,,,,,,,,,,,,,,,,,,,,,,2,,,,,,,,,,,,,,,,,,,,,86.0,76.0,60.0,81.0,0.0,,88.0,88.0,90.0,76.0,86.0,95.0,95.0,82.0,81.0,80.0,60.0,84.0,93.0,86.0,88.0,68.0,87.0,50.0,85.0,29.0,75.0,55.0,80.0,85.0,71.0,68.0,86.0,78.0,69.0,52.0,71.0,60.0,76.0,81.0,52.0,77.0,78.0,75.0,43.0,41.0,45.0,98.0,92.0,6,0,0,2,4,0,2.0,,,,,,3.0,,3.0,,2.0,,,,,,,,,,,,2.0,2.0,,,,,,,,,,,,,,,,,,,,,,,,,,,,,,,,,,,,,,,,,,,,,,,,,,,,,,,,,,,,,,,,,,,,,,,,,,,,,,,,,,,,,,,,,,,,
408,Trey Murphy III,,SG,SF,"6'8""",Crafty 3-Level Scorer,-2.3,,,,,,,,,,,,,D<85 no S7-9 mins,,,,371.0,,,,,,,,,,,,,,,,,,,,,,,,2,,,,,,13.6,-0.24,0.65,1.7,0.32,1.23,0.8,3.5,4.67,3.0,0.2,0.5,0.0,15.0,9.7,86.0,69.0,69.0,84.0,15.0,,85.0,79.0,82.0,81.0,89.0,90.0,90.0,79.0,84.0,76.0,60.0,82.0,85.0,85.0,80.0,66.0,81.0,65.0,88.0,42.0,44.0,43.0,82.0,80.0,65.0,59.0,64.0,74.0,64.0,62.0,62.0,69.0,69.0,63.0,42.0,69.0,59.0,65.0,52.0,41.0,64.0,95.0,95.0,17,0,0,7,9,1,2.0,3.0,,3.0,1.0,3.0,2.0,,2.0,2.0,2.0,,,3.0,,,,3.0,2.0,,,,2.0,,,,,2.0,,,2.0,,,,,,,,3.0,3.0,,15.0,146.0,55.0,12.0,14.0,1.0,2.0,3.0,22.0,40.0,7.0,22.0,4.0,5.0,1.0,11.0,4.0,9.7,3.7,0.8,0.9,0.1,0.1,0.2,0.1,0.7,0.3,0.55,0.83,0.32,0.8,13.6,3.0,3.5,0.2,0.5,0.7,0.2,2.7,1.0,,,,,0.64,0.65,0.08,0.38,,,,,,,,,,,,,,,,,,,,,,,,,,,
407,Norman Powell,,SF,SG,"6'4""",Crafty Iso Savant,-2.3,,,,,,,,,,,,,D<85 no S7-9 mins,,327.0,379.0,413.0,,,,,,,,,,,,,,,,,,,,,,,,2,,,,,,7.2,,0.5,0.0,,0.0,,3.6,,0.0,0.0,0.0,,3.0,3.3,85.0,79.0,50.0,79.0,35.0,,86.0,97.0,78.0,84.0,83.0,80.0,95.0,78.0,79.0,80.0,46.0,80.0,92.0,90.0,82.0,54.0,87.0,25.0,80.0,30.0,32.0,28.0,65.0,88.0,71.0,74.0,79.0,77.0,75.0,50.0,65.0,50.0,79.0,56.0,42.0,77.0,74.0,75.0,42.0,31.0,52.0,,95.0,10,0,0,2,7,1,2.0,1.0,,2.0,3.0,2.0,,,2.0,,3.0,,,2.0,,,,,,,,,2.0,,,,,,,,,,,,,,,,2.0,,,3.0,10.0,2.0,0.0,1.0,0.0,0.0,0.0,1.0,2.0,0.0,0.0,0.0,0.0,0.0,0.0,0.0,3.3,0.7,0.0,0.3,0.0,0.0,0.0,0.0,0.0,0.0,0.5,0.5,,,7.2,0.0,3.6,0.0,0.0,0.0,0.0,0.0,0.0,,,,,0.5,0.5,0.0,0.2,,,,,,,,,,,,,,,,,,,,,,,,,,,
403,J.R. Smith,2007-08 Nuggets,SG,SF,"6'6""",,-2.3,,,,,,,,,,,,,D<85 no S7-9 mins,,,,438.0,,,,,,,,,,,,,,,,,,,,,,,,2,,,,,,16.2,0.15,0.57,4.0,0.48,2.88,0.75,4.3,4.0,2.2,0.7,0.4,0.0,13.0,7.7,79.0,73.0,45.0,81.0,20.0,,73.0,64.0,80.0,82.0,71.0,58.0,85.0,79.0,81.0,79.0,52.0,88.0,92.0,85.0,79.0,59.0,82.0,40.0,85.0,25.0,62.0,45.0,44.0,90.0,73.0,78.0,80.0,72.0,79.0,55.0,58.0,45.0,73.0,63.0,42.0,68.0,62.0,50.0,40.0,35.0,45.0,85.0,92.0,7,0,1,4,1,1,,3.0,,,4.0,3.0,,,2.0,,,,,3.0,,,1.0,,,,,,,,,,,,,,,,,,,,,,3.0,,,13.0,100.0,45.0,6.0,12.0,2.0,1.0,3.0,14.0,36.0,11.0,23.0,6.0,8.0,2.0,4.0,3.0,7.7,3.5,0.5,0.9,0.2,0.1,0.2,0.2,0.3,0.2,0.39,0.23,0.48,0.75,16.2,2.2,4.3,0.7,0.4,1.1,0.7,1.4,1.1,,,,,0.54,0.57,0.06,0.45,,,,,,,,,,,,,,,,,,,,,,,,,,,
883,Darrell Walker,,PG,,"6'4""",,-2.3,,,,,,,,,,,,,D<85 no S7-9 mins,,,,,,,,,,,,,,,,,,,,,,,,,,,,2,,,,,,,,,,,,,,,,,,,,,67.0,62.0,27.0,83.0,15.0,,60.0,72.0,69.0,42.0,60.0,65.0,50.0,73.0,83.0,69.0,50.0,74.0,85.0,77.0,75.0,48.0,74.0,25.0,70.0,32.0,43.0,25.0,35.0,80.0,75.0,74.0,76.0,83.0,75.0,69.0,48.0,27.0,62.0,63.0,35.0,54.0,49.0,45.0,39.0,35.0,43.0,60.0,89.0,2,0,0,0,0,2,,,,,,,,,,,,,,,,,,,,,,,,,1.0,,1.0,,,,,,,,,,,,,,,,,,,,,,,,,,,,,,,,,,,,,,,,,,,,,,,,,,,,,,,,,,,,,,,,,,,,,,,,,,,,,,,,,,,,,,,,,
787,DeMar DeRozan,Raptors,SG,SF,"6'7""",,-2.3,,,,,,,,,,,,,D<85 no S7-9 mins,249.0,,,292.0,,,,,,,,,,,,,,,,,,,,,,,,2,,,,,,9.7,,0.3,0.0,0.0,4.15,0.67,3.5,5.0,4.2,0.7,0.0,0.0,9.0,5.8,89.0,78.0,40.0,81.0,20.0,,90.0,98.0,96.0,65.0,84.0,98.0,98.0,82.0,81.0,83.0,48.0,88.0,98.0,85.0,91.0,78.0,96.0,55.0,90.0,40.0,78.0,74.0,97.0,94.0,79.0,78.0,81.0,83.0,79.0,75.0,61.0,40.0,78.0,61.0,35.0,74.0,73.0,65.0,50.0,40.0,60.0,68.0,92.0,9,0,0,5,3,1,2.0,,,2.0,,1.0,3.0,,3.0,,3.0,,,3.0,,,,3.0,,,,2.0,,,,,,,,,,,,,,,,,,,,9.0,52.0,14.0,6.0,5.0,1.0,0.0,1.0,5.0,21.0,0.0,2.0,4.0,6.0,0.0,6.0,0.0,5.8,1.6,0.7,0.6,0.1,0.0,0.1,0.0,0.7,0.0,0.24,0.26,0.0,0.67,9.7,4.2,3.5,0.7,0.0,0.7,0.0,4.2,0.0,,,,,0.24,0.3,0.12,0.27,,,,,,,,,,,,,,,,,,,,,,,,,,,
846,C.J. Watson,,PG,,"6'2""",,-2.3,,,,,,,,,,,,,D<85 no S7-9 mins,,,,,,,,,,,,,,,,,,,,,,,,,,,,2,,,,,,,,,,,,,,,,,,,,,75.0,83.0,38.0,80.0,0.0,,72.0,59.0,61.0,79.0,74.0,89.0,70.0,78.0,80.0,84.0,40.0,69.0,98.0,88.0,84.0,45.0,64.0,25.0,25.0,25.0,39.0,29.0,67.0,85.0,74.0,69.0,81.0,80.0,71.0,70.0,67.0,38.0,83.0,79.0,50.0,77.0,59.0,80.0,50.0,49.0,51.0,80.0,85.0,0,0,0,0,0,0,,,,,,,,,,,,,,,,,,,,,,,,,,,,,,,,,,,,,,,,,,,,,,,,,,,,,,,,,,,,,,,,,,,,,,,,,,,,,,,,,,,,,,,,,,,,,,,,,,,,,,,,,,,,,,,,,,,,
797,Michael Porter Jr.,,SF,PF,"6'10""",3PT-Sniping Cleaner,-2.3,,,,,,,,,,,,,D<85 no S7-9 mins,207.0,,,237.0,,,,,,,,,,,,,,,,,,,,,,,,2,,,,,,18.6,0.51,0.74,4.1,0.57,1.79,0.71,2.8,11.0,5.6,0.0,0.0,0.0,15.0,9.4,86.0,64.0,60.0,80.0,5.0,,84.0,91.0,73.0,84.0,86.0,80.0,90.0,81.0,80.0,81.0,68.0,88.0,88.0,80.0,66.0,68.0,92.0,60.0,80.0,50.0,62.0,68.0,55.0,80.0,70.0,65.0,78.0,77.0,62.0,67.0,54.0,60.0,64.0,46.0,42.0,60.0,68.0,40.0,64.0,47.0,80.0,90.0,95.0,11,0,0,4,7,0,3.0,2.0,,3.0,3.0,,,,2.0,,2.0,,,,,,,2.0,,,,,2.0,,,,,,,,,,,,,,2.0,,3.0,2.0,,15.0,141.0,73.0,22.0,11.0,0.0,0.0,1.0,26.0,46.0,16.0,28.0,5.0,7.0,0.0,22.0,3.0,9.4,4.9,1.5,0.7,0.0,0.0,0.1,0.0,1.5,0.2,0.56,0.56,0.57,0.71,18.6,5.6,2.8,0.0,0.0,0.3,0.0,5.6,0.8,,,,,0.74,0.74,0.16,0.52,,,,,,,,,,,,,,,,,,,,,,,,,,,
796,Paolo Banchero,Magic,PF,SF,"6'10""",Glass-Cleaning Rim Runner,-2.3,,,,,,,,,,,,,D<85 no S7-9 mins,208.0,,,261.0,,,,,,,,,,,,,,,,,,,,,,,,2,,,,,,12.1,-0.46,0.55,1.4,0.33,1.81,0.56,2.9,2.6,8.2,0.7,0.2,0.0,23.0,13.9,86.0,66.0,68.0,80.0,50.0,,78.0,85.0,70.0,78.0,77.0,70.0,85.0,82.0,80.0,80.0,77.0,83.0,90.0,85.0,80.0,84.0,90.0,75.0,85.0,80.0,80.0,80.0,89.0,95.0,75.0,74.0,76.0,74.0,78.0,71.0,57.0,68.0,66.0,36.0,56.0,64.0,67.0,45.0,63.0,42.0,84.0,80.0,95.0,20,0,0,5,8,7,2.0,,,1.0,2.0,2.0,1.0,,3.0,1.0,3.0,,2.0,3.0,1.0,2.0,,,2.0,2.0,,,3.0,,1.0,,,2.0,,,1.0,,,,,,,,1.0,3.0,,23.0,319.0,107.0,73.0,26.0,6.0,2.0,10.0,43.0,90.0,12.0,36.0,9.0,16.0,2.0,71.0,7.0,13.9,4.7,3.2,1.1,0.3,0.1,0.4,0.1,3.1,0.3,0.48,0.57,0.33,0.56,12.1,8.2,2.9,0.7,0.2,1.1,0.2,8.0,0.8,,,,,0.54,0.55,0.23,0.34,,,,,,,,,,,,,,,,,,,,,,,,,,,
1008,Keaton Wallace,,PG,SG,"6'3""",Ball-Hawking 3PT Shot Hunter,-2.3,,,,,,,,,,,,,D<85 no S7-9 mins,,,,,,,,,,,,,,,,,,,,,,,,,,,,2,,,,,,,,,,,,,,,,,,,,,72.0,70.0,44.0,80.0,30.0,,76.0,84.0,70.0,85.0,83.0,70.0,65.0,73.0,80.0,79.0,49.0,72.0,88.0,70.0,84.0,46.0,77.0,25.0,50.0,32.0,30.0,29.0,40.0,85.0,73.0,70.0,72.0,76.0,74.0,72.0,64.0,44.0,70.0,76.0,47.0,70.0,68.0,70.0,40.0,26.0,55.0,60.0,95.0,0,0,0,0,0,0,,,,,,,,,,,,,,,,,,,,,,,,,,,,,,,,,,,,,,,,,,,,,,,,,,,,,,,,,,,,,,,,,,,,,,,,,,,,,,,,,,,,,,,,,,,,,,,,,,,,,,,,,,,,,,,,,,,,
1007,Kasparas Jakucionis,,PG,SG,"6'6""",3PT Shot Hunter,-2.3,,,,,,,,,,,,,D<85 no S7-9 mins,,,,,,,,,,,,,,,,,,,,,,,,,,,,2,,,,,,,,,,,,,,,,,,,,,76.0,66.0,59.0,82.0,0.0,,76.0,62.0,71.0,85.0,90.0,75.0,75.0,80.0,82.0,82.0,60.0,75.0,95.0,85.0,80.0,61.0,78.0,35.0,70.0,51.0,52.0,52.0,73.0,80.0,79.0,82.0,86.0,82.0,82.0,65.0,56.0,59.0,66.0,49.0,32.0,65.0,59.0,60.0,50.0,48.0,52.0,60.0,95.0,4,0,0,0,0,4,,,,,,,,,,,,,,,,,,1.0,1.0,,,,1.0,,1.0,,,,,,,,,,,,,,,,,,,,,,,,,,,,,,,,,,,,,,,,,,,,,,,,,,,,,,,,,,,,,,,,,,,,,,,,,,,,,,,,,,,,,,,,,,,
1000,Jordan Miller,,SF,SG,"6'5""",3PT Sniper,-2.3,,,,,,,,,,,,,D<85 no S7-9 mins,,,,,,,,,,,,,,,,,,,,,,,,,,,,2,,,,,,,,,,,,,,,,,,,,,77.0,65.0,54.0,84.0,99.0,,80.0,96.0,79.0,78.0,79.0,75.0,75.0,75.0,84.0,78.0,52.0,81.0,85.0,70.0,80.0,62.0,82.0,40.0,80.0,54.0,52.0,58.0,64.0,65.0,64.0,60.0,69.0,72.0,62.0,55.0,51.0,54.0,65.0,53.0,42.0,60.0,40.0,45.0,52.0,51.0,54.0,85.0,95.0,0,0,0,0,0,0,,,,,,,,,,,,,,,,,,,,,,,,,,,,,,,,,,,,,,,,,,,,,,,,,,,,,,,,,,,,,,,,,,,,,,,,,,,,,,,,,,,,,,,,,,,,,,,,,,,,,,,,,,,,,,,,,,,,
1111,Rodney McCray,,SF,PF,"6'7""",,-2.4,,,,,,,,,,,,,D<85 no S7-9 mins,,,,,,,,,,,,,,,,,,,,,,,,,,,,,,,2,,,,,,,,,,,,,,,,,,75.0,82.0,82.0,50.0,55.0,,65.0,69.0,64.0,60.0,69.0,70.0,55.0,70.0,50.0,82.0,75.0,57.0,74.0,75.0,79.0,58.0,64.0,45.0,60.0,50.0,60.0,50.0,49.0,85.0,51.0,55.0,62.0,47.0,52.0,40.0,74.0,82.0,82.0,55.0,50.0,81.0,80.0,85.0,55.0,53.0,56.0,70.0,85.0,3,0,0,0,0,3,,,,,,,,,,,,,,,,,,,,,,,,,,1.0,,,,1.0,,1.0,,,,,,,,,,,,,,,,,,,,,,,,,,,,,,,,,,,,,,,,,,,,,,,,,,,,,,,,,,,,,,,,,,,,,,,,,,,,,,,,,,,,
836,Bobi Klintman,,PF,SF,"6'9""",Inside-Out Rim-Rocking Slasher,-2.5,,,,,,,,,,,,,D<85 no S7-9 mins,,,,,,,,,,,,,,,,,,,,,,,,,,,,,,,,,,,,,,,,,,,,,,,,,69.0,64.0,57.0,75.0,99.0,,67.0,68.0,70.0,74.0,80.0,60.0,50.0,72.0,75.0,68.0,55.0,72.0,90.0,75.0,80.0,61.0,69.0,65.0,75.0,49.0,50.0,50.0,47.0,80.0,63.0,68.0,70.0,68.0,68.0,43.0,60.0,57.0,64.0,62.0,57.0,60.0,62.0,55.0,46.0,41.0,51.0,60.0,95.0,0,0,0,0,0,0,,,,,,,,,,,,,,,,,,,,,,,,,,,,,,,,,,,,,,,,,,,,,,,,,,,,,,,,,,,,,,,,,,,,,,,,,,,,,,,,,,,,,,,,,,,,,,,,,,,,,,,,,,,,,,,,,,,,
872,Craig Hodges,,PG,SG,"6'2""",,-2.5,,,,,,,,,,,,,D<85 no S7-9 mins,,,,,,,,,,,,,,,,,,,,,,,,,,,,,,,,,,,,,,,,,,,,,,,,,75.0,60.0,30.0,75.0,0.0,,80.0,72.0,78.0,92.0,84.0,76.0,80.0,69.0,75.0,75.0,30.0,60.0,84.0,77.0,79.0,40.0,67.0,25.0,25.0,25.0,29.0,25.0,49.0,75.0,72.0,70.0,79.0,75.0,72.0,65.0,50.0,30.0,60.0,63.0,30.0,58.0,48.0,60.0,38.0,36.0,40.0,80.0,85.0,4,0,0,3,1,0,,2.0,3.0,3.0,,,,,,,,,,,,,,,,,,,,,,,,,,,,,,,,,,,3.0,,,,,,,,,,,,,,,,,,,,,,,,,,,,,,,,,,,,,,,,,,,,,,,,,,,,,,,,,,,,,,,,,,,,,,,,,,,,,
984,Joe Kleine,,C,,"6'11""",,-2.5,,,,,,,,,,,,,D<85 no S7-9 mins,,,,,,,,,,,,,,,,,,,,,,,,,,,,,,,,,,,,,,,,,,,,,,,,,73.0,37.0,67.0,38.0,99.0,,73.0,76.0,78.0,57.0,79.0,70.0,75.0,64.0,38.0,37.0,65.0,74.0,80.0,80.0,76.0,68.0,62.0,70.0,65.0,69.0,69.0,69.0,55.0,85.0,35.0,32.0,46.0,25.0,44.0,29.0,57.0,67.0,37.0,40.0,67.0,65.0,60.0,65.0,76.0,78.0,73.0,70.0,82.0,0,0,0,0,0,0,,,,,,,,,,,,,,,,,,,,,,,,,,,,,,,,,,,,,,,,,,,,,,,,,,,,,,,,,,,,,,,,,,,,,,,,,,,,,,,,,,,,,,,,,,,,,,,,,,,,,,,,,,,,,,,,,,,,
838,Branden Carlson,,C,,"7'0""",Shot-Erasing Stretch Five,-2.5,,,,,,,,,,,,,D<85 no S7-9 mins,,,,,,,,,,,,,,,,,,,,,,,,,,,,,,,,,,,,,,,,,,,,,,,,,73.0,30.0,52.0,35.0,50.0,,76.0,82.0,72.0,78.0,71.0,85.0,65.0,56.0,35.0,30.0,60.0,57.0,85.0,70.0,80.0,65.0,47.0,65.0,60.0,64.0,65.0,65.0,68.0,85.0,39.0,47.0,37.0,27.0,47.0,36.0,47.0,52.0,30.0,36.0,82.0,57.0,39.0,35.0,63.0,54.0,72.0,85.0,95.0,1,0,0,0,1,0,,,,2.0,,,,,,,,,,,,,,,,,,,,,,,,,,,,,,,,,,,,,,,,,,,,,,,,,,,,,,,,,,,,,,,,,,,,,,,,,,,,,,,,,,,,,,,,,,,,,,,,,,,,,,,,,,,,,,,,
842,Brian Shaw,,SG,PG,"6'6""",,-2.5,,,,,,,,,,,,,D<85 no S7-9 mins,,,,,,,,,,,,,,,,,,,,,,,,,,,,,,,,,,,,,,,,,,,,,,,,,72.0,62.0,50.0,62.0,0.0,,70.0,75.0,69.0,70.0,79.0,75.0,50.0,68.0,62.0,66.0,46.0,60.0,84.0,75.0,80.0,50.0,70.0,25.0,48.0,36.0,44.0,55.0,42.0,80.0,78.0,88.0,78.0,65.0,90.0,70.0,55.0,50.0,62.0,61.0,50.0,60.0,50.0,50.0,53.0,40.0,65.0,80.0,85.0,1,0,0,0,1,0,,,,,,,,,,,,,,,,,,,,,,,,,2.0,,,,,,,,,,,,,,,,,,,,,,,,,,,,,,,,,,,,,,,,,,,,,,,,,,,,,,,,,,,,,,,,,,,,,,,,,,,,,,,,,,,,,,,,,,,
821,Anthony Bonner,,PF,SF,"6'8""",,-2.5,,,,,,,,,,,,,D<85 no S7-9 mins,,,,,,,,,,,,,,,,,,,,,,,,,,,,,,,,,,,,,,,,,,,,,,,,,70.0,49.0,79.0,50.0,90.0,,55.0,58.0,50.0,46.0,65.0,60.0,50.0,65.0,50.0,49.0,67.0,70.0,70.0,74.0,78.0,53.0,50.0,82.0,55.0,40.0,48.0,40.0,53.0,56.0,38.0,44.0,34.0,26.0,44.0,41.0,66.0,79.0,49.0,69.0,55.0,67.0,70.0,70.0,72.0,81.0,63.0,98.0,82.0,0,0,0,0,0,0,,,,,,,,,,,,,,,,,,,,,,,,,,,,,,,,,,,,,,,,,,,,,,,,,,,,,,,,,,,,,,,,,,,,,,,,,,,,,,,,,,,,,,,,,,,,,,,,,,,,,,,,,,,,,,,,,,,,
833,Billy Thompson,,SF,PF,"6'7""",,-2.5,,,,,,,,,,,,,D<85 no S7-9 mins,,,,,,,,,,,,,,,,,,,,,,,,,,,,,,,,,,,,,,,,,,,,,,,,,71.0,52.0,55.0,61.0,50.0,,57.0,70.0,65.0,35.0,64.0,55.0,55.0,71.0,61.0,61.0,56.0,90.0,79.0,70.0,79.0,69.0,80.0,85.0,95.0,36.0,63.0,51.0,67.0,75.0,49.0,48.0,60.0,51.0,47.0,40.0,57.0,55.0,52.0,57.0,62.0,60.0,60.0,55.0,68.0,74.0,61.0,70.0,85.0,1,0,0,0,1,0,,,,,,2.0,,,,,,,,,,,,,,,,,,,,,,,,,,,,,,,,,,,,,,,,,,,,,,,,,,,,,,,,,,,,,,,,,,,,,,,,,,,,,,,,,,,,,,,,,,,,,,,,,,,,,,,,,,,,,,
397,Steven Adams,,C,,"6'11""",Paint Crasher,-2.5,,,,,,,,,,,,,D<85 no S7-9 mins,,284.0,280.0,369.0,,,,,,,,,,,,,,,,,,,,,,,,,,,,,,0.0,,,0.0,,0.0,,0.0,,9.5,0.0,0.0,,8.0,2.4,77.0,55.0,80.0,48.0,99.0,,54.0,73.0,65.0,26.0,58.0,40.0,60.0,70.0,48.0,63.0,96.0,68.0,68.0,75.0,82.0,68.0,69.0,70.0,70.0,72.0,62.0,69.0,59.0,75.0,48.0,69.0,35.0,33.0,68.0,35.0,66.0,80.0,55.0,43.0,65.0,80.0,70.0,70.0,86.0,98.0,75.0,70.0,95.0,9,0,0,3,2,4,,,,,,,,1.0,,2.0,,,2.0,,,1.0,,,,,,,,,,,,,,,,,1.0,,1.0,3.0,3.0,3.0,,,,8.0,19.0,0.0,5.0,0.0,0.0,0.0,0.0,0.0,0.0,0.0,0.0,0.0,0.0,0.0,5.0,1.0,2.4,0.0,0.6,0.0,0.0,0.0,0.0,0.0,0.6,0.1,,,,,0.0,9.5,0.0,0.0,0.0,0.0,0.0,9.5,1.9,,,,,,,0.26,0.0,,,,,,,,,,,,,,,,,,,,,,,,,,,
426,Daniel Gafford,,C,,"6'10""",2-Way Rim-Running Lob Threat,-2.5,,,,,,,,,,,,,D<85 no S7-9 mins,,285.0,334.0,,,,,,,,,,,,,,,,,,,,,,,,,,,,,,,,,,,,,,,,,,,,,,79.0,57.0,84.0,75.0,99.0,,63.0,88.0,65.0,29.0,75.0,70.0,50.0,77.0,75.0,70.0,73.0,80.0,75.0,89.0,80.0,71.0,75.0,85.0,75.0,69.0,67.0,67.0,57.0,70.0,37.0,37.0,35.0,44.0,37.0,32.0,70.0,84.0,57.0,49.0,85.0,83.0,50.0,80.0,76.0,74.0,77.0,40.0,95.0,11,0,0,5,3,3,,,,,,3.0,,,,1.0,,,1.0,2.0,,3.0,,,,,,,,,,,,3.0,,,,,1.0,,2.0,2.0,3.0,,,3.0,,,,,,,,,,,,,,,,,,,,,,,,,,,,,,,,,,,,,,,,,,,,,,,,,,,,,,,,,,,,,,,,,,,,,,,,,,,,
423,Mark Williams,,C,,"7'0""",Bullmashing Putback Pro,-2.5,,,,,,,,,,,,,D<85 no S7-9 mins,,,395.0,,,,,,,,,,,,,,,,,,,,,,,,,,,,,,,,,,,,,,,,,,,,,,82.0,44.0,75.0,65.0,99.0,,73.0,97.0,60.0,36.0,77.0,85.0,85.0,76.0,65.0,64.0,86.0,75.0,75.0,88.0,57.0,70.0,77.0,85.0,75.0,60.0,60.0,60.0,55.0,85.0,41.0,44.0,35.0,32.0,64.0,32.0,64.0,75.0,44.0,56.0,76.0,74.0,60.0,60.0,87.0,90.0,84.0,80.0,95.0,12,0,0,3,3,6,,,,,,1.0,,,,2.0,2.0,,2.0,1.0,,3.0,,,,,,,,,,,,1.0,,,,,1.0,,1.0,3.0,1.0,3.0,,,,,,,,,,,,,,,,,,,,,,,,,,,,,,,,,,,,,,,,,,,,,,,,,,,,,,,,,,,,,,,,,,,,,,,,,,,,,,
421,Chris Andersen,,C,,"6'10""",,-2.5,,,,,,,,,,,,,D<85 no S7-9 mins,,377.0,,,,,,,,,,,,,,,,,,,,,,,,,,,,,,,,,,,,,,,,,,,,,,,79.0,68.0,82.0,55.0,99.0,,55.0,69.0,77.0,25.0,63.0,53.0,45.0,75.0,55.0,68.0,70.0,85.0,82.0,84.0,80.0,64.0,69.0,70.0,80.0,53.0,54.0,52.0,51.0,85.0,45.0,50.0,53.0,47.0,45.0,29.0,77.0,82.0,68.0,46.0,88.0,88.0,84.0,85.0,81.0,81.0,81.0,70.0,85.0,9,0,0,3,3,3,,,,,,2.0,,,,,,,,1.0,,2.0,,,,,,,,,,,,3.0,,,,,1.0,,1.0,,3.0,2.0,,3.0,,,,,,,,,,,,,,,,,,,,,,,,,,,,,,,,,,,,,,,,,,,,,,,,,,,,,,,,,,,,,,,,,,,,,,,,,,,,
415,JaVale McGee,,C,,"7'0""",,-2.5,,,,,,,,,,,,,D<85 no S7-9 mins,,,,,,,,,,,,,,,,,,,,,,,,,,,,,,,,,,,,,,,,,,,,,,,,,78.0,47.0,75.0,65.0,,,65.0,79.0,64.0,43.0,66.0,70.0,65.0,70.0,65.0,53.0,75.0,69.0,78.0,75.0,80.0,66.0,64.0,95.0,90.0,63.0,58.0,64.0,55.0,37.0,33.0,25.0,35.0,26.0,48.0,30.0,64.0,75.0,47.0,42.0,89.0,84.0,67.0,55.0,81.0,82.0,80.0,98.0,90.0,9,0,0,0,3,6,,,,,,2.0,,,,,,,1.0,,,1.0,,,,,,,,,,,,,,,,,1.0,,1.0,2.0,1.0,1.0,,2.0,,,,,,,,,,,,,,,,,,,,,,,,,,,,,,,,,,,,,,,,,,,,,,,,,,,,,,,,,,,,,,,,,,,,,,,,,,,,
813,A.J. Lawson,,SF,SG,"6'6""",Crafty 3PT-Sniping Dimer,-2.5,,,,,,,,,,,,,D<85 no S7-9 mins,,,,,,,,,,,,,,,,,,,,,,,,,,,,,,,,,,,,,,,,,,,,,,,,,74.0,60.0,48.0,74.0,15.0,,72.0,75.0,68.0,76.0,66.0,85.0,65.0,72.0,74.0,79.0,34.0,80.0,85.0,80.0,80.0,61.0,80.0,45.0,75.0,52.0,52.0,55.0,54.0,75.0,61.0,69.0,69.0,69.0,64.0,34.0,54.0,48.0,60.0,41.0,53.0,60.0,65.0,50.0,64.0,61.0,66.0,50.0,95.0,5,0,0,0,0,5,,,,1.0,,,,,1.0,,1.0,,,,,,,,,,,,,,,,,,,,,,,,,,1.0,,,1.0,,,,,,,,,,,,,,,,,,,,,,,,,,,,,,,,,,,,,,,,,,,,,,,,,,,,,,,,,,,,,,,,,,,,,,,,,,,,
791,Julius Randle,,PF,C,"6'9""",Physical Mid-Range Creator,-2.5,,,,,,,,,,,,,D<85 no S7-9 mins,213.0,,,293.0,,,,,,,,,,,,,,,,,,,,,,,,,,,,,,11.4,,0.33,0.0,0.0,0.88,1.0,0.0,0.0,4.4,0.9,0.0,,20.0,2.0,87.0,73.0,77.0,73.0,10.0,,85.0,94.0,79.0,74.0,82.0,90.0,90.0,82.0,73.0,76.0,87.0,69.0,95.0,90.0,84.0,82.0,90.0,85.0,80.0,79.0,60.0,86.0,92.0,85.0,76.0,74.0,80.0,68.0,84.0,72.0,62.0,77.0,73.0,43.0,42.0,73.0,52.0,75.0,60.0,52.0,67.0,95.0,95.0,16,0,0,3,3,10,,,,,,1.0,2.0,1.0,2.0,1.0,3.0,1.0,2.0,,1.0,1.0,,,1.0,3.0,,,3.0,,,,,,,,,,,,,1.0,1.0,1.0,,,,20.0,41.0,13.0,5.0,0.0,1.0,0.0,2.0,6.0,19.0,0.0,10.0,1.0,1.0,1.0,4.0,1.0,2.0,0.7,0.3,0.0,0.1,0.0,0.1,0.0,0.2,0.0,0.32,0.67,0.0,1.0,11.4,4.4,0.0,0.9,0.0,1.8,0.9,3.5,0.9,,,,,0.32,0.33,0.12,0.32,,,,,,,,,,,,,,,,,,,,,,,,,,,
786,Kiki Vandeweghe,Nuggets,SF,PF,"6'8""",,-2.5,,,,,,,,,,,,,D<85 no S7-9 mins,276.0,,,170.0,,,,,,,,,,,,,,,,,,,,,,,,,,,,,,12.4,-0.42,0.45,0.0,0.0,2.86,0.86,3.2,2.58,3.7,0.8,0.2,0.0,29.0,12.2,89.0,79.0,55.0,71.0,50.0,,89.0,80.0,92.0,84.0,85.0,98.0,95.0,83.0,71.0,70.0,80.0,80.0,98.0,98.0,81.0,75.0,86.0,50.0,60.0,67.0,70.0,78.0,88.0,98.0,74.0,85.0,75.0,69.0,80.0,61.0,67.0,55.0,79.0,38.0,60.0,79.0,69.0,90.0,64.0,61.0,66.0,83.0,92.0,6,0,0,4,1,1,3.0,3.0,,,3.0,,,,,,2.0,,,,,,,,,,,,,,,,,,,,,,,1.0,,,,,3.0,,,29.0,353.0,122.0,36.0,31.0,8.0,2.0,12.0,49.0,122.0,0.0,10.0,24.0,28.0,4.0,32.0,12.0,12.2,4.2,1.2,1.1,0.3,0.1,0.4,0.1,1.1,0.4,0.4,0.44,0.0,0.86,12.4,3.7,3.2,0.8,0.2,1.2,0.4,3.3,1.2,,,,,0.4,0.45,0.1,0.35,,,,,,,,,,,,,,,,,,,,,,,,,,,
843,Brooks Barnhizer,,SF,SG,"6'6""",Physical Middy Maestro,-2.5,,,,,,,,,,,,,D<85 no S7-9 mins,,,,,,,,,,,,,,,,,,,,,,,,,,,,,,,,,,,,,,,,,,,,,,,,,69.0,70.0,59.0,70.0,50.0,,65.0,74.0,79.0,72.0,76.0,50.0,40.0,76.0,70.0,79.0,67.0,77.0,85.0,80.0,80.0,54.0,70.0,40.0,70.0,48.0,48.0,40.0,45.0,70.0,67.0,70.0,69.0,67.0,70.0,59.0,64.0,59.0,70.0,70.0,50.0,70.0,65.0,65.0,51.0,42.0,60.0,30.0,95.0,0,0,0,0,0,0,,,,,,,,,,,,,,,,,,,,,,,,,,,,,,,,,,,,,,,,,,,,,,,,,,,,,,,,,,,,,,,,,,,,,,,,,,,,,,,,,,,,,,,,,,,,,,,,,,,,,,,,,,,,,,,,,,,,
889,Derik Queen,,C,PF,"6'10""",Break-Starting Crafty Finisher,-2.5,,,,,,,,,,,,,D<85 no S7-9 mins,,,,,,,,,,,,,,,,,,,,,,,,,,,,,,,,,,,,,,,,,,,,,,,,,81.0,52.0,69.0,54.0,10.0,,76.0,85.0,73.0,67.0,78.0,75.0,75.0,69.0,54.0,54.0,80.0,62.0,85.0,80.0,80.0,77.0,82.0,65.0,70.0,78.0,78.0,78.0,75.0,90.0,71.0,79.0,69.0,52.0,82.0,71.0,63.0,69.0,52.0,56.0,73.0,68.0,62.0,60.0,72.0,60.0,84.0,70.0,95.0,10,0,0,2,7,1,,,,,,,,,,3.0,3.0,,1.0,,2.0,,,,2.0,2.0,,,,,2.0,,,,,,,,,,,2.0,2.0,2.0,,,,,,,,,,,,,,,,,,,,,,,,,,,,,,,,,,,,,,,,,,,,,,,,,,,,,,,,,,,,,,,,,,,,,,,,,,,,,,
988,John Konchar,,SF,PF,"6'5""",Chaos General,-2.5,,,,,,,,,,,,,D<85 no S7-9 mins,,,,,,,,,,,,,,,,,,,,,,,,,,,,,,,,,,,,,,,,,,,,,,,,,74.0,62.0,54.0,62.0,0.0,,75.0,87.0,73.0,72.0,78.0,85.0,55.0,71.0,62.0,69.0,40.0,70.0,93.0,90.0,84.0,54.0,73.0,40.0,55.0,44.0,47.0,47.0,40.0,85.0,66.0,74.0,76.0,60.0,79.0,43.0,61.0,54.0,62.0,88.0,68.0,50.0,60.0,45.0,60.0,56.0,65.0,90.0,95.0,3,0,0,0,0,3,1.0,,,1.0,,,,,,,,,,,,,,,,,,,,,,,,,,,,,,,,,,,1.0,,,,,,,,,,,,,,,,,,,,,,,,,,,,,,,,,,,,,,,,,,,,,,,,,,,,,,,,,,,,,,,,,,,,,,,,,,,,,
987,John Crotty,,PG,SG,"6'3""",,-2.5,,,,,,,,,,,,,D<85 no S7-9 mins,,,,,,,,,,,,,,,,,,,,,,,,,,,,,,,,,,,,,,,,,,,,,,,,,72.0,70.0,25.0,73.0,15.0,,76.0,72.0,74.0,85.0,84.0,75.0,65.0,69.0,73.0,81.0,36.0,57.0,85.0,70.0,80.0,38.0,60.0,25.0,25.0,25.0,29.0,25.0,41.0,73.0,75.0,79.0,77.0,72.0,77.0,72.0,55.0,25.0,70.0,62.0,32.0,74.0,60.0,60.0,38.0,34.0,41.0,60.0,85.0,1,0,0,0,1,0,,,,2.0,,,,,,,,,,,,,,,,,,,,,,,,,,,,,,,,,,,,,,,,,,,,,,,,,,,,,,,,,,,,,,,,,,,,,,,,,,,,,,,,,,,,,,,,,,,,,,,,,,,,,,,,,,,,,,,,
985,Joel Anthony,,C,,"6'9""",,-2.5,,,,,,,,,,,,,D<85 no S7-9 mins,,,,,,,,,,,,,,,,,,,,,,,,,,,,,,,,,,,,,,,,,,,,,,,,,74.0,60.0,76.0,64.0,99.0,,56.0,82.0,40.0,25.0,64.0,72.0,50.0,73.0,64.0,62.0,71.0,69.0,80.0,80.0,82.0,67.0,69.0,75.0,70.0,69.0,66.0,69.0,34.0,80.0,38.0,37.0,35.0,38.0,52.0,27.0,59.0,76.0,60.0,30.0,85.0,75.0,40.0,50.0,62.0,67.0,56.0,98.0,85.0,0,0,0,0,0,0,,,,,,,,,,,,,,,,,,,,,,,,,,,,,,,,,,,,,,,,,,,,,,,,,,,,,,,,,,,,,,,,,,,,,,,,,,,,,,,,,,,,,,,,,,,,,,,,,,,,,,,,,,,,,,,,,,,,
817,Alex Antetokounmpo,,SF,PF,"6'8""",Slashing Point Forward,-2.5,,,,,,,,,,,,,D<85 no S7-9 mins,,,,,,,,,,,,,,,,,,,,,,,,,,,,,,,,,,,,,,,,,,,,,,,,,68.0,64.0,57.0,64.0,,,59.0,70.0,67.0,66.0,61.0,60.0,30.0,71.0,64.0,67.0,57.0,75.0,85.0,80.0,85.0,61.0,72.0,65.0,80.0,51.0,47.0,50.0,40.0,80.0,59.0,64.0,69.0,60.0,66.0,37.0,53.0,57.0,64.0,52.0,52.0,50.0,47.0,50.0,52.0,50.0,54.0,60.0,95.0,0,0,0,0,0,0,,,,,,,,,,,,,,,,,,,,,,,,,,,,,,,,,,,,,,,,,,,,,,,,,,,,,,,,,,,,,,,,,,,,,,,,,,,,,,,,,,,,,,,,,,,,,,,,,,,,,,,,,,,,,,,,,,,,
983,Joe Ingles,,SF,PF,"6'8""",2-Way Stretch Four,-2.5,,,,,,,,,,,,,D<85 no S7-9 mins,,,,,,,,,,,,,,,,,,,,,,,,,,,,,,,,,,,,,,,,,,,,,,,,,73.0,80.0,58.0,66.0,0.0,,68.0,64.0,65.0,86.0,86.0,60.0,45.0,72.0,66.0,80.0,64.0,60.0,92.0,70.0,80.0,54.0,80.0,40.0,45.0,50.0,55.0,48.0,40.0,70.0,70.0,75.0,70.0,60.0,75.0,71.0,65.0,58.0,80.0,53.0,35.0,78.0,78.0,75.0,45.0,34.0,56.0,,95.0,7,0,0,0,2,5,,,,2.0,,,,,,,,,,,,,,1.0,,,,,,,1.0,,,,,,1.0,,,1.0,,,,,1.0,2.0,,,,,,,,,,,,,,,,,,,,,,,,,,,,,,,,,,,,,,,,,,,,,,,,,,,,,,,,,,,,,,,,,,,,,,,,,,,,
982,Joe Bryant,,SF,PF,"6'9""",,-2.5,,,,,,,,,,,,,D<85 no S7-9 mins,,,,,,,,,,,,,,,,,,,,,,,,,,,,,,,,,,,,,,,,,,,,,,,,,71.0,58.0,50.0,61.0,35.0,,66.0,74.0,64.0,58.0,77.0,60.0,60.0,68.0,61.0,66.0,48.0,66.0,81.0,70.0,82.0,67.0,80.0,69.0,77.0,53.0,59.0,56.0,69.0,75.0,55.0,58.0,66.0,40.0,56.0,53.0,55.0,50.0,58.0,65.0,50.0,54.0,50.0,55.0,64.0,67.0,61.0,72.0,89.0,0,0,0,0,0,0,,,,,,,,,,,,,,,,,,,,,,,,,,,,,,,,,,,,,,,,,,,,,,,,,,,,,,,,,,,,,,,,,,,,,,,,,,,,,,,,,,,,,,,,,,,,,,,,,,,,,,,,,,,,,,,,,,,,
981,Joan Beringer,,C,,"6'11""",Rim-Wrecking Putback Pro,-2.5,,,,,,,,,,,,,D<85 no S7-9 mins,,,,,,,,,,,,,,,,,,,,,,,,,,,,,,,,,,,,,,,,,,,,,,,,,72.0,40.0,73.0,56.0,99.0,,50.0,69.0,45.0,26.0,57.0,60.0,40.0,74.0,56.0,67.0,65.0,80.0,85.0,90.0,80.0,65.0,70.0,85.0,80.0,57.0,50.0,55.0,40.0,80.0,43.0,49.0,47.0,41.0,47.0,31.0,56.0,73.0,40.0,35.0,80.0,66.0,55.0,40.0,82.0,93.0,70.0,50.0,95.0,4,0,0,0,1,3,,,,,,2.0,,,,,,,,,,,,,,,,,,,,,,1.0,,,,,1.0,,,,,,,1.0,,,,,,,,,,,,,,,,,,,,,,,,,,,,,,,,,,,,,,,,,,,,,,,,,,,,,,,,,,,,,,,,,,,,,,,,,,,,
980,Jim King,,PG,SG,"6'2""",,-2.5,,,,,,,,,,,,,D<85 no S7-9 mins,,,,,,,,,,,,,,,,,,,,,,,,,,,,,,,,,,,,,,,,,,,,,,,,,67.0,59.0,25.0,75.0,25.0,,71.0,74.0,74.0,70.0,78.0,68.0,60.0,72.0,75.0,75.0,38.0,58.0,85.0,98.0,76.0,44.0,57.0,25.0,25.0,25.0,51.0,25.0,66.0,75.0,70.0,67.0,67.0,72.0,74.0,69.0,47.0,25.0,59.0,63.0,25.0,50.0,54.0,50.0,36.0,32.0,39.0,60.0,82.0,0,0,0,0,0,0,,,,,,,,,,,,,,,,,,,,,,,,,,,,,,,,,,,,,,,,,,,,,,,,,,,,,,,,,,,,,,,,,,,,,,,,,,,,,,,,,,,,,,,,,,,,,,,,,,,,,,,,,,,,,,,,,,,,
192,Bob Dandridge,Bucks,SF,SG,"6'6""",,-2.5,,,,,,,,,,,,,D<85 no S7-9 mins,,330.0,365.0,380.0,,,,,,,,,,,,,,,,,,,,,,,,,,,,,,0.0,,,0.0,,0.0,,0.0,,0.0,0.0,0.0,,5.0,1.6,88.0,82.0,60.0,73.0,50.0,,88.0,92.0,89.0,77.0,83.0,94.0,95.0,82.0,73.0,82.0,60.0,85.0,96.0,95.0,85.0,77.0,90.0,46.0,70.0,78.0,80.0,82.0,77.0,95.0,78.0,72.0,75.0,74.0,95.0,75.0,73.0,60.0,82.0,76.0,55.0,81.0,75.0,85.0,71.0,72.0,70.0,68.0,92.0,8,0,0,5,1,2,,,,3.0,,3.0,1.0,,1.0,,3.0,,,,,,,,,,,,,,,,,3.0,,,3.0,,,2.0,,,,,,,,5.0,8.0,0.0,0.0,0.0,0.0,0.0,0.0,0.0,0.0,0.0,0.0,0.0,0.0,0.0,0.0,0.0,1.6,0.0,0.0,0.0,0.0,0.0,0.0,0.0,0.0,0.0,,,,,0.0,0.0,0.0,0.0,0.0,0.0,0.0,0.0,0.0,,,,,,,0.0,0.0,,,,,,,,,,,,,,,,,,,,,,,,,,,
187,Carlos Boozer,Jazz,PF,,"6'9""",,-2.5,,,,,,,,,,,,,D<85 no S7-9 mins,,365.0,356.0,400.0,,,,,,,,,,,,,,,,,,,,,,,,,,,,,,0.0,,,0.0,,0.0,,0.0,,0.0,0.0,0.0,,1.0,1.0,88.0,44.0,79.0,59.0,70.0,,79.0,92.0,92.0,33.0,74.0,90.0,90.0,72.0,59.0,44.0,94.0,75.0,90.0,61.0,78.0,86.0,72.0,85.0,75.0,92.0,94.0,92.0,84.0,92.0,47.0,52.0,40.0,30.0,74.0,40.0,63.0,79.0,44.0,63.0,51.0,70.0,63.0,70.0,92.0,90.0,94.0,70.0,92.0,12,0,0,12,0,0,,,,3.0,,3.0,,3.0,,3.0,3.0,3.0,3.0,,3.0,3.0,,,,,,,,,,,,,,,,,,,,3.0,3.0,3.0,,,,1.0,1.0,0.0,0.0,0.0,0.0,0.0,0.0,0.0,0.0,0.0,0.0,0.0,0.0,0.0,0.0,0.0,1.0,0.0,0.0,0.0,0.0,0.0,0.0,0.0,0.0,0.0,,,,,0.0,0.0,0.0,0.0,0.0,0.0,0.0,0.0,0.0,,,,,,,0.0,0.0,,,,,,,,,,,,,,,,,,,,,,,,,,,
185,Bailey Howell,,PF,SF,"6'7""",,-2.5,,,,,,,,,,,,,D<85 no S7-9 mins,255.0,320.0,306.0,257.0,,,,,,,,,,,,,,,,,,,,,,,,,,,,,,4.5,-1.6,0.56,0.0,0.0,1.57,0.62,1.0,1.0,9.8,0.4,0.8,0.0,29.0,6.3,88.0,72.0,77.0,69.0,80.0,,85.0,88.0,84.0,70.0,80.0,98.0,90.0,78.0,69.0,64.0,82.0,65.0,89.0,85.0,91.0,83.0,78.0,75.0,70.0,88.0,84.0,88.0,84.0,98.0,61.0,64.0,59.0,62.0,64.0,54.0,73.0,77.0,72.0,69.0,70.0,75.0,74.0,75.0,89.0,85.0,93.0,65.0,92.0,16,0,0,6,8,2,,,,3.0,,3.0,1.0,,1.0,3.0,2.0,2.0,2.0,,2.0,,,,3.0,,,,,,,2.0,,,2.0,,2.0,,,,2.0,3.0,3.0,,,,,29.0,183.0,23.0,50.0,5.0,2.0,4.0,5.0,9.0,17.0,0.0,1.0,5.0,8.0,6.0,44.0,8.0,6.3,0.8,1.7,0.2,0.1,0.1,0.2,0.2,1.5,0.3,0.53,0.56,0.0,0.62,4.5,9.8,1.0,0.4,0.8,1.0,1.2,8.7,1.6,,,,,0.53,0.56,0.27,0.13,,,,,,,,,,,,,,,,,,,,,,,,,,,
611,Tre Mann,,SG,PG,"6'3""",Crafty Laymaking Combo Guard,-2.5,,,,,,,,,,,,,D<85 no S7-9 mins,,,,422.0,,,,,,,,,,,,,,,,,,,,,,,,,,,,,,,,,,,,,,,,,,,,,74.0,62.0,49.0,74.0,0.0,,74.0,66.0,72.0,76.0,84.0,70.0,75.0,72.0,74.0,74.0,53.0,68.0,88.0,75.0,80.0,56.0,87.0,25.0,60.0,35.0,55.0,60.0,45.0,85.0,76.0,77.0,83.0,73.0,75.0,70.0,50.0,49.0,62.0,41.0,40.0,60.0,59.0,40.0,50.0,43.0,56.0,50.0,95.0,5,0,0,0,2,3,1.0,,2.0,1.0,2.0,,1.0,,,,,,,,,,,,,,,,,,,,,,,,,,,,,,,,,,,,,,,,,,,,,,,,,,,,,,,,,,,,,,,,,,,,,,,,,,,,,,,,,,,,,,,,,,,,,,,,,,,,,,,,,,,,,
995,Jon Barry,,SG,PG,"6'4""",,-2.5,,,,,,,,,,,,,D<85 no S7-9 mins,,,,,,,,,,,,,,,,,,,,,,,,,,,,,,,,,,,,,,,,,,,,,,,,,69.0,52.0,25.0,67.0,10.0,,75.0,68.0,80.0,82.0,93.0,80.0,45.0,64.0,67.0,57.0,48.0,45.0,83.0,76.0,75.0,45.0,50.0,25.0,44.0,25.0,51.0,25.0,61.0,82.0,68.0,68.0,70.0,63.0,68.0,69.0,46.0,25.0,52.0,87.0,40.0,48.0,25.0,45.0,42.0,37.0,46.0,80.0,85.0,0,0,0,0,0,0,,,,,,,,,,,,,,,,,,,,,,,,,,,,,,,,,,,,,,,,,,,,,,,,,,,,,,,,,,,,,,,,,,,,,,,,,,,,,,,,,,,,,,,,,,,,,,,,,,,,,,,,,,,,,,,,,,,,
1009,Keith Askins,,SF,SG,"6'7""",,-2.5,,,,,,,,,,,,,D<85 no S7-9 mins,,,,,,,,,,,,,,,,,,,,,,,,,,,,,,,,,,,,,,,,,,,,,,,,,74.0,77.0,55.0,68.0,25.0,,71.0,72.0,70.0,85.0,67.0,60.0,70.0,74.0,68.0,81.0,50.0,72.0,83.0,75.0,87.0,61.0,70.0,60.0,65.0,40.0,58.0,63.0,48.0,84.0,62.0,70.0,70.0,57.0,71.0,41.0,65.0,55.0,77.0,69.0,56.0,70.0,56.0,70.0,50.0,46.0,54.0,70.0,92.0,0,0,0,0,0,0,,,,,,,,,,,,,,,,,,,,,,,,,,,,,,,,,,,,,,,,,,,,,,,,,,,,,,,,,,,,,,,,,,,,,,,,,,,,,,,,,,,,,,,,,,,,,,,,,,,,,,,,,,,,,,,,,,,,
1006,Kareem Rush,,SG,,"6'6""",,-2.5,,,,,,,,,,,,,D<85 no S7-9 mins,,,,,,,,,,,,,,,,,,,,,,,,,,,,,,,,,,,,,,,,,,,,,,,,,70.0,55.0,35.0,76.0,0.0,,69.0,82.0,85.0,76.0,60.0,70.0,40.0,74.0,76.0,68.0,50.0,75.0,85.0,85.0,78.0,58.0,80.0,45.0,75.0,38.0,35.0,38.0,62.0,94.0,63.0,68.0,79.0,74.0,62.0,30.0,48.0,35.0,55.0,60.0,40.0,59.0,44.0,40.0,42.0,37.0,47.0,50.0,85.0,0,0,0,0,0,0,,,,,,,,,,,,,,,,,,,,,,,,,,,,,,,,,,,,,,,,,,,,,,,,,,,,,,,,,,,,,,,,,,,,,,,,,,,,,,,,,,,,,,,,,,,,,,,,,,,,,,,,,,,,,,,,,,,,
1037,Leon Powe,,C,PF,"6'8""",,-2.5,,,,,,,,,,,,,D<85 no S7-9 mins,,,,,,,,,,,,,,,,,,,,,,,,,,,,,,,,,,,,,,,,,,,,,,,,,75.0,30.0,72.0,66.0,85.0,,61.0,87.0,55.0,25.0,70.0,65.0,65.0,70.0,66.0,30.0,90.0,60.0,80.0,96.0,70.0,68.0,51.0,90.0,60.0,50.0,52.0,62.0,87.0,90.0,34.0,25.0,35.0,25.0,58.0,28.0,60.0,72.0,30.0,58.0,56.0,82.0,60.0,60.0,81.0,91.0,71.0,55.0,85.0,6,0,0,5,1,0,,,,,,2.0,,,,,,,,,,3.0,,,,,,,,,,3.0,,,,,,,,,,3.0,3.0,3.0,,,,,,,,,,,,,,,,,,,,,,,,,,,,,,,,,,,,,,,,,,,,,,,,,,,,,,,,,,,,,,,,,,,,,,,,,,,,,,
1036,Lawrence Funderburke,,PF,,"6'9""",,-2.5,,,,,,,,,,,,,D<85 no S7-9 mins,,,,,,,,,,,,,,,,,,,,,,,,,,,,,,,,,,,,,,,,,,,,,,,,,75.0,38.0,74.0,62.0,90.0,,61.0,82.0,51.0,25.0,61.0,78.0,70.0,72.0,62.0,41.0,73.0,72.0,91.0,92.0,70.0,65.0,61.0,90.0,60.0,64.0,65.0,64.0,51.0,68.0,47.0,44.0,44.0,61.0,46.0,38.0,59.0,74.0,38.0,43.0,51.0,65.0,69.0,70.0,75.0,72.0,77.0,98.0,85.0,1,0,0,0,0,1,,,,,,,,,,,,,,,,1.0,,,,,,,,,,,,,,,,,,,,,,,,,,,,,,,,,,,,,,,,,,,,,,,,,,,,,,,,,,,,,,,,,,,,,,,,,,,,,,,,,,,,,,,,,,,,,,,,,,,,
1035,Larry Nance Jr.,,C,PF,"6'8""",Ball-Hawking Rim Rocker,-2.5,,,,,,,,,,,,,D<85 no S7-9 mins,,,,,,,,,,,,,,,,,,,,,,,,,,,,,,,,,,,,,,,,,,,,,,,,,73.0,61.0,74.0,65.0,99.0,,69.0,93.0,74.0,71.0,70.0,65.0,40.0,74.0,65.0,61.0,69.0,86.0,80.0,85.0,83.0,66.0,72.0,75.0,80.0,58.0,54.0,59.0,50.0,78.0,59.0,69.0,64.0,49.0,70.0,44.0,71.0,74.0,61.0,76.0,74.0,78.0,76.0,60.0,61.0,52.0,70.0,50.0,95.0,4,0,0,0,4,0,,,,,,2.0,,,,,,,,2.0,,2.0,,,,,,,,,,,,,,,,,,,,,,,,2.0,,,,,,,,,,,,,,,,,,,,,,,,,,,,,,,,,,,,,,,,,,,,,,,,,,,,,,,,,,,,,,,,,,,,,,,,,,,,
1032,Landry Fields,,SG,,"6'7""",,-2.5,,,,,,,,,,,,,D<85 no S7-9 mins,,,,,,,,,,,,,,,,,,,,,,,,,,,,,,,,,,,,,,,,,,,,,,,,,75.0,78.0,45.0,75.0,35.0,,76.0,72.0,72.0,77.0,83.0,85.0,65.0,78.0,75.0,82.0,67.0,66.0,90.0,86.0,79.0,55.0,78.0,40.0,68.0,38.0,52.0,44.0,58.0,64.0,56.0,33.0,70.0,71.0,68.0,40.0,64.0,45.0,78.0,77.0,25.0,74.0,74.0,75.0,49.0,51.0,46.0,60.0,85.0,0,0,0,0,0,0,,,,,,,,,,,,,,,,,,,,,,,,,,,,,,,,,,,,,,,,,,,,,,,,,,,,,,,,,,,,,,,,,,,,,,,,,,,,,,,,,,,,,,,,,,,,,,,,,,,,,,,,,,,,,,,,,,,,
1031,Lachlan Olbrich,,PF,C,"6'10""",Crafty Mid-Post Point Center,-2.5,,,,,,,,,,,,,D<85 no S7-9 mins,,,,,,,,,,,,,,,,,,,,,,,,,,,,,,,,,,,,,,,,,,,,,,,,,68.0,37.0,60.0,50.0,,,59.0,70.0,66.0,61.0,58.0,50.0,50.0,65.0,50.0,48.0,68.0,49.0,85.0,90.0,80.0,66.0,67.0,60.0,65.0,65.0,65.0,69.0,60.0,80.0,59.0,68.0,60.0,48.0,69.0,48.0,51.0,60.0,37.0,47.0,50.0,66.0,50.0,50.0,64.0,62.0,65.0,65.0,95.0,0,0,0,0,0,0,,,,,,,,,,,,,,,,,,,,,,,,,,,,,,,,,,,,,,,,,,,,,,,,,,,,,,,,,,,,,,,,,,,,,,,,,,,,,,,,,,,,,,,,,,,,,,,,,,,,,,,,,,,,,,,,,,,,
210,Paul Westphal,,SG,PG,"6'4""",,-2.5,,,,,,,,,,,,,D<85 no S7-9 mins,247.0,293.0,227.0,255.0,,,,,,,,,,,,,,,,,,,,,,,,,,,,,,9.8,,0.5,1.5,0.4,1.5,0.5,6.0,8.0,6.8,0.0,0.0,0.0,3.0,16.0,88.0,80.0,38.0,75.0,35.0,,90.0,91.0,92.0,85.0,86.0,90.0,95.0,80.0,75.0,81.0,50.0,75.0,98.0,98.0,82.0,65.0,95.0,25.0,48.0,40.0,74.0,51.0,89.0,98.0,82.0,84.0,86.0,75.0,84.0,79.0,69.0,38.0,80.0,88.0,28.0,77.0,85.0,90.0,58.0,57.0,58.0,70.0,,8,0,0,6,2,0,,,,3.0,3.0,,3.0,,3.0,,,,,,,,,,,2.0,,,,,2.0,,,,,,,,,3.0,,,,,3.0,,,3.0,48.0,13.0,9.0,8.0,0.0,0.0,1.0,5.0,12.0,2.0,5.0,1.0,2.0,1.0,8.0,3.0,16.0,4.3,3.0,2.7,0.0,0.0,0.3,0.3,2.7,1.0,0.42,0.43,0.4,0.5,9.8,6.8,6.0,0.0,0.0,0.8,0.8,6.0,2.3,,,,,0.5,0.5,0.19,0.27,,,,,,,,,,,,,,,,,,,,,,,,,,,
206,Terry Cummings,1984-85 Bucks,PF,C,"6'9""",,-2.5,,,,,,,,,,,,,D<85 no S7-9 mins,,409.0,383.0,437.0,,,,,,,,,,,,,,,,,,,,,,,,,,,,,,7.2,,0.51,0.0,,2.88,0.5,2.9,,13.0,1.4,0.0,,13.0,1.9,88.0,61.0,80.0,67.0,50.0,,78.0,88.0,75.0,52.0,74.0,84.0,95.0,79.0,67.0,61.0,87.0,87.0,86.0,76.0,87.0,85.0,81.0,82.0,80.0,91.0,91.0,90.0,82.0,85.0,61.0,55.0,68.0,56.0,72.0,52.0,74.0,80.0,61.0,67.0,72.0,77.0,75.0,85.0,82.0,79.0,85.0,95.0,92.0,10,0,0,2,5,3,,,,3.0,,2.0,2.0,,,2.0,,3.0,2.0,,2.0,1.0,,,1.0,,,,,,,,1.0,,,,,,,,,,,,,,,13.0,25.0,5.0,9.0,2.0,1.0,0.0,0.0,2.0,4.0,0.0,0.0,1.0,2.0,1.0,8.0,1.0,1.9,0.4,0.7,0.2,0.1,0.0,0.0,0.1,0.6,0.1,0.5,0.5,,0.5,7.2,13.0,2.9,1.4,0.0,0.0,1.4,11.5,1.4,,,,,0.5,0.51,0.36,0.2,,,,,,,,,,,,,,,,,,,,,,,,,,,
197,Derrick Coleman,Nets,PF,C,"6'10""",,-2.5,,,,,,,,,,,,,D<85 no S7-9 mins,,373.0,254.0,362.0,,,,,,,,,,,,,,,,,,,,,,,,,,,,,,0.0,,,0.0,,0.0,,0.0,,0.0,0.0,0.0,,1.0,1.0,88.0,46.0,83.0,63.0,55.0,,88.0,92.0,88.0,78.0,81.0,96.0,95.0,73.0,63.0,46.0,92.0,52.0,95.0,80.0,82.0,83.0,79.0,70.0,65.0,90.0,84.0,92.0,88.0,92.0,50.0,55.0,48.0,25.0,74.0,50.0,73.0,83.0,46.0,57.0,82.0,84.0,77.0,85.0,87.0,84.0,90.0,70.0,92.0,8,0,0,8,0,0,,,,3.0,,3.0,,,,,3.0,3.0,3.0,,3.0,,,,3.0,,,,,,,,,,,,,,,,,,,3.0,,,,1.0,1.0,0.0,0.0,0.0,0.0,0.0,0.0,0.0,0.0,0.0,0.0,0.0,0.0,0.0,0.0,0.0,1.0,0.0,0.0,0.0,0.0,0.0,0.0,0.0,0.0,0.0,,,,,0.0,0.0,0.0,0.0,0.0,0.0,0.0,0.0,0.0,,,,,,,0.0,0.0,,,,,,,,,,,,,,,,,,,,,,,,,,,
994,Johnny Juzang,,SG,SF,"6'5""",Crafty Sharpshooter,-2.5,,,,,,,,,,,,,D<85 no S7-9 mins,,,,,,,,,,,,,,,,,,,,,,,,,,,,,,,,,,,,,,,,,,,,,,,,,72.0,58.0,50.0,70.0,0.0,,76.0,89.0,89.0,81.0,83.0,65.0,50.0,72.0,70.0,70.0,55.0,72.0,85.0,75.0,80.0,61.0,71.0,35.0,75.0,55.0,59.0,64.0,44.0,85.0,59.0,59.0,72.0,66.0,62.0,34.0,49.0,50.0,58.0,42.0,40.0,52.0,50.0,50.0,48.0,43.0,54.0,75.0,85.0,0,0,0,0,0,0,,,,,,,,,,,,,,,,,,,,,,,,,,,,,,,,,,,,,,,,,,,,,,,,,,,,,,,,,,,,,,,,,,,,,,,,,,,,,,,,,,,,,,,,,,,,,,,,,,,,,,,,,,,,,,,,,,,,
1044,Luke Travers,,SF,PF,"6'7""",Iso Sniper,-2.5,,,,,,,,,,,,,D<85 no S7-9 mins,,,,,,,,,,,,,,,,,,,,,,,,,,,,,,,,,,,,,,,,,,,,,,,,,69.0,62.0,52.0,68.0,15.0,,66.0,70.0,72.0,74.0,68.0,60.0,50.0,72.0,68.0,66.0,48.0,75.0,80.0,84.0,80.0,51.0,70.0,30.0,65.0,35.0,34.0,30.0,54.0,90.0,59.0,64.0,71.0,65.0,63.0,31.0,50.0,52.0,62.0,36.0,56.0,52.0,45.0,50.0,35.0,37.0,33.0,60.0,85.0,0,0,0,0,0,0,,,,,,,,,,,,,,,,,,,,,,,,,,,,,,,,,,,,,,,,,,,,,,,,,,,,,,,,,,,,,,,,,,,,,,,,,,,,,,,,,,,,,,,,,,,,,,,,,,,,,,,,,,,,,,,,,,,,
992,Johnny Davis,,SG,,"6'2""",,-2.5,,,,,,,,,,,,,D<85 no S7-9 mins,,,,,,,,,,,,,,,,,,,,,,,,,,,,,,,,,,,,,,,,,,,,,,,,,72.0,58.0,40.0,76.0,0.0,,76.0,75.0,74.0,64.0,86.0,98.0,60.0,72.0,76.0,75.0,41.0,65.0,80.0,89.0,81.0,49.0,82.0,25.0,55.0,27.0,44.0,28.0,54.0,79.0,75.0,75.0,78.0,76.0,75.0,72.0,49.0,40.0,58.0,43.0,30.0,58.0,57.0,60.0,38.0,39.0,36.0,75.0,85.0,1,0,0,0,0,1,,,,,,,,,,,,,,,,,,,,,,,,1.0,,,,,,,,,,,,,,,,,,,,,,,,,,,,,,,,,,,,,,,,,,,,,,,,,,,,,,,,,,,,,,,,,,,,,,,,,,,,,,,,,,,,,,,,,,,,
991,Johni Broome,,PF,C,"6'10""",Shot-Erasing Middy Crasher,-2.5,,,,,,,,,,,,,D<85 no S7-9 mins,,,,,,,,,,,,,,,,,,,,,,,,,,,,,,,,,,,,,,,,,,,,,,,,,70.0,60.0,70.0,60.0,40.0,,63.0,75.0,75.0,69.0,60.0,50.0,50.0,69.0,60.0,62.0,71.0,51.0,80.0,90.0,80.0,67.0,72.0,50.0,60.0,70.0,70.0,70.0,55.0,90.0,61.0,69.0,67.0,57.0,69.0,42.0,61.0,70.0,60.0,49.0,72.0,67.0,47.0,60.0,69.0,69.0,69.0,40.0,95.0,0,0,0,0,0,0,,,,,,,,,,,,,,,,,,,,,,,,,,,,,,,,,,,,,,,,,,,,,,,,,,,,,,,,,,,,,,,,,,,,,,,,,,,,,,,,,,,,,,,,,,,,,,,,,,,,,,,,,,,,,,,,,,,,
990,John Tonje,,SF,SG,"6'5""",Crafty 3-Level Scorer,-2.5,,,,,,,,,,,,,D<85 no S7-9 mins,,,,,,,,,,,,,,,,,,,,,,,,,,,,,,,,,,,,,,,,,,,,,,,,,69.0,62.0,50.0,74.0,0.0,,70.0,80.0,80.0,81.0,87.0,50.0,40.0,74.0,74.0,74.0,55.0,79.0,85.0,75.0,80.0,54.0,78.0,35.0,70.0,40.0,40.0,40.0,44.0,85.0,58.0,58.0,70.0,67.0,58.0,37.0,49.0,50.0,62.0,42.0,40.0,52.0,50.0,50.0,48.0,43.0,54.0,40.0,95.0,0,0,0,0,0,0,,,,,,,,,,,,,,,,,,,,,,,,,,,,,,,,,,,,,,,,,,,,,,,,,,,,,,,,,,,,,,,,,,,,,,,,,,,,,,,,,,,,,,,,,,,,,,,,,,,,,,,,,,,,,,,,,,,,
989,John Salley,,PF,C,"6'11""",,-2.5,,,,,,,,,,,,,D<85 no S7-9 mins,,,,,,,,,,,,,,,,,,,,,,,,,,,,,,,,,,,,,,,,,,,,,,,,,69.0,36.0,69.0,40.0,99.0,,54.0,57.0,38.0,27.0,69.0,80.0,55.0,57.0,40.0,36.0,65.0,57.0,66.0,68.0,70.0,56.0,50.0,70.0,48.0,45.0,50.0,50.0,68.0,68.0,43.0,50.0,45.0,27.0,49.0,43.0,62.0,69.0,36.0,61.0,71.0,68.0,69.0,60.0,66.0,65.0,67.0,80.0,85.0,0,0,0,0,0,0,,,,,,,,,,,,,,,,,,,,,,,,,,,,,,,,,,,,,,,,,,,,,,,,,,,,,,,,,,,,,,,,,,,,,,,,,,,,,,,,,,,,,,,,,,,,,,,,,,,,,,,,,,,,,,,,,,,,
1019,Kevin Ollie,,PG,,"6'2""",,-2.5,,,,,,,,,,,,,D<85 no S7-9 mins,,,,,,,,,,,,,,,,,,,,,,,,,,,,,,,,,,,,,,,,,,,,,,,,,73.0,74.0,36.0,77.0,0.0,,71.0,62.0,77.0,76.0,76.0,65.0,70.0,74.0,77.0,76.0,49.0,65.0,88.0,85.0,80.0,45.0,68.0,25.0,25.0,42.0,39.0,31.0,49.0,80.0,78.0,81.0,78.0,76.0,82.0,71.0,58.0,36.0,74.0,59.0,30.0,70.0,72.0,65.0,41.0,32.0,49.0,60.0,82.0,6,0,0,0,3,3,,,,,,,,,,,,,,,,,,2.0,2.0,,,,1.0,1.0,2.0,,,,,,,,,1.0,,,,,,,,,,,,,,,,,,,,,,,,,,,,,,,,,,,,,,,,,,,,,,,,,,,,,,,,,,,,,,,,,,,,,,,,,,,,,,,,,,
1018,Kevin McCullar Jr.,,SF,SG,"6'6""",3-Level-Diming Crasher,-2.5,,,,,,,,,,,,,D<85 no S7-9 mins,,,,,,,,,,,,,,,,,,,,,,,,,,,,,,,,,,,,,,,,,,,,,,,,,71.0,72.0,52.0,75.0,0.0,,66.0,76.0,75.0,74.0,79.0,50.0,40.0,76.0,75.0,82.0,55.0,75.0,90.0,80.0,80.0,63.0,76.0,45.0,75.0,59.0,62.0,60.0,45.0,85.0,60.0,68.0,66.0,68.0,67.0,33.0,62.0,52.0,72.0,56.0,63.0,70.0,68.0,50.0,64.0,74.0,55.0,40.0,95.0,0,0,0,0,0,0,,,,,,,,,,,,,,,,,,,,,,,,,,,,,,,,,,,,,,,,,,,,,,,,,,,,,,,,,,,,,,,,,,,,,,,,,,,,,,,,,,,,,,,,,,,,,,,,,,,,,,,,,,,,,,,,,,,,
1017,Kevin Lynch,,SG,SF,"6'5""",,-2.5,,,,,,,,,,,,,D<85 no S7-9 mins,,,,,,,,,,,,,,,,,,,,,,,,,,,,,,,,,,,,,,,,,,,,,,,,,65.0,60.0,33.0,56.0,40.0,,66.0,73.0,66.0,65.0,68.0,60.0,65.0,64.0,56.0,64.0,40.0,55.0,75.0,80.0,80.0,47.0,64.0,25.0,47.0,25.0,51.0,25.0,70.0,70.0,54.0,54.0,68.0,58.0,50.0,39.0,54.0,33.0,60.0,62.0,51.0,60.0,55.0,60.0,45.0,46.0,43.0,63.0,82.0,0,0,0,0,0,0,,,,,,,,,,,,,,,,,,,,,,,,,,,,,,,,,,,,,,,,,,,,,,,,,,,,,,,,,,,,,,,,,,,,,,,,,,,,,,,,,,,,,,,,,,,,,,,,,,,,,,,,,,,,,,,,,,,,
1016,Kevin Grevey,,SF,,"6'5""",,-2.5,,,,,,,,,,,,,D<85 no S7-9 mins,,,,,,,,,,,,,,,,,,,,,,,,,,,,,,,,,,,,,,,,,,,,,,,,,73.0,68.0,49.0,68.0,30.0,,77.0,70.0,84.0,77.0,85.0,75.0,70.0,77.0,68.0,68.0,66.0,77.0,85.0,84.0,92.0,60.0,74.0,45.0,65.0,52.0,55.0,54.0,52.0,85.0,59.0,58.0,74.0,65.0,57.0,40.0,54.0,49.0,68.0,65.0,35.0,53.0,60.0,50.0,47.0,48.0,46.0,45.0,89.0,2,0,0,1,1,0,,,,,,,,,,,,,,,,,,,,,,,,,,,,,2.0,,3.0,,,,,,,,,,,,,,,,,,,,,,,,,,,,,,,,,,,,,,,,,,,,,,,,,,,,,,,,,,,,,,,,,,,,,,,,,,,,,,,,,,,,,
148,Bob Love,,PF,SF,"6'8""",,-2.5,,,,,,,,,,,,,D<85 no S7-9 mins,,303.0,352.0,396.0,,,,,,,,,,,,,,,,,,,,,,,,,,,,,,20.0,0.72,0.61,0.0,,2.98,0.91,2.2,4.0,5.1,0.5,0.5,0.0,19.0,7.0,89.0,51.0,82.0,69.0,65.0,,89.0,94.0,89.0,72.0,84.0,97.0,98.0,79.0,69.0,79.0,82.0,62.0,95.0,78.0,85.0,86.0,84.0,80.0,75.0,90.0,90.0,86.0,88.0,95.0,55.0,55.0,62.0,55.0,70.0,35.0,70.0,82.0,51.0,60.0,67.0,83.0,70.0,80.0,78.0,74.0,81.0,80.0,92.0,11,0,0,11,0,0,,,,3.0,,3.0,,,,,,3.0,,,3.0,,,,3.0,,,,,,,3.0,,3.0,,,,,3.0,3.0,3.0,,,3.0,,,,19.0,133.0,74.0,19.0,8.0,2.0,2.0,2.0,32.0,56.0,0.0,0.0,10.0,11.0,3.0,16.0,6.0,7.0,3.9,1.0,0.4,0.1,0.1,0.1,0.2,0.8,0.3,0.57,0.57,,0.91,20.0,5.1,2.2,0.5,0.5,0.5,0.8,4.3,1.6,,,,,0.57,0.61,0.14,0.56,,,,,,,,,,,,,,,,,,,,,,,,,,,
1012,Kelly Oubre Jr.,,SF,PF,"6'8""",Mid-Paint Scorer,-2.5,,,,,,,,,,,,,D<85 no S7-9 mins,,,,,,,,,,,,,,,,,,,,,,,,,,,,,,,,,,,,,,,,,,,,,,,,,78.0,74.0,49.0,72.0,0.0,,74.0,91.0,84.0,81.0,76.0,65.0,50.0,79.0,72.0,82.0,58.0,95.0,90.0,75.0,84.0,64.0,84.0,40.0,84.0,45.0,53.0,52.0,70.0,88.0,65.0,73.0,74.0,69.0,75.0,34.0,63.0,49.0,74.0,59.0,56.0,70.0,75.0,55.0,49.0,40.0,58.0,40.0,95.0,13,0,0,1,4,8,,,,2.0,,,1.0,,1.0,,2.0,,,1.0,,,,2.0,1.0,,,,2.0,,,1.0,,,1.0,,1.0,,,,,,,,3.0,1.0,,,,,,,,,,,,,,,,,,,,,,,,,,,,,,,,,,,,,,,,,,,,,,,,,,,,,,,,,,,,,,,,,,,,,,,,,,,,
1013,Kenny Fields,,SF,,"6'5""",,-2.5,,,,,,,,,,,,,D<85 no S7-9 mins,,,,,,,,,,,,,,,,,,,,,,,,,,,,,,,,,,,,,,,,,,,,,,,,,70.0,71.0,49.0,71.0,25.0,,62.0,65.0,67.0,45.0,75.0,77.0,40.0,74.0,71.0,72.0,42.0,79.0,92.0,81.0,81.0,47.0,64.0,25.0,40.0,35.0,51.0,44.0,50.0,70.0,58.0,55.0,60.0,69.0,46.0,60.0,52.0,49.0,71.0,40.0,47.0,49.0,56.0,55.0,61.0,59.0,62.0,98.0,85.0,0,0,0,0,0,0,,,,,,,,,,,,,,,,,,,,,,,,,,,,,,,,,,,,,,,,,,,,,,,,,,,,,,,,,,,,,,,,,,,,,,,,,,,,,,,,,,,,,,,,,,,,,,,,,,,,,,,,,,,,,,,,,,,,
1042,Lorenzen Wright,,C,,"6'11""",,-2.5,,,,,,,,,,,,,D<85 no S7-9 mins,,,,,,,,,,,,,,,,,,,,,,,,,,,,,,,,,,,,,,,,,,,,,,,,,75.0,47.0,78.0,58.0,99.0,,58.0,73.0,72.0,25.0,65.0,70.0,40.0,72.0,58.0,51.0,80.0,75.0,85.0,75.0,83.0,66.0,71.0,70.0,70.0,70.0,58.0,64.0,54.0,70.0,39.0,34.0,48.0,44.0,35.0,34.0,61.0,78.0,47.0,40.0,75.0,75.0,44.0,70.0,77.0,74.0,79.0,60.0,92.0,9,0,0,1,2,6,,,,,,1.0,,,,1.0,,,,,,2.0,,,,,,,,,,,,1.0,,,,,,,1.0,3.0,1.0,1.0,,2.0,,,,,,,,,,,,,,,,,,,,,,,,,,,,,,,,,,,,,,,,,,,,,,,,,,,,,,,,,,,,,,,,,,,,,,,,,,,,
1040,Lindy Waters III,,SG,SF,"6'6""",Crafty Sharpshooter,-2.5,,,,,,,,,,,,,D<85 no S7-9 mins,,,,,,,,,,,,,,,,,,,,,,,,,,,,,,,,,,,,,,,,,,,,,,,,,73.0,67.0,53.0,60.0,0.0,,80.0,90.0,85.0,75.0,80.0,75.0,75.0,64.0,60.0,69.0,33.0,67.0,83.0,70.0,80.0,51.0,70.0,25.0,65.0,28.0,54.0,34.0,65.0,70.0,58.0,69.0,69.0,50.0,67.0,37.0,55.0,53.0,67.0,46.0,55.0,62.0,62.0,40.0,48.0,37.0,60.0,60.0,95.0,2,0,0,0,2,0,,,,2.0,,,,,,,,,,,,,,,,,,,,,,,,,,,,,,,,,,,2.0,,,,,,,,,,,,,,,,,,,,,,,,,,,,,,,,,,,,,,,,,,,,,,,,,,,,,,,,,,,,,,,,,,,,,,,,,,,,,
1038,Leonard Miller,,PF,SF,"6'10""",Blow-By Rim Rocker,-2.5,,,,,,,,,,,,,D<85 no S7-9 mins,,,,,,,,,,,,,,,,,,,,,,,,,,,,,,,,,,,,,,,,,,,,,,,,,71.0,63.0,57.0,73.0,99.0,,71.0,74.0,70.0,71.0,83.0,70.0,60.0,75.0,73.0,73.0,55.0,82.0,90.0,75.0,80.0,64.0,75.0,65.0,85.0,59.0,54.0,55.0,37.0,80.0,57.0,51.0,70.0,70.0,52.0,43.0,55.0,57.0,63.0,52.0,57.0,60.0,59.0,40.0,63.0,55.0,71.0,50.0,95.0,0,0,0,0,0,0,,,,,,,,,,,,,,,,,,,,,,,,,,,,,,,,,,,,,,,,,,,,,,,,,,,,,,,,,,,,,,,,,,,,,,,,,,,,,,,,,,,,,,,,,,,,,,,,,,,,,,,,,,,,,,,,,,,,
936,Hakim Warrick,,PF,C,"6'9""",,-2.5,,,,,,,,,,,,,D<85 no S7-9 mins,,,,,,,,,,,,,,,,,,,,,,,,,,,,,,,,,,,,,,,,,,,,,,,,,74.0,48.0,64.0,76.0,85.0,,64.0,74.0,62.0,37.0,66.0,98.0,45.0,74.0,76.0,48.0,60.0,86.0,80.0,85.0,84.0,67.0,68.0,85.0,80.0,58.0,60.0,59.0,44.0,80.0,47.0,49.0,40.0,57.0,47.0,44.0,56.0,64.0,48.0,48.0,60.0,60.0,65.0,45.0,68.0,66.0,70.0,70.0,89.0,2,0,0,1,0,1,,,,,,1.0,,,,,,,,3.0,,,,,,,,,,,,,,,,,,,,,,,,,,,,,,,,,,,,,,,,,,,,,,,,,,,,,,,,,,,,,,,,,,,,,,,,,,,,,,,,,,,,,,,,,,,,,,,,,,,,,,
935,Greg Smith,,PF,SF,"6'5""",,-2.5,,,,,,,,,,,,,D<85 no S7-9 mins,,,,,,,,,,,,,,,,,,,,,,,,,,,,,,,,,,,,,,,,,,,,,,,,,74.0,49.0,82.0,69.0,75.0,,58.0,65.0,50.0,35.0,66.0,65.0,65.0,73.0,69.0,49.0,63.0,71.0,82.0,98.0,80.0,64.0,65.0,60.0,75.0,60.0,60.0,60.0,66.0,66.0,63.0,68.0,54.0,67.0,64.0,64.0,64.0,82.0,49.0,68.0,44.0,70.0,68.0,70.0,75.0,79.0,70.0,98.0,85.0,1,0,0,0,0,1,,,,,,,,,,,,,,,1.0,,,,,,,,,,,,,,,,,,,,,,,,,,,,,,,,,,,,,,,,,,,,,,,,,,,,,,,,,,,,,,,,,,,,,,,,,,,,,,,,,,,,,,,,,,,,,,,,,,,,,
934,Greg Ostertag,,C,PF,"7'2""",,-2.5,,,,,,,,,,,,,D<85 no S7-9 mins,,,,,,,,,,,,,,,,,,,,,,,,,,,,,,,,,,,,,,,,,,,,,,,,,70.0,25.0,76.0,25.0,99.0,,49.0,48.0,35.0,25.0,47.0,85.0,55.0,57.0,25.0,25.0,90.0,25.0,90.0,60.0,81.0,55.0,25.0,90.0,40.0,65.0,30.0,40.0,68.0,80.0,29.0,34.0,27.0,25.0,33.0,27.0,58.0,76.0,25.0,59.0,94.0,60.0,44.0,50.0,85.0,89.0,80.0,85.0,85.0,6,0,0,1,1,4,,,,,,2.0,,,,,,,,,,3.0,,,,,,,,,,1.0,,1.0,,,,,,,,1.0,,,,1.0,,,,,,,,,,,,,,,,,,,,,,,,,,,,,,,,,,,,,,,,,,,,,,,,,,,,,,,,,,,,,,,,,,,,,,,,,,,,
933,Greg Kite,,C,,"6'11""",,-2.5,,,,,,,,,,,,,D<85 no S7-9 mins,,,,,,,,,,,,,,,,,,,,,,,,,,,,,,,,,,,,,,,,,,,,,,,,,68.0,33.0,66.0,52.0,99.0,,49.0,74.0,27.0,27.0,48.0,75.0,40.0,60.0,52.0,33.0,72.0,47.0,75.0,58.0,80.0,60.0,66.0,73.0,58.0,65.0,60.0,65.0,38.0,58.0,32.0,28.0,38.0,38.0,25.0,29.0,49.0,66.0,33.0,28.0,52.0,66.0,57.0,40.0,77.0,81.0,73.0,70.0,85.0,0,0,0,0,0,0,,,,,,,,,,,,,,,,,,,,,,,,,,,,,,,,,,,,,,,,,,,,,,,,,,,,,,,,,,,,,,,,,,,,,,,,,,,,,,,,,,,,,,,,,,,,,,,,,,,,,,,,,,,,,,,,,,,,
932,Greg Foster,,PF,C,"6'11""",,-2.5,,,,,,,,,,,,,D<85 no S7-9 mins,,,,,,,,,,,,,,,,,,,,,,,,,,,,,,,,,,,,,,,,,,,,,,,,,69.0,28.0,68.0,31.0,0.0,,67.0,66.0,50.0,48.0,77.0,89.0,70.0,52.0,31.0,28.0,70.0,30.0,60.0,65.0,82.0,56.0,48.0,71.0,40.0,44.0,63.0,62.0,54.0,62.0,39.0,45.0,45.0,25.0,48.0,31.0,59.0,68.0,28.0,55.0,55.0,68.0,70.0,70.0,69.0,63.0,75.0,85.0,79.0,0,0,0,0,0,0,,,,,,,,,,,,,,,,,,,,,,,,,,,,,,,,,,,,,,,,,,,,,,,,,,,,,,,,,,,,,,,,,,,,,,,,,,,,,,,,,,,,,,,,,,,,,,,,,,,,,,,,,,,,,,,,,,,,
1030,Kyle Mangas,,SG,PG,"6'4""",Diming Sharpshooter,-2.5,,,,,,,,,,,,,D<85 no S7-9 mins,,,,,,,,,,,,,,,,,,,,,,,,,,,,,,,,,,,,,,,,,,,,,,,,,68.0,60.0,27.0,70.0,0.0,,71.0,72.0,76.0,83.0,76.0,70.0,50.0,71.0,70.0,69.0,54.0,70.0,84.0,65.0,84.0,43.0,71.0,25.0,45.0,25.0,40.0,25.0,40.0,75.0,68.0,72.0,70.0,68.0,72.0,60.0,52.0,27.0,60.0,67.0,40.0,55.0,67.0,50.0,52.0,49.0,55.0,50.0,82.0,0,0,0,0,0,0,,,,,,,,,,,,,,,,,,,,,,,,,,,,,,,,,,,,,,,,,,,,,,,,,,,,,,,,,,,,,,,,,,,,,,,,,,,,,,,,,,,,,,,,,,,,,,,,,,,,,,,,,,,,,,,,,,,,
1029,Kyle Macy,,PG,SG,"6'3""",,-2.5,,,,,,,,,,,,,D<85 no S7-9 mins,,,,,,,,,,,,,,,,,,,,,,,,,,,,,,,,,,,,,,,,,,,,,,,,,72.0,70.0,25.0,73.0,25.0,,75.0,72.0,74.0,85.0,81.0,75.0,65.0,69.0,73.0,81.0,36.0,57.0,85.0,70.0,80.0,38.0,60.0,25.0,25.0,25.0,29.0,25.0,41.0,73.0,75.0,79.0,77.0,72.0,77.0,72.0,55.0,25.0,70.0,62.0,32.0,74.0,60.0,60.0,38.0,34.0,41.0,60.0,85.0,2,0,0,0,2,0,,,2.0,2.0,,,,,,,,,,,,,,,,,,,,,,,,,,,,,,,,,,,,,,,,,,,,,,,,,,,,,,,,,,,,,,,,,,,,,,,,,,,,,,,,,,,,,,,,,,,,,,,,,,,,,,,,,,,,,,,,
1028,Kurt Thomas,,PF,,"6'9""",,-2.5,,,,,,,,,,,,,D<85 no S7-9 mins,,,,,,,,,,,,,,,,,,,,,,,,,,,,,,,,,,,,,,,,,,,,,,,,,75.0,42.0,76.0,55.0,85.0,,65.0,80.0,68.0,25.0,61.0,79.0,75.0,65.0,55.0,32.0,64.0,70.0,78.0,72.0,84.0,64.0,60.0,70.0,40.0,68.0,70.0,71.0,57.0,75.0,45.0,48.0,38.0,44.0,45.0,51.0,62.0,76.0,42.0,52.0,49.0,71.0,64.0,80.0,80.0,79.0,80.0,98.0,89.0,2,0,0,0,0,2,,,,,,,,,,,,,,,,,,,,,,,,,,,,,,,,,,,1.0,1.0,,,,,,,,,,,,,,,,,,,,,,,,,,,,,,,,,,,,,,,,,,,,,,,,,,,,,,,,,,,,,,,,,,,,,,,,,,,,,,,,
1027,Kurt Rambis,,PF,C,"6'8""",,-2.5,,,,,,,,,,,,,D<85 no S7-9 mins,,,,,,,,,,,,,,,,,,,,,,,,,,,,,,,,,,,,,,,,,,,,,,,,,75.0,34.0,82.0,39.0,99.0,,67.0,74.0,69.0,28.0,76.0,85.0,70.0,63.0,39.0,34.0,66.0,47.0,70.0,97.0,85.0,60.0,47.0,68.0,42.0,62.0,54.0,64.0,68.0,71.0,36.0,40.0,35.0,25.0,48.0,30.0,67.0,82.0,34.0,71.0,55.0,80.0,69.0,80.0,80.0,83.0,76.0,98.0,85.0,1,0,0,0,1,0,,,,,,,,,,,,,,,,,,,,,,,,,,,,,,,,,,,,2.0,,,,,,,,,,,,,,,,,,,,,,,,,,,,,,,,,,,,,,,,,,,,,,,,,,,,,,,,,,,,,,,,,,,,,,,,,,,,,,,,
1026,Kris Murray,,SF,PF,"6'8""",Crafty Mid-Paint Scorer,-2.5,,,,,,,,,,,,,D<85 no S7-9 mins,,,,,,,,,,,,,,,,,,,,,,,,,,,,,,,,,,,,,,,,,,,,,,,,,75.0,66.0,60.0,68.0,10.0,,75.0,92.0,77.0,67.0,71.0,75.0,70.0,74.0,68.0,73.0,60.0,75.0,90.0,80.0,80.0,61.0,70.0,60.0,75.0,50.0,52.0,52.0,50.0,80.0,57.0,60.0,69.0,62.0,60.0,32.0,61.0,60.0,66.0,63.0,56.0,65.0,66.0,50.0,55.0,62.0,48.0,75.0,95.0,0,0,0,0,0,0,,,,,,,,,,,,,,,,,,,,,,,,,,,,,,,,,,,,,,,,,,,,,,,,,,,,,,,,,,,,,,,,,,,,,,,,,,,,,,,,,,,,,,,,,,,,,,,,,,,,,,,,,,,,,,,,,,,,
1025,Kobe Sanders,,SF,PG,"6'8""",3-Level Scorer,-2.5,,,,,,,,,,,,,D<85 no S7-9 mins,,,,,,,,,,,,,,,,,,,,,,,,,,,,,,,,,,,,,,,,,,,,,,,,,76.0,57.0,48.0,77.0,50.0,,78.0,82.0,74.0,82.0,80.0,80.0,70.0,74.0,77.0,75.0,42.0,75.0,85.0,90.0,80.0,68.0,79.0,70.0,85.0,47.0,52.0,49.0,64.0,95.0,69.0,70.0,75.0,74.0,79.0,47.0,47.0,48.0,57.0,43.0,37.0,51.0,50.0,45.0,45.0,38.0,52.0,70.0,95.0,2,0,0,0,0,2,,,,1.0,,,,,,,1.0,,,,,,,,,,,,,,,,,,,,,,,,,,,,,,,,,,,,,,,,,,,,,,,,,,,,,,,,,,,,,,,,,,,,,,,,,,,,,,,,,,,,,,,,,,,,,,,,,,,,,,,,,
1024,Kobe Brown,,PF,SF,"6'7""",Board-Hunting Crafty Finisher,-2.5,,,,,,,,,,,,,D<85 no S7-9 mins,,,,,,,,,,,,,,,,,,,,,,,,,,,,,,,,,,,,,,,,,,,,,,,,,71.0,62.0,62.0,60.0,25.0,,69.0,78.0,72.0,73.0,82.0,50.0,60.0,72.0,60.0,62.0,74.0,66.0,88.0,85.0,80.0,66.0,79.0,60.0,65.0,64.0,64.0,64.0,50.0,80.0,61.0,69.0,70.0,57.0,70.0,41.0,53.0,62.0,62.0,41.0,47.0,60.0,57.0,45.0,64.0,66.0,61.0,60.0,95.0,0,0,0,0,0,0,,,,,,,,,,,,,,,,,,,,,,,,,,,,,,,,,,,,,,,,,,,,,,,,,,,,,,,,,,,,,,,,,,,,,,,,,,,,,,,,,,,,,,,,,,,,,,,,,,,,,,,,,,,,,,,,,,,,
1023,Kobe Brea,,SG,SF,"6'7""",Diming Sharpshooter,-2.5,,,,,,,,,,,,,D<85 no S7-9 mins,,,,,,,,,,,,,,,,,,,,,,,,,,,,,,,,,,,,,,,,,,,,,,,,,68.0,59.0,48.0,68.0,5.0,,72.0,72.0,74.0,84.0,89.0,60.0,50.0,70.0,68.0,66.0,51.0,64.0,85.0,88.0,80.0,51.0,71.0,40.0,60.0,40.0,41.0,40.0,30.0,85.0,60.0,68.0,67.0,62.0,66.0,37.0,51.0,48.0,59.0,42.0,45.0,59.0,55.0,50.0,49.0,41.0,57.0,50.0,95.0,1,0,0,0,0,1,,,,1.0,,,,,,,,,,,,,,,,,,,,,,,,,,,,,,,,,,,,,,,,,,,,,,,,,,,,,,,,,,,,,,,,,,,,,,,,,,,,,,,,,,,,,,,,,,,,,,,,,,,,,,,,,,,,,,,,
1021,Khaman Maluach,,C,,"7'2""",Disruptive Lob Threat,-2.5,,,,,,,,,,,,,D<85 no S7-9 mins,,,,,,,,,,,,,,,,,,,,,,,,,,,,,,,,,,,,,,,,,,,,,,,,,73.0,63.0,81.0,48.0,75.0,,57.0,70.0,66.0,50.0,76.0,50.0,30.0,69.0,48.0,63.0,70.0,65.0,85.0,85.0,80.0,67.0,71.0,85.0,80.0,65.0,52.0,60.0,40.0,85.0,43.0,51.0,44.0,37.0,51.0,30.0,75.0,81.0,63.0,83.0,85.0,82.0,57.0,75.0,68.0,72.0,65.0,40.0,95.0,5,0,0,0,1,4,,,,,,1.0,,,,,,,,,,1.0,,,,,,,,,,,,2.0,,,,,1.0,,,,,,,1.0,,,,,,,,,,,,,,,,,,,,,,,,,,,,,,,,,,,,,,,,,,,,,,,,,,,,,,,,,,,,,,,,,,,,,,,,,,,,
1020,Keyon Dooling,,PG,,"6'3""",,-2.5,,,,,,,,,,,,,D<85 no S7-9 mins,,,,,,,,,,,,,,,,,,,,,,,,,,,,,,,,,,,,,,,,,,,,,,,,,72.0,60.0,45.0,70.0,0.0,,76.0,75.0,77.0,79.0,86.0,70.0,70.0,70.0,70.0,70.0,46.0,65.0,85.0,75.0,82.0,50.0,79.0,30.0,30.0,30.0,45.0,43.0,69.0,75.0,73.0,74.0,79.0,65.0,75.0,73.0,54.0,45.0,60.0,47.0,30.0,70.0,67.0,60.0,42.0,38.0,45.0,65.0,82.0,1,0,0,0,1,0,,,,,,,,,,,,,,,,,,,,,,,,,,,,,,,,,,,,,,,2.0,,,,,,,,,,,,,,,,,,,,,,,,,,,,,,,,,,,,,,,,,,,,,,,,,,,,,,,,,,,,,,,,,,,,,,,,,,,,,
921,Gabe McGlothan,,PF,,"6'7""",,-2.5,,,,,,,,,,,,,D<85 no S7-9 mins,,,,,,,,,,,,,,,,,,,,,,,,,,,,,,,,,,,,,,,,,,,,,,,,,68.0,67.0,67.0,66.0,35.0,,62.0,69.0,66.0,74.0,84.0,50.0,30.0,76.0,66.0,66.0,67.0,75.0,88.0,90.0,80.0,63.0,67.0,60.0,75.0,62.0,62.0,62.0,44.0,75.0,53.0,52.0,68.0,57.0,54.0,34.0,61.0,67.0,67.0,50.0,50.0,69.0,67.0,55.0,63.0,62.0,64.0,40.0,82.0,0,0,0,0,0,0,,,,,,,,,,,,,,,,,,,,,,,,,,,,,,,,,,,,,,,,,,,,,,,,,,,,,,,,,,,,,,,,,,,,,,,,,,,,,,,,,,,,,,,,,,,,,,,,,,,,,,,,,,,,,,,,,,,,
920,Fred Hetzel,,SF,,"6'8""",,-2.5,,,,,,,,,,,,,D<85 no S7-9 mins,,,,,,,,,,,,,,,,,,,,,,,,,,,,,,,,,,,,,,,,,,,,,,,,,75.0,69.0,75.0,62.0,50.0,,79.0,75.0,82.0,74.0,84.0,79.0,80.0,69.0,62.0,51.0,66.0,62.0,80.0,77.0,85.0,69.0,74.0,60.0,50.0,72.0,71.0,72.0,72.0,80.0,51.0,49.0,62.0,55.0,58.0,32.0,68.0,75.0,69.0,65.0,69.0,72.0,58.0,65.0,61.0,59.0,62.0,50.0,85.0,0,0,0,0,0,0,,,,,,,,,,,,,,,,,,,,,,,,,,,,,,,,,,,,,,,,,,,,,,,,,,,,,,,,,,,,,,,,,,,,,,,,,,,,,,,,,,,,,,,,,,,,,,,,,,,,,,,,,,,,,,,,,,,,
919,Ethan Thompson,,SG,SF,"6'5""",Crafty Sharpshooter,-2.5,,,,,,,,,,,,,D<85 no S7-9 mins,,,,,,,,,,,,,,,,,,,,,,,,,,,,,,,,,,,,,,,,,,,,,,,,,72.0,61.0,48.0,76.0,0.0,,76.0,89.0,78.0,73.0,83.0,80.0,55.0,70.0,76.0,70.0,59.0,69.0,81.0,68.0,80.0,53.0,71.0,40.0,60.0,40.0,40.0,41.0,50.0,80.0,66.0,70.0,70.0,73.0,70.0,48.0,50.0,48.0,61.0,41.0,53.0,58.0,44.0,45.0,44.0,45.0,43.0,70.0,95.0,0,0,0,0,0,0,,,,,,,,,,,,,,,,,,,,,,,,,,,,,,,,,,,,,,,,,,,,,,,,,,,,,,,,,,,,,,,,,,,,,,,,,,,,,,,,,,,,,,,,,,,,,,,,,,,,,,,,,,,,,,,,,,,,
918,Enrique Freeman,,PF,C,"6'7""",Bouncy Dual Finisher,-2.5,,,,,,,,,,,,,D<85 no S7-9 mins,,,,,,,,,,,,,,,,,,,,,,,,,,,,,,,,,,,,,,,,,,,,,,,,,69.0,66.0,66.0,74.0,95.0,,56.0,74.0,66.0,66.0,67.0,35.0,30.0,79.0,74.0,74.0,60.0,81.0,88.0,95.0,80.0,65.0,74.0,60.0,80.0,61.0,61.0,62.0,40.0,80.0,54.0,59.0,62.0,59.0,60.0,32.0,58.0,66.0,66.0,35.0,56.0,68.0,63.0,50.0,48.0,40.0,57.0,75.0,95.0,0,0,0,0,0,0,,,,,,,,,,,,,,,,,,,,,,,,,,,,,,,,,,,,,,,,,,,,,,,,,,,,,,,,,,,,,,,,,,,,,,,,,,,,,,,,,,,,,,,,,,,,,,,,,,,,,,,,,,,,,,,,,,,,
259,Danny Manning,,PF,,"6'10""",,-2.5,,,,,,,,,,,,,D<85 no S7-9 mins,,339.0,355.0,424.0,,,,,,,,,,,,,,,,,,,,,,,,,,,,,,13.5,,0.75,0.0,,0.0,,2.3,,6.8,0.0,0.0,,10.0,1.6,87.0,44.0,82.0,74.0,50.0,,80.0,88.0,84.0,70.0,80.0,75.0,85.0,83.0,74.0,44.0,89.0,90.0,98.0,95.0,90.0,86.0,80.0,85.0,80.0,88.0,89.0,90.0,80.0,98.0,58.0,70.0,54.0,40.0,82.0,45.0,74.0,82.0,44.0,70.0,82.0,84.0,74.0,80.0,86.0,84.0,88.0,60.0,92.0,9,0,0,8,0,1,,,,3.0,,3.0,,,,3.0,3.0,3.0,,,3.0,,,,3.0,,,,,,,,1.0,,,,,,,,,,,3.0,,,,10.0,16.0,6.0,3.0,1.0,0.0,0.0,0.0,3.0,4.0,0.0,0.0,0.0,0.0,1.0,2.0,1.0,1.6,0.6,0.3,0.1,0.0,0.0,0.0,0.1,0.2,0.1,0.75,0.75,,,13.5,6.8,2.3,0.0,0.0,0.0,2.3,4.5,2.3,,,,,0.75,0.75,0.19,0.38,,,,,,,,,,,,,,,,,,,,,,,,,,,
257,Jeff Ruland,,C,PF,"6'10""",,-2.5,,,,,,,,,,,,,D<85 no S7-9 mins,,333.0,406.0,395.0,,,,,,,,,,,,,,,,,,,,,,,,,,,,,,13.5,,0.8,0.0,,9.0,0.5,0.0,,9.0,0.0,0.0,,3.0,2.7,87.0,44.0,73.0,48.0,90.0,,81.0,95.0,77.0,50.0,73.0,95.0,95.0,73.0,48.0,44.0,88.0,68.0,98.0,90.0,78.0,83.0,76.0,80.0,75.0,92.0,87.0,90.0,92.0,75.0,58.0,65.0,41.0,42.0,85.0,59.0,57.0,73.0,44.0,38.0,52.0,78.0,57.0,60.0,83.0,77.0,88.0,95.0,92.0,10,0,0,6,2,2,,,,,,1.0,,,,2.0,1.0,3.0,3.0,,3.0,2.0,,,,,,,,,,,,,,,,,,,,3.0,3.0,3.0,,,,3.0,8.0,3.0,2.0,0.0,0.0,0.0,0.0,1.0,1.0,0.0,0.0,1.0,2.0,0.0,2.0,0.0,2.7,1.0,0.7,0.0,0.0,0.0,0.0,0.0,0.7,0.0,1.0,1.0,,0.5,13.5,9.0,0.0,0.0,0.0,0.0,0.0,9.0,0.0,,,,,1.0,0.8,0.25,0.38,,,,,,,,,,,,,,,,,,,,,,,,,,,
178,LaMarcus Aldridge,Trail Blazers,PF,C,"6'11""",,-2.5,,,,,,,,,,,,,D<85 no S7-9 mins,,214.0,300.0,330.0,,,,,,,,,,,,,,,,,,,,,,,,,,,,,,11.4,,0.45,0.0,0.0,1.82,0.75,2.3,,8.2,0.5,0.5,,12.0,6.6,89.0,37.0,79.0,43.0,75.0,,92.0,96.0,96.0,80.0,86.0,98.0,98.0,67.0,43.0,37.0,82.0,62.0,84.0,78.0,80.0,81.0,77.0,70.0,69.0,92.0,90.0,94.0,79.0,78.0,46.0,55.0,42.0,30.0,70.0,35.0,67.0,79.0,37.0,57.0,67.0,83.0,70.0,75.0,88.0,84.0,92.0,83.0,92.0,8,0,0,5,1,2,,,,3.0,,3.0,,,,,3.0,3.0,,,3.0,,,,1.0,,,,,,,,,,,,,,,,,2.0,,1.0,,,,12.0,79.0,25.0,18.0,5.0,1.0,1.0,0.0,11.0,26.0,0.0,2.0,3.0,4.0,2.0,16.0,0.0,6.6,2.1,1.5,0.4,0.1,0.1,0.0,0.2,1.3,0.0,0.42,0.46,0.0,0.75,11.4,8.2,2.3,0.5,0.5,0.0,0.9,7.3,0.0,,,,,0.42,0.45,0.23,0.32,,,,,,,,,,,,,,,,,,,,,,,,,,,
1014,Kenny Gattison,,PF,C,"6'8""",,-2.5,,,,,,,,,,,,,D<85 no S7-9 mins,,,,,,,,,,,,,,,,,,,,,,,,,,,,,,,,,,,,,,,,,,,,,,,,,77.0,42.0,74.0,39.0,65.0,,66.0,85.0,69.0,38.0,60.0,65.0,80.0,64.0,39.0,42.0,85.0,50.0,66.0,90.0,78.0,79.0,80.0,84.0,80.0,75.0,75.0,75.0,84.0,75.0,34.0,40.0,35.0,25.0,40.0,31.0,65.0,74.0,42.0,62.0,61.0,69.0,74.0,70.0,74.0,70.0,78.0,80.0,85.0,1,0,0,0,1,0,,,,,,2.0,,,,,,,,,,,,,,,,,,,,,,,,,,,,,,,,,,,,,,,,,,,,,,,,,,,,,,,,,,,,,,,,,,,,,,,,,,,,,,,,,,,,,,,,,,,,,,,,,,,,,,,,,,,,,,
978,Jett Howard,,SG,SF,"6'6""",Iso Sniper,-2.5,,,,,,,,,,,,,D<85 no S7-9 mins,,,,,,,,,,,,,,,,,,,,,,,,,,,,,,,,,,,,,,,,,,,,,,,,,73.0,67.0,55.0,69.0,50.0,,78.0,82.0,88.0,75.0,93.0,70.0,60.0,73.0,69.0,69.0,58.0,72.0,90.0,80.0,80.0,58.0,74.0,35.0,65.0,50.0,54.0,54.0,47.0,85.0,63.0,69.0,73.0,66.0,65.0,41.0,55.0,55.0,67.0,35.0,56.0,72.0,52.0,45.0,48.0,42.0,53.0,70.0,95.0,2,0,0,0,1,1,,,,2.0,,,,,,,,,,,,,,,,,,,,,,,,,,,,,,,,,,,1.0,,,,,,,,,,,,,,,,,,,,,,,,,,,,,,,,,,,,,,,,,,,,,,,,,,,,,,,,,,,,,,,,,,,,,,,,,,,,,
944,Hunter Tyson,,PF,SF,"6'8""",Rim-Rocking Stretch Four,-2.5,,,,,,,,,,,,,D<85 no S7-9 mins,,,,,,,,,,,,,,,,,,,,,,,,,,,,,,,,,,,,,,,,,,,,,,,,,70.0,62.0,58.0,68.0,0.0,,69.0,72.0,76.0,73.0,70.0,70.0,50.0,73.0,68.0,68.0,52.0,77.0,88.0,75.0,80.0,59.0,70.0,60.0,75.0,49.0,49.0,49.0,50.0,70.0,58.0,65.0,68.0,60.0,65.0,32.0,52.0,58.0,62.0,33.0,60.0,58.0,54.0,40.0,57.0,49.0,65.0,70.0,85.0,0,0,0,0,0,0,,,,,,,,,,,,,,,,,,,,,,,,,,,,,,,,,,,,,,,,,,,,,,,,,,,,,,,,,,,,,,,,,,,,,,,,,,,,,,,,,,,,,,,,,,,,,,,,,,,,,,,,,,,,,,,,,,,,
942,Hunter Dickinson,,C,,"7'1""",Stretch Five Cleaner,-2.5,,,,,,,,,,,,,D<85 no S7-9 mins,,,,,,,,,,,,,,,,,,,,,,,,,,,,,,,,,,,,,,,,,,,,,,,,,68.0,52.0,67.0,37.0,50.0,,63.0,78.0,70.0,69.0,73.0,50.0,40.0,59.0,37.0,39.0,74.0,50.0,80.0,75.0,80.0,65.0,62.0,70.0,65.0,70.0,62.0,70.0,54.0,66.0,49.0,59.0,40.0,30.0,65.0,49.0,53.0,67.0,52.0,30.0,60.0,69.0,44.0,50.0,74.0,70.0,79.0,40.0,95.0,0,0,0,0,0,0,,,,,,,,,,,,,,,,,,,,,,,,,,,,,,,,,,,,,,,,,,,,,,,,,,,,,,,,,,,,,,,,,,,,,,,,,,,,,,,,,,,,,,,,,,,,,,,,,,,,,,,,,,,,,,,,,,,,
941,Hugo Gonzalez,,SF,PG,"6'6""",Crafty Sharpshooter,-2.5,,,,,,,,,,,,,D<85 no S7-9 mins,,,,,,,,,,,,,,,,,,,,,,,,,,,,,,,,,,,,,,,,,,,,,,,,,74.0,73.0,53.0,75.0,0.0,,73.0,97.0,76.0,76.0,48.0,75.0,65.0,76.0,75.0,75.0,55.0,75.0,88.0,90.0,80.0,55.0,74.0,45.0,75.0,47.0,48.0,42.0,40.0,70.0,59.0,62.0,70.0,70.0,62.0,29.0,64.0,53.0,73.0,59.0,56.0,74.0,70.0,65.0,62.0,56.0,69.0,70.0,95.0,0,0,0,0,0,0,,,,,,,,,,,,,,,,,,,,,,,,,,,,,,,,,,,,,,,,,,,,,,,,,,,,,,,,,,,,,,,,,,,,,,,,,,,,,,,,,,,,,,,,,,,,,,,,,,,,,,,,,,,,,,,,,,,,
939,Herb Williams,,C,PF,"6'11""",,-2.5,,,,,,,,,,,,,D<85 no S7-9 mins,,,,,,,,,,,,,,,,,,,,,,,,,,,,,,,,,,,,,,,,,,,,,,,,,67.0,25.0,80.0,47.0,99.0,,52.0,67.0,35.0,25.0,62.0,60.0,65.0,51.0,47.0,25.0,75.0,28.0,60.0,42.0,80.0,50.0,29.0,60.0,40.0,58.0,35.0,60.0,49.0,66.0,35.0,39.0,34.0,29.0,40.0,31.0,68.0,80.0,25.0,57.0,82.0,74.0,75.0,80.0,55.0,43.0,67.0,70.0,89.0,1,0,0,1,0,0,,,,,,,,,,,,,,,,,,,,,,,,,,,,,,,,,,,,,,3.0,,,,,,,,,,,,,,,,,,,,,,,,,,,,,,,,,,,,,,,,,,,,,,,,,,,,,,,,,,,,,,,,,,,,,,,,,,,,,,
938,Harvey Catchings,,C,PF,"6'9""",,-2.5,,,,,,,,,,,,,D<85 no S7-9 mins,,,,,,,,,,,,,,,,,,,,,,,,,,,,,,,,,,,,,,,,,,,,,,,,,71.0,45.0,75.0,55.0,99.0,,47.0,51.0,38.0,25.0,61.0,45.0,60.0,69.0,55.0,45.0,55.0,81.0,80.0,90.0,80.0,56.0,45.0,80.0,58.0,58.0,40.0,57.0,52.0,60.0,30.0,32.0,33.0,25.0,31.0,30.0,64.0,75.0,45.0,59.0,82.0,70.0,52.0,65.0,82.0,91.0,73.0,85.0,85.0,4,0,0,0,3,1,,,,,,2.0,,,,,,,,,,,,,,,,,,,,2.0,,,,,,,,,,1.0,2.0,,,,,,,,,,,,,,,,,,,,,,,,,,,,,,,,,,,,,,,,,,,,,,,,,,,,,,,,,,,,,,,,,,,,,,,,,,,,,,,
974,Jeff Green,,PF,C,"6'8""",Skilled Stretch Four,-2.5,,,,,,,,,,,,,D<85 no S7-9 mins,,,,,,,,,,,,,,,,,,,,,,,,,,,,,,,,,,,,,,,,,,,,,,,,,73.0,70.0,69.0,63.0,45.0,,70.0,88.0,75.0,76.0,82.0,50.0,50.0,78.0,63.0,75.0,70.0,84.0,89.0,85.0,82.0,70.0,79.0,65.0,70.0,70.0,68.0,72.0,51.0,85.0,57.0,65.0,74.0,50.0,64.0,33.0,59.0,69.0,70.0,32.0,62.0,68.0,54.0,60.0,45.0,41.0,49.0,50.0,95.0,7,0,0,1,6,0,,,,,,,,,,2.0,2.0,,,,,,,2.0,2.0,,,,2.0,,,,,2.0,,,,,,,,,,,,3.0,,,,,,,,,,,,,,,,,,,,,,,,,,,,,,,,,,,,,,,,,,,,,,,,,,,,,,,,,,,,,,,,,,,,,,,,,,,,
971,Javonte Green,,SF,SG,"6'5""",Ball-Hawking High Flyer,-2.5,,,,,,,,,,,,,D<85 no S7-9 mins,,,,,,,,,,,,,,,,,,,,,,,,,,,,,,,,,,,,,,,,,,,,,,,,,77.0,77.0,74.0,72.0,50.0,,71.0,90.0,70.0,78.0,80.0,60.0,50.0,74.0,72.0,74.0,46.0,85.0,80.0,85.0,82.0,62.0,79.0,25.0,85.0,52.0,52.0,52.0,60.0,95.0,60.0,60.0,72.0,69.0,68.0,29.0,75.0,74.0,77.0,91.0,56.0,74.0,80.0,75.0,52.0,50.0,55.0,80.0,95.0,1,0,0,0,0,1,,,,,,1.0,,,,,,,,,,,,,,,,,,,,,,,,,,,,,,,,,,,,,,,,,,,,,,,,,,,,,,,,,,,,,,,,,,,,,,,,,,,,,,,,,,,,,,,,,,,,,,,,,,,,,,,,,,,,,,
970,Javonte Cooke,,SF,SG,"6'6""",Iso Sniper,-2.5,,,,,,,,,,,,,D<85 no S7-9 mins,,,,,,,,,,,,,,,,,,,,,,,,,,,,,,,,,,,,,,,,,,,,,,,,,68.0,60.0,50.0,70.0,0.0,,66.0,75.0,74.0,75.0,71.0,60.0,40.0,72.0,70.0,73.0,54.0,75.0,80.0,70.0,79.0,56.0,74.0,40.0,70.0,44.0,48.0,51.0,40.0,78.0,65.0,65.0,71.0,66.0,67.0,57.0,47.0,50.0,60.0,47.0,35.0,52.0,50.0,35.0,50.0,38.0,61.0,40.0,82.0,0,0,0,0,0,0,,,,,,,,,,,,,,,,,,,,,,,,,,,,,,,,,,,,,,,,,,,,,,,,,,,,,,,,,,,,,,,,,,,,,,,,,,,,,,,,,,,,,,,,,,,,,,,,,,,,,,,,,,,,,,,,,,,,
968,Jason Caffey,,PF,,"6'8""",,-2.5,,,,,,,,,,,,,D<85 no S7-9 mins,,,,,,,,,,,,,,,,,,,,,,,,,,,,,,,,,,,,,,,,,,,,,,,,,71.0,42.0,65.0,40.0,70.0,,64.0,77.0,55.0,25.0,65.0,95.0,65.0,66.0,40.0,40.0,65.0,65.0,85.0,79.0,87.0,55.0,48.0,40.0,30.0,67.0,67.0,67.0,51.0,70.0,40.0,41.0,35.0,32.0,60.0,32.0,54.0,65.0,42.0,38.0,51.0,62.0,62.0,60.0,64.0,67.0,61.0,98.0,85.0,3,0,0,0,1,2,,,,,,,,,,,,,1.0,,,,,,,,,,,,,,,,,,,,,,,,1.0,2.0,,,,,,,,,,,,,,,,,,,,,,,,,,,,,,,,,,,,,,,,,,,,,,,,,,,,,,,,,,,,,,,,,,,,,,,,,,,,,,
966,Jared Jeffries,,PF,SG,"6'11""",,-2.5,,,,,,,,,,,,,D<85 no S7-9 mins,,,,,,,,,,,,,,,,,,,,,,,,,,,,,,,,,,,,,,,,,,,,,,,,,74.0,65.0,70.0,64.0,60.0,,60.0,60.0,75.0,64.0,68.0,65.0,30.0,74.0,64.0,65.0,65.0,69.0,80.0,92.0,83.0,61.0,60.0,60.0,71.0,40.0,58.0,60.0,50.0,90.0,57.0,65.0,60.0,55.0,75.0,31.0,71.0,70.0,65.0,80.0,70.0,70.0,74.0,65.0,72.0,65.0,78.0,80.0,85.0,1,0,0,0,1,0,,,,,,,,,,,,,,,,,,,,,,,,,,2.0,,,,,,,,,,,,,,,,,,,,,,,,,,,,,,,,,,,,,,,,,,,,,,,,,,,,,,,,,,,,,,,,,,,,,,,,,,,,,,,,,,,,,,,,,,
271,Kenyon Martin,Nets,PF,C,"6'9""",,-2.5,,,,,,,,,,,,,D<85 no S7-9 mins,,263.0,284.0,360.0,,,,,,,,,,,,,,,,,,,,,,,,,,,,,,3.6,,0.8,0.0,,2.4,0.5,1.2,,12.0,2.4,1.2,,7.0,4.3,87.0,60.0,82.0,73.0,70.0,,81.0,96.0,85.0,79.0,68.0,75.0,80.0,84.0,73.0,72.0,80.0,85.0,97.0,95.0,85.0,80.0,80.0,90.0,70.0,78.0,65.0,78.0,82.0,97.0,47.0,48.0,43.0,30.0,62.0,53.0,71.0,82.0,60.0,74.0,82.0,82.0,68.0,50.0,94.0,94.0,93.0,85.0,92.0,8,0,1,7,0,0,,,,3.0,,4.0,,,,,3.0,3.0,,,3.0,,,,,,,,,,,,,,,,,,,,,3.0,3.0,3.0,,,,7.0,30.0,3.0,10.0,1.0,2.0,1.0,0.0,1.0,1.0,0.0,0.0,1.0,2.0,1.0,9.0,1.0,4.3,0.4,1.4,0.1,0.3,0.1,0.0,0.1,1.3,0.1,1.0,1.0,,0.5,3.6,12.0,1.2,2.4,1.2,0.0,1.2,10.8,1.2,,,,,1.0,0.8,0.33,0.1,,,,,,,,,,,,,,,,,,,,,,,,,,,
931,Greg Fillmore,,C,,"7'1""",,-2.5,,,,,,,,,,,,,D<85 no S7-9 mins,,,,,,,,,,,,,,,,,,,,,,,,,,,,,,,,,,,,,,,,,,,,,,,,,70.0,45.0,75.0,37.0,99.0,,47.0,67.0,38.0,25.0,47.0,45.0,60.0,67.0,37.0,45.0,55.0,81.0,80.0,90.0,80.0,56.0,45.0,80.0,58.0,58.0,40.0,57.0,52.0,60.0,30.0,32.0,33.0,25.0,31.0,30.0,64.0,75.0,45.0,59.0,82.0,70.0,52.0,65.0,78.0,78.0,78.0,75.0,85.0,2,0,0,0,1,1,,,,,,,,,,,,,,,,,,,,,,,,,,,,,,,,,,,,1.0,2.0,,,,,,,,,,,,,,,,,,,,,,,,,,,,,,,,,,,,,,,,,,,,,,,,,,,,,,,,,,,,,,,,,,,,,,,,,,,,,,,
928,Glen Davis,,C,,"6'9""",,-2.5,,,,,,,,,,,,,D<85 no S7-9 mins,,,,,,,,,,,,,,,,,,,,,,,,,,,,,,,,,,,,,,,,,,,,,,,,,75.0,64.0,80.0,50.0,85.0,,66.0,79.0,82.0,58.0,66.0,70.0,40.0,65.0,50.0,45.0,88.0,41.0,75.0,82.0,76.0,69.0,64.0,60.0,44.0,69.0,79.0,80.0,75.0,84.0,43.0,31.0,42.0,50.0,62.0,29.0,65.0,80.0,64.0,63.0,56.0,75.0,58.0,60.0,72.0,84.0,60.0,80.0,85.0,2,0,0,0,2,0,,,,,,2.0,,,,,,,,,,,,,,,,,,,,,,,,,,,,,,,,2.0,,,,,,,,,,,,,,,,,,,,,,,,,,,,,,,,,,,,,,,,,,,,,,,,,,,,,,,,,,,,,,,,,,,,,,,,,,,,,,
927,George Lynch,,SF,PF,"6'8""",,-2.5,,,,,,,,,,,,,D<85 no S7-9 mins,,,,,,,,,,,,,,,,,,,,,,,,,,,,,,,,,,,,,,,,,,,,,,,,,75.0,70.0,68.0,69.0,35.0,,66.0,69.0,64.0,60.0,71.0,85.0,45.0,77.0,69.0,76.0,73.0,75.0,79.0,85.0,81.0,62.0,61.0,60.0,66.0,47.0,62.0,56.0,66.0,75.0,51.0,44.0,64.0,66.0,47.0,36.0,64.0,68.0,70.0,65.0,45.0,69.0,64.0,65.0,76.0,75.0,76.0,90.0,85.0,0,0,0,0,0,0,,,,,,,,,,,,,,,,,,,,,,,,,,,,,,,,,,,,,,,,,,,,,,,,,,,,,,,,,,,,,,,,,,,,,,,,,,,,,,,,,,,,,,,,,,,,,,,,,,,,,,,,,,,,,,,,,,,,
926,Gene Banks,,SF,,"6'7""",,-2.5,,,,,,,,,,,,,D<85 no S7-9 mins,,,,,,,,,,,,,,,,,,,,,,,,,,,,,,,,,,,,,,,,,,,,,,,,,75.0,68.0,69.0,68.0,50.0,,68.0,73.0,70.0,48.0,74.0,60.0,80.0,78.0,68.0,70.0,70.0,75.0,95.0,91.0,77.0,72.0,77.0,70.0,80.0,73.0,73.0,73.0,67.0,62.0,66.0,75.0,67.0,64.0,77.0,45.0,61.0,69.0,68.0,53.0,37.0,69.0,68.0,65.0,70.0,66.0,74.0,60.0,85.0,4,0,0,0,0,4,,,,,,,1.0,,,,1.0,1.0,,,1.0,,,,,,,,,,,,,,,,,,,,,,,,,,,,,,,,,,,,,,,,,,,,,,,,,,,,,,,,,,,,,,,,,,,,,,,,,,,,,,,,,,,,,,,,,,,,,,,,,,,,,
924,Gary Grant,,PG,,"6'3""",,-2.5,,,,,,,,,,,,,D<85 no S7-9 mins,,,,,,,,,,,,,,,,,,,,,,,,,,,,,,,,,,,,,,,,,,,,,,,,,68.0,54.0,27.0,74.0,15.0,,66.0,68.0,68.0,60.0,77.0,64.0,60.0,75.0,74.0,62.0,50.0,98.0,91.0,77.0,75.0,44.0,60.0,25.0,25.0,36.0,44.0,25.0,58.0,80.0,66.0,64.0,71.0,73.0,60.0,61.0,45.0,27.0,54.0,62.0,35.0,50.0,45.0,45.0,39.0,35.0,43.0,95.0,89.0,8,0,0,0,2,6,,,,,,,,,,,,,,,,,,1.0,1.0,2.0,,,1.0,1.0,1.0,,1.0,,2.0,,,,,,,,,,,,,,,,,,,,,,,,,,,,,,,,,,,,,,,,,,,,,,,,,,,,,,,,,,,,,,,,,,,,,,,,,,,,,,,,,,,,,,,
923,Garrison Mathews,,SG,SF,"6'6""",Crafty Iso Savant,-2.5,,,,,,,,,,,,,D<85 no S7-9 mins,,,,,,,,,,,,,,,,,,,,,,,,,,,,,,,,,,,,,,,,,,,,,,,,,73.0,59.0,42.0,50.0,0.0,,77.0,74.0,81.0,82.0,82.0,95.0,50.0,68.0,50.0,60.0,44.0,65.0,89.0,88.0,79.0,57.0,79.0,45.0,55.0,36.0,47.0,48.0,54.0,95.0,62.0,71.0,76.0,47.0,82.0,34.0,50.0,42.0,59.0,40.0,51.0,58.0,52.0,45.0,37.0,31.0,43.0,75.0,82.0,1,0,0,0,0,1,,,,1.0,,,,,,,,,,,,,,,,,,,,,,,,,,,,,,,,,,,,,,,,,,,,,,,,,,,,,,,,,,,,,,,,,,,,,,,,,,,,,,,,,,,,,,,,,,,,,,,,,,,,,,,,,,,,,,,,
922,Garrett Temple,,SG,SF,"6'5""",2-Way Combo Guard,-2.5,,,,,,,,,,,,,D<85 no S7-9 mins,,,,,,,,,,,,,,,,,,,,,,,,,,,,,,,,,,,,,,,,,,,,,,,,,70.0,78.0,46.0,57.0,35.0,,66.0,82.0,55.0,72.0,79.0,70.0,40.0,68.0,57.0,76.0,44.0,69.0,85.0,79.0,82.0,48.0,70.0,25.0,30.0,37.0,55.0,46.0,40.0,85.0,66.0,75.0,75.0,57.0,74.0,47.0,64.0,46.0,78.0,59.0,47.0,77.0,74.0,70.0,54.0,58.0,51.0,70.0,95.0,0,0,0,0,0,0,,,,,,,,,,,,,,,,,,,,,,,,,,,,,,,,,,,,,,,,,,,,,,,,,,,,,,,,,,,,,,,,,,,,,,,,,,,,,,,,,,,,,,,,,,,,,,,,,,,,,,,,,,,,,,,,,,,,
844,Bryce McGowens,,SG,PG,"6'6""",3-Level Scorer,-2.5,,,,,,,,,,,,,D<85 no S7-9 mins,,,,,,,,,,,,,,,,,,,,,,,,,,,,,,,,,,,,,,,,,,,,,,,,,75.0,66.0,37.0,74.0,20.0,,79.0,83.0,82.0,85.0,76.0,75.0,75.0,73.0,74.0,75.0,48.0,81.0,85.0,75.0,80.0,57.0,74.0,40.0,80.0,42.0,42.0,42.0,55.0,78.0,57.0,52.0,74.0,72.0,50.0,38.0,54.0,37.0,66.0,42.0,42.0,65.0,60.0,65.0,40.0,32.0,47.0,65.0,95.0,1,0,0,0,1,0,,,,2.0,,,,,,,,,,,,,,,,,,,,,,,,,,,,,,,,,,,,,,,,,,,,,,,,,,,,,,,,,,,,,,,,,,,,,,,,,,,,,,,,,,,,,,,,,,,,,,,,,,,,,,,,,,,,,,,,
811,Tim Hardaway Jr.,,SG,SF,"6'5""",Crafty 3-Level Scorer,-2.5,,,,,,,,,,,,,D<85 no S7-9 mins,,,,,,,,,,,,,,,,,,,,,,,,,,,,,,,,,,,,,,,,,,,,,,,,,81.0,70.0,45.0,68.0,5.0,,89.0,95.0,97.0,88.0,83.0,85.0,85.0,74.0,68.0,75.0,55.0,78.0,85.0,83.0,83.0,58.0,86.0,35.0,78.0,36.0,53.0,38.0,70.0,71.0,68.0,75.0,78.0,68.0,84.0,33.0,50.0,45.0,70.0,37.0,37.0,63.0,58.0,40.0,38.0,29.0,48.0,80.0,95.0,6,0,0,0,2,4,1.0,,,2.0,1.0,,,,,,,,,,,,,1.0,,,,,1.0,,,,,,,,,,,,,,,,2.0,,,,,,,,,,,,,,,,,,,,,,,,,,,,,,,,,,,,,,,,,,,,,,,,,,,,,,,,,,,,,,,,,,,,,,,,,,,,,
806,Antoine Walker,,SF,PF,"6'8""",,-2.5,,,,,,,,,,,,,D<85 no S7-9 mins,,,,436.0,,,,,,,,,,,,,,,,,,,,,,,,,,,,,,0.0,,,0.0,,0.0,,0.0,,0.0,0.0,0.0,,1.0,1.0,80.0,80.0,65.0,58.0,25.0,,79.0,85.0,77.0,81.0,62.0,98.0,70.0,72.0,58.0,84.0,65.0,60.0,80.0,70.0,85.0,63.0,75.0,30.0,55.0,52.0,78.0,70.0,53.0,93.0,58.0,54.0,75.0,59.0,51.0,49.0,63.0,65.0,80.0,58.0,50.0,67.0,60.0,60.0,60.0,53.0,66.0,85.0,89.0,2,0,0,2,0,0,,,,3.0,,,3.0,,,,,,,,,,,,,,,,,,,,,,,,,,,,,,,,,,,1.0,1.0,0.0,0.0,0.0,0.0,0.0,0.0,0.0,0.0,0.0,0.0,0.0,0.0,0.0,0.0,0.0,1.0,0.0,0.0,0.0,0.0,0.0,0.0,0.0,0.0,0.0,,,,,0.0,0.0,0.0,0.0,0.0,0.0,0.0,0.0,0.0,,,,,,,0.0,0.0,,,,,,,,,,,,,,,,,,,,,,,,,,,
804,Jordan Walsh,,PF,SF,"6'6""",2-Way Stretch Four,-2.5,,,,,,,,,,,,,D<85 no S7-9 mins,,,,391.0,,,,,,,,,,,,,,,,,,,,,,,,,,,,,,,,,,,,,,,,,,,,,77.0,82.0,78.0,77.0,50.0,,73.0,75.0,67.0,86.0,76.0,75.0,60.0,81.0,77.0,81.0,63.0,86.0,89.0,90.0,80.0,62.0,68.0,40.0,80.0,57.0,54.0,57.0,52.0,85.0,58.0,63.0,68.0,68.0,62.0,31.0,77.0,78.0,82.0,66.0,65.0,82.0,85.0,80.0,66.0,66.0,67.0,60.0,95.0,7,0,0,0,3,4,,,,1.0,,,,,,,,,,,,,,,,,,,,,,2.0,1.0,,2.0,1.0,2.0,,,1.0,,,,,,,,,,,,,,,,,,,,,,,,,,,,,,,,,,,,,,,,,,,,,,,,,,,,,,,,,,,,,,,,,,,,,,,,,,,,,,,,,,
412,Andrew Bogut,,C,,"7'0""",,-2.5,,,,,,,,,,,,,D<85 no S7-9 mins,,357.0,370.0,427.0,,,,,,,,,,,,,,,,,,,,,,,,,,,,,,0.0,,0.0,0.0,,0.0,,0.0,,36.0,0.0,0.0,,1.0,1.0,78.0,28.0,84.0,40.0,90.0,,53.0,79.0,43.0,33.0,48.0,74.0,40.0,61.0,40.0,28.0,80.0,57.0,78.0,72.0,73.0,63.0,52.0,75.0,60.0,72.0,60.0,69.0,38.0,77.0,45.0,41.0,38.0,25.0,68.0,52.0,65.0,84.0,28.0,59.0,84.0,85.0,71.0,80.0,85.0,78.0,91.0,80.0,78.0,7,0,0,4,3,0,,,,,,2.0,,,,,,,,,,,,,,,,,,,,3.0,,,,,,,3.0,,2.0,3.0,,3.0,,2.0,,1.0,1.0,0.0,1.0,0.0,0.0,0.0,0.0,0.0,1.0,0.0,0.0,0.0,0.0,1.0,0.0,0.0,1.0,0.0,1.0,0.0,0.0,0.0,0.0,1.0,0.0,0.0,0.0,0.0,,,0.0,36.0,0.0,0.0,0.0,0.0,36.0,0.0,0.0,,,,,0.0,0.0,1.0,0.0,,,,,,,,,,,,,,,,,,,,,,,,,,,
410,Naz Reid,,C,PF,"6'9""",Pick & Pop Four,-2.5,,,,,,,,,,,,,D<85 no S7-9 mins,,310.0,403.0,290.0,,,,,,,,,,,,,,,,,,,,,,,,,,,,,,5.7,,0.5,1.9,0.33,0.0,,1.9,,7.6,0.0,0.0,,3.0,6.3,83.0,54.0,78.0,50.0,30.0,,75.0,97.0,67.0,83.0,72.0,50.0,80.0,75.0,50.0,54.0,87.0,75.0,88.0,95.0,80.0,80.0,75.0,80.0,80.0,82.0,70.0,82.0,75.0,94.0,57.0,59.0,58.0,49.0,65.0,52.0,69.0,78.0,54.0,56.0,72.0,80.0,65.0,75.0,64.0,48.0,80.0,60.0,95.0,18,0,0,10,4,4,1.0,,,3.0,,3.0,,1.0,,3.0,3.0,,2.0,3.0,2.0,2.0,,,2.0,,,,,,,,,3.0,,,,,1.0,,1.0,3.0,3.0,3.0,,3.0,,3.0,19.0,3.0,4.0,1.0,0.0,0.0,0.0,1.0,3.0,1.0,3.0,0.0,0.0,0.0,4.0,0.0,6.3,1.0,1.3,0.3,0.0,0.0,0.0,0.0,1.3,0.0,0.33,,0.33,,5.7,7.6,1.9,0.0,0.0,0.0,0.0,7.6,0.0,,,,,0.5,0.5,0.21,0.16,,,,,,,,,,,,,,,,,,,,,,,,,,,
409,Jabari Smith Jr.,,PF,SF,"6'10""",Rim-Rocking Stretch Four,-2.5,,,,,,,,,,,,,D<85 no S7-9 mins,,,,411.0,,,,,,,,,,,,,,,,,,,,,,,,,,,,,,4.5,,0.33,0.0,0.0,0.0,,2.3,,2.3,0.0,0.0,,2.0,8.0,81.0,69.0,70.0,76.0,30.0,,82.0,96.0,77.0,82.0,77.0,80.0,80.0,77.0,76.0,76.0,60.0,75.0,89.0,85.0,80.0,75.0,75.0,75.0,85.0,74.0,75.0,75.0,54.0,85.0,62.0,65.0,75.0,69.0,66.0,33.0,62.0,70.0,69.0,40.0,66.0,67.0,67.0,55.0,58.0,48.0,67.0,70.0,95.0,12,0,0,0,3,9,1.0,,,2.0,,,,,,2.0,1.0,1.0,,,1.0,1.0,,,1.0,,,,,,,,,1.0,,,,,,,,1.0,1.0,,,2.0,,2.0,16.0,2.0,1.0,1.0,0.0,0.0,0.0,1.0,3.0,0.0,1.0,0.0,0.0,0.0,1.0,1.0,8.0,1.0,0.5,0.5,0.0,0.0,0.0,0.0,0.5,0.5,0.33,0.5,0.0,,4.5,2.3,2.3,0.0,0.0,0.0,0.0,2.3,2.3,,,,,0.33,0.33,0.06,0.12,,,,,,,,,,,,,,,,,,,,,,,,,,,
400,Buddy Hield,,SG,SF,"6'4""",3PT-Sniping Creator,-2.5,,,,,,,,,,,,,D<85 no S7-9 mins,,231.0,,,,,,,,,,,,,,,,,,,,,,,,,,,,,,,,,,,,,,,,,,,,,,,75.0,69.0,48.0,75.0,0.0,,68.0,97.0,50.0,84.0,79.0,65.0,35.0,70.0,75.0,78.0,41.0,78.0,90.0,60.0,82.0,55.0,75.0,25.0,65.0,28.0,45.0,48.0,59.0,94.0,67.0,70.0,79.0,74.0,70.0,44.0,57.0,48.0,69.0,70.0,51.0,54.0,60.0,50.0,48.0,43.0,53.0,80.0,95.0,11,0,0,6,2,3,3.0,3.0,3.0,3.0,3.0,,2.0,,,,,,,,,,,1.0,2.0,,1.0,1.0,,,,,,,,,,,,,,,,,3.0,,,,,,,,,,,,,,,,,,,,,,,,,,,,,,,,,,,,,,,,,,,,,,,,,,,,,,,,,,,,,,,,,,,,,,,,,,,,,
399,John Collins,,PF,C,"6'9""",Stretch Rim Wrecker,-2.5,,,,,,,,,,,,,D<85 no S7-9 mins,,,390.0,,,,,,,,,,,,,,,,,,,,,,,,,,,,,,,,,,,,,,,,,,,,,,80.0,49.0,70.0,71.0,75.0,,70.0,97.0,46.0,84.0,79.0,75.0,40.0,79.0,71.0,65.0,75.0,85.0,92.0,85.0,84.0,76.0,83.0,85.0,90.0,76.0,76.0,76.0,40.0,80.0,51.0,58.0,60.0,50.0,58.0,31.0,55.0,70.0,49.0,43.0,67.0,70.0,38.0,50.0,60.0,56.0,64.0,95.0,95.0,9,0,0,3,2,4,,,,,,3.0,,,,1.0,2.0,,,3.0,1.0,3.0,,,,,,,1.0,,,,,2.0,,,,,,,,,,,,1.0,,,,,,,,,,,,,,,,,,,,,,,,,,,,,,,,,,,,,,,,,,,,,,,,,,,,,,,,,,,,,,,,,,,,,,,,,,,,
897,Dorell Wright,,SF,,"6'9""",,-2.5,,,,,,,,,,,,,D<85 no S7-9 mins,,,,,,,,,,,,,,,,,,,,,,,,,,,,,,,,,,,,,,,,,,,,,,,,,68.0,69.0,46.0,56.0,50.0,,67.0,73.0,61.0,70.0,88.0,60.0,50.0,70.0,56.0,61.0,60.0,79.0,81.0,77.0,77.0,51.0,66.0,30.0,70.0,44.0,41.0,42.0,55.0,61.0,54.0,52.0,58.0,55.0,55.0,51.0,54.0,46.0,69.0,49.0,41.0,55.0,59.0,60.0,61.0,59.0,62.0,50.0,82.0,0,0,0,0,0,0,,,,,,,,,,,,,,,,,,,,,,,,,,,,,,,,,,,,,,,,,,,,,,,,,,,,,,,,,,,,,,,,,,,,,,,,,,,,,,,,,,,,,,,,,,,,,,,,,,,,,,,,,,,,,,,,,,,,
896,Donyell Marshall,,PF,SF,"6'9""",,-2.5,,,,,,,,,,,,,D<85 no S7-9 mins,,,,,,,,,,,,,,,,,,,,,,,,,,,,,,,,,,,,,,,,,,,,,,,,,77.0,49.0,60.0,57.0,30.0,,76.0,70.0,74.0,79.0,83.0,88.0,60.0,72.0,57.0,49.0,75.0,60.0,90.0,90.0,84.0,71.0,70.0,65.0,60.0,68.0,70.0,74.0,74.0,84.0,45.0,38.0,44.0,37.0,67.0,41.0,59.0,60.0,49.0,62.0,64.0,59.0,61.0,60.0,74.0,73.0,75.0,60.0,89.0,1,0,0,1,0,0,,,,3.0,,,,,,,,,,,,,,,,,,,,,,,,,,,,,,,,,,,,,,,,,,,,,,,,,,,,,,,,,,,,,,,,,,,,,,,,,,,,,,,,,,,,,,,,,,,,,,,,,,,,,,,,,,,,,,,,
895,Don Nelson,,SF,PF,"6'6""",,-2.5,,,,,,,,,,,,,D<85 no S7-9 mins,,,,,,,,,,,,,,,,,,,,,,,,,,,,,,,,,,,,,,,,,,,,,,,,,69.0,58.0,58.0,46.0,65.0,,67.0,73.0,66.0,67.0,77.0,62.0,55.0,62.0,46.0,66.0,55.0,48.0,75.0,70.0,77.0,57.0,58.0,50.0,48.0,39.0,58.0,63.0,69.0,70.0,56.0,60.0,50.0,42.0,65.0,64.0,52.0,58.0,58.0,36.0,40.0,60.0,58.0,55.0,71.0,68.0,73.0,80.0,82.0,0,0,0,0,0,0,,,,,,,,,,,,,,,,,,,,,,,,,,,,,,,,,,,,,,,,,,,,,,,,,,,,,,,,,,,,,,,,,,,,,,,,,,,,,,,,,,,,,,,,,,,,,,,,,,,,,,,,,,,,,,,,,,,,
894,Dominick Barlow,,PF,C,"6'8""",Mid-Range Scoring Crasher,-2.5,,,,,,,,,,,,,D<85 no S7-9 mins,,,,,,,,,,,,,,,,,,,,,,,,,,,,,,,,,,,,,,,,,,,,,,,,,78.0,55.0,59.0,68.0,,,79.0,86.0,83.0,71.0,73.0,85.0,75.0,73.0,68.0,68.0,62.0,75.0,80.0,85.0,80.0,68.0,79.0,60.0,75.0,62.0,62.0,62.0,62.0,85.0,54.0,51.0,69.0,64.0,52.0,32.0,56.0,59.0,55.0,59.0,63.0,59.0,49.0,50.0,62.0,68.0,57.0,95.0,95.0,2,0,0,0,1,1,,,,,,,,,,,1.0,,,,,,,,,,,,,,,,,,,,,,,,,,2.0,,,,,,,,,,,,,,,,,,,,,,,,,,,,,,,,,,,,,,,,,,,,,,,,,,,,,,,,,,,,,,,,,,,,,,,,,,,,,,,
893,Dickey Simpkins,,PF,C,"6'9""",,-2.5,,,,,,,,,,,,,D<85 no S7-9 mins,,,,,,,,,,,,,,,,,,,,,,,,,,,,,,,,,,,,,,,,,,,,,,,,,69.0,30.0,75.0,25.0,99.0,,59.0,67.0,51.0,36.0,62.0,80.0,55.0,57.0,25.0,30.0,85.0,47.0,67.0,64.0,80.0,53.0,35.0,77.0,40.0,48.0,48.0,40.0,73.0,60.0,37.0,45.0,30.0,25.0,49.0,34.0,61.0,75.0,30.0,55.0,47.0,70.0,73.0,75.0,70.0,76.0,64.0,80.0,79.0,0,0,0,0,0,0,,,,,,,,,,,,,,,,,,,,,,,,,,,,,,,,,,,,,,,,,,,,,,,,,,,,,,,,,,,,,,,,,,,,,,,,,,,,,,,,,,,,,,,,,,,,,,,,,,,,,,,,,,,,,,,,,,,,
892,Dick Cunningham,,C,PF,"6'10""",,-2.5,,,,,,,,,,,,,D<85 no S7-9 mins,,,,,,,,,,,,,,,,,,,,,,,,,,,,,,,,,,,,,,,,,,,,,,,,,71.0,25.0,73.0,62.0,99.0,,53.0,48.0,35.0,25.0,66.0,80.0,65.0,64.0,62.0,25.0,74.0,58.0,65.0,90.0,77.0,57.0,25.0,66.0,40.0,65.0,64.0,65.0,66.0,63.0,41.0,40.0,26.0,49.0,49.0,42.0,59.0,73.0,25.0,55.0,70.0,60.0,65.0,65.0,79.0,78.0,79.0,98.0,85.0,0,0,0,0,0,0,,,,,,,,,,,,,,,,,,,,,,,,,,,,,,,,,,,,,,,,,,,,,,,,,,,,,,,,,,,,,,,,,,,,,,,,,,,,,,,,,,,,,,,,,,,,,,,,,,,,,,,,,,,,,,,,,,,,
957,Jalen Pickett,,PG,SG,"6'2""",Physical 3PT Sniper,-2.5,,,,,,,,,,,,,D<85 no S7-9 mins,,,,,,,,,,,,,,,,,,,,,,,,,,,,,,,,,,,,,,,,,,,,,,,,,73.0,62.0,47.0,72.0,50.0,,78.0,91.0,70.0,85.0,76.0,80.0,65.0,71.0,72.0,72.0,59.0,67.0,88.0,70.0,79.0,58.0,75.0,25.0,60.0,55.0,58.0,58.0,50.0,81.0,73.0,72.0,75.0,72.0,74.0,70.0,51.0,47.0,62.0,37.0,37.0,62.0,65.0,45.0,50.0,40.0,60.0,80.0,95.0,0,0,0,0,0,0,,,,,,,,,,,,,,,,,,,,,,,,,,,,,,,,,,,,,,,,,,,,,,,,,,,,,,,,,,,,,,,,,,,,,,,,,,,,,,,,,,,,,,,,,,,,,,,,,,,,,,,,,,,,,,,,,,,,
956,Jaime Jaquez Jr.,,PF,SF,"6'6""",Crafty Mid-Paint Scorer,-2.5,,,,,,,,,,,,,D<85 no S7-9 mins,,,,,,,,,,,,,,,,,,,,,,,,,,,,,,,,,,,,,,,,,,,,,,,,,78.0,72.0,68.0,67.0,0.0,,76.0,91.0,80.0,70.0,75.0,70.0,70.0,78.0,67.0,75.0,68.0,82.0,88.0,90.0,80.0,68.0,85.0,55.0,88.0,60.0,64.0,63.0,45.0,80.0,70.0,70.0,73.0,64.0,74.0,71.0,64.0,68.0,72.0,42.0,45.0,75.0,72.0,75.0,54.0,48.0,61.0,70.0,95.0,8,0,0,1,5,2,,,,1.0,,2.0,,,1.0,,2.0,,,2.0,,,,2.0,,,,,,,,,,,,,,,,,,,,,2.0,3.0,,,,,,,,,,,,,,,,,,,,,,,,,,,,,,,,,,,,,,,,,,,,,,,,,,,,,,,,,,,,,,,,,,,,,,,,,,,,
953,Jae'Sean Tate,,SF,PF,"6'4""",Crafty Laymaker,-2.5,,,,,,,,,,,,,D<85 no S7-9 mins,,,,,,,,,,,,,,,,,,,,,,,,,,,,,,,,,,,,,,,,,,,,,,,,,73.0,70.0,70.0,69.0,50.0,,66.0,93.0,70.0,76.0,69.0,50.0,40.0,77.0,69.0,70.0,65.0,75.0,89.0,95.0,80.0,71.0,84.0,65.0,75.0,69.0,68.0,69.0,54.0,85.0,63.0,70.0,74.0,62.0,72.0,38.0,65.0,70.0,70.0,70.0,42.0,68.0,69.0,65.0,60.0,65.0,55.0,30.0,95.0,5,0,0,0,3,2,,,,,,,,,,2.0,2.0,,,,,,,,,,,,1.0,,,,,1.0,,,,,,,,,,,,2.0,,,,,,,,,,,,,,,,,,,,,,,,,,,,,,,,,,,,,,,,,,,,,,,,,,,,,,,,,,,,,,,,,,,,,,,,,,,,
950,Isaiah Livers,,SF,PF,"6'6""",Iso Sniper,-2.5,,,,,,,,,,,,,D<85 no S7-9 mins,,,,,,,,,,,,,,,,,,,,,,,,,,,,,,,,,,,,,,,,,,,,,,,,,71.0,65.0,37.0,73.0,50.0,,74.0,78.0,86.0,77.0,82.0,70.0,50.0,71.0,73.0,74.0,55.0,71.0,85.0,66.0,82.0,48.0,76.0,25.0,65.0,26.0,32.0,35.0,44.0,80.0,61.0,68.0,70.0,70.0,65.0,32.0,51.0,37.0,65.0,42.0,40.0,60.0,60.0,55.0,43.0,40.0,46.0,50.0,95.0,0,0,0,0,0,0,,,,,,,,,,,,,,,,,,,,,,,,,,,,,,,,,,,,,,,,,,,,,,,,,,,,,,,,,,,,,,,,,,,,,,,,,,,,,,,,,,,,,,,,,,,,,,,,,,,,,,,,,,,,,,,,,,,,
225,Larry Johnson,Hornets,PF,SF,"6'6""",,-2.5,,,,,,,,,,,,,D<85 no S7-9 mins,234.0,245.0,229.0,250.0,,,,,,,,,,,,,,,,,,,,,,,,,,,,,,4.9,-1.54,0.5,0.3,0.27,1.29,0.83,2.4,7.33,7.5,0.4,0.1,0.0,25.0,13.4,88.0,50.0,82.0,69.0,70.0,,89.0,91.0,88.0,84.0,83.0,95.0,95.0,79.0,69.0,50.0,88.0,85.0,95.0,77.0,88.0,83.0,75.0,87.0,77.0,76.0,85.0,90.0,80.0,90.0,71.0,74.0,71.0,66.0,75.0,70.0,68.0,82.0,50.0,56.0,37.0,81.0,80.0,90.0,85.0,85.0,84.0,65.0,92.0,9,0,0,7,2,0,,,,3.0,,3.0,,,,2.0,3.0,3.0,3.0,,3.0,,,,2.0,,,,,,,,,,,,,,,,,,,3.0,,,,25.0,334.0,45.0,70.0,22.0,4.0,1.0,3.0,16.0,40.0,3.0,11.0,10.0,12.0,5.0,65.0,10.0,13.4,1.8,2.8,0.9,0.2,0.0,0.1,0.2,2.6,0.4,0.4,0.45,0.27,0.83,4.9,7.5,2.4,0.4,0.1,0.3,0.5,7.0,1.1,,,,,0.44,0.5,0.21,0.13,,,,,,,,,,,,,,,,,,,,,,,,,,,
223,Tom Gugliotta,,PF,SF,"6'10""",,-2.5,,,,,,,,,,,,,D<85 no S7-9 mins,,312.0,309.0,322.0,,,,,,,,,,,,,,,,,,,,,,,,,,,,,,0.0,,0.0,0.0,,0.0,,0.0,,0.0,0.0,0.0,,1.0,4.0,88.0,54.0,83.0,70.0,50.0,,87.0,92.0,86.0,76.0,82.0,98.0,85.0,79.0,70.0,54.0,80.0,78.0,95.0,95.0,83.0,85.0,79.0,90.0,85.0,82.0,81.0,78.0,89.0,98.0,62.0,62.0,68.0,65.0,68.0,48.0,73.0,83.0,54.0,74.0,68.0,75.0,74.0,80.0,81.0,80.0,82.0,83.0,92.0,4,0,0,4,0,0,,,,,,3.0,,,,,3.0,,3.0,3.0,,,,,,,,,,,,,,,,,,,,,,,,,,,,1.0,4.0,0.0,0.0,0.0,0.0,0.0,0.0,0.0,1.0,0.0,0.0,0.0,0.0,0.0,0.0,1.0,4.0,0.0,0.0,0.0,0.0,0.0,0.0,0.0,0.0,1.0,0.0,0.0,,,0.0,0.0,0.0,0.0,0.0,0.0,0.0,0.0,9.0,,,,,0.0,0.0,0.0,0.0,,,,,,,,,,,,,,,,,,,,,,,,,,,
286,Lauri Markkanen,,PF,SF,"7'0""",Crafty Post-Scoring 3PT Sniper,-2.5,,,,,,,,,,,,,D<85 no S7-9 mins,267.0,342.0,298.0,346.0,,,,,,,,,,,,,,,,,,,,,,,,,,,,,,16.5,,0.53,4.1,0.36,0.0,,2.1,,7.2,0.0,0.0,,5.0,7.0,87.0,65.0,66.0,63.0,25.0,,87.0,96.0,72.0,82.0,90.0,90.0,90.0,70.0,63.0,65.0,61.0,62.0,85.0,85.0,80.0,84.0,80.0,80.0,80.0,84.0,84.0,86.0,85.0,95.0,58.0,67.0,65.0,42.0,75.0,39.0,60.0,66.0,65.0,41.0,52.0,66.0,64.0,65.0,60.0,55.0,66.0,80.0,95.0,15,0,0,3,7,5,3.0,1.0,,3.0,2.0,,,1.0,,2.0,3.0,2.0,1.0,1.0,2.0,,,,,,,,2.0,,,,,,,,,,,,,,,1.0,2.0,2.0,,5.0,35.0,16.0,7.0,2.0,0.0,0.0,0.0,6.0,15.0,4.0,11.0,0.0,0.0,0.0,7.0,1.0,7.0,3.2,1.4,0.4,0.0,0.0,0.0,0.0,1.4,0.2,0.4,0.5,0.36,,16.5,7.2,2.1,0.0,0.0,0.0,0.0,7.2,1.0,,,,,0.53,0.53,0.2,0.46,,,,,,,,,,,,,,,,,,,,,,,,,,,
915,Eli N'Diaye,,C,PF,"6'8""",Rim Rocker,-2.5,,,,,,,,,,,,,D<85 no S7-9 mins,,,,,,,,,,,,,,,,,,,,,,,,,,,,,,,,,,,,,,,,,,,,,,,,,68.0,65.0,65.0,70.0,99.0,,60.0,69.0,68.0,69.0,64.0,50.0,40.0,73.0,70.0,53.0,62.0,86.0,80.0,80.0,80.0,65.0,70.0,75.0,85.0,53.0,53.0,53.0,48.0,80.0,49.0,47.0,54.0,59.0,47.0,38.0,57.0,65.0,65.0,46.0,57.0,62.0,55.0,50.0,58.0,52.0,64.0,50.0,85.0,0,0,0,0,0,0,,,,,,,,,,,,,,,,,,,,,,,,,,,,,,,,,,,,,,,,,,,,,,,,,,,,,,,,,,,,,,,,,,,,,,,,,,,,,,,,,,,,,,,,,,,,,,,,,,,,,,,,,,,,,,,,,,,,
914,Elden Campbell,,C,PF,"6'11""",,-2.5,,,,,,,,,,,,,D<85 no S7-9 mins,,,,,,,,,,,,,,,,,,,,,,,,,,,,,,,,,,,,,,,,,,,,,,,,,76.0,30.0,74.0,26.0,99.0,,64.0,76.0,55.0,30.0,69.0,80.0,75.0,59.0,26.0,30.0,85.0,33.0,68.0,85.0,88.0,70.0,74.0,80.0,40.0,72.0,72.0,72.0,80.0,69.0,31.0,29.0,38.0,25.0,31.0,33.0,60.0,74.0,30.0,58.0,80.0,62.0,54.0,65.0,85.0,85.0,84.0,89.0,85.0,4,0,0,1,2,1,,,,,,,,,,,,,1.0,,,2.0,,,,,,,,,,,,,,,,,,,,2.0,,3.0,,,,,,,,,,,,,,,,,,,,,,,,,,,,,,,,,,,,,,,,,,,,,,,,,,,,,,,,,,,,,,,,,,,,,,,,,,,,,,
943,Hunter Sallis,,SG,SF,"6'5""",High-Flying Mid-Range Slasher,-2.5,,,,,,,,,,,,,D<85 no S7-9 mins,,,,,,,,,,,,,,,,,,,,,,,,,,,,,,,,,,,,,,,,,,,,,,,,,68.0,63.0,44.0,74.0,50.0,,69.0,74.0,80.0,72.0,78.0,60.0,50.0,72.0,74.0,76.0,45.0,79.0,80.0,70.0,80.0,55.0,74.0,45.0,75.0,40.0,44.0,40.0,47.0,78.0,59.0,57.0,79.0,69.0,52.0,39.0,54.0,44.0,63.0,67.0,45.0,57.0,55.0,45.0,44.0,34.0,54.0,55.0,82.0,0,0,0,0,0,0,,,,,,,,,,,,,,,,,,,,,,,,,,,,,,,,,,,,,,,,,,,,,,,,,,,,,,,,,,,,,,,,,,,,,,,,,,,,,,,,,,,,,,,,,,,,,,,,,,,,,,,,,,,,,,,,,,,,
945,Ime Udoka,,SF,,"6'6""",,-2.5,,,,,,,,,,,,,D<85 no S7-9 mins,,,,,,,,,,,,,,,,,,,,,,,,,,,,,,,,,,,,,,,,,,,,,,,,,71.0,75.0,75.0,67.0,35.0,,67.0,74.0,74.0,75.0,50.0,70.0,60.0,66.0,67.0,48.0,48.0,73.0,77.0,70.0,80.0,61.0,74.0,49.0,71.0,29.0,44.0,63.0,69.0,85.0,55.0,49.0,62.0,70.0,45.0,50.0,63.0,75.0,75.0,56.0,37.0,66.0,68.0,65.0,51.0,47.0,55.0,70.0,85.0,0,0,0,0,0,0,,,,,,,,,,,,,,,,,,,,,,,,,,,,,,,,,,,,,,,,,,,,,,,,,,,,,,,,,,,,,,,,,,,,,,,,,,,,,,,,,,,,,,,,,,,,,,,,,,,,,,,,,,,,,,,,,,,,
946,Irving Thomas,,PF,,"6'8""",,-2.5,,,,,,,,,,,,,D<85 no S7-9 mins,,,,,,,,,,,,,,,,,,,,,,,,,,,,,,,,,,,,,,,,,,,,,,,,,69.0,30.0,67.0,54.0,80.0,,52.0,60.0,50.0,25.0,57.0,72.0,50.0,61.0,54.0,50.0,71.0,61.0,63.0,60.0,70.0,59.0,69.0,60.0,40.0,62.0,62.0,62.0,60.0,60.0,45.0,45.0,45.0,52.0,55.0,27.0,51.0,67.0,30.0,30.0,59.0,69.0,44.0,60.0,59.0,55.0,63.0,98.0,82.0,0,0,0,0,0,0,,,,,,,,,,,,,,,,,,,,,,,,,,,,,,,,,,,,,,,,,,,,,,,,,,,,,,,,,,,,,,,,,,,,,,,,,,,,,,,,,,,,,,,,,,,,,,,,,,,,,,,,,,,,,,,,,,,,
1142,Thomas Sorber,,C,PF,"6'10""",Slashing Point Center,-2.5,,,,,,,,,,,,,D<85 no S7-9 mins,,,,,,,,,,,,,,,,,,,,,,,,,,,,,,,,,,,,,,,,,,,,,,,,,71.0,58.0,69.0,59.0,75.0,,62.0,75.0,70.0,60.0,72.0,50.0,45.0,74.0,59.0,66.0,72.0,74.0,85.0,90.0,80.0,69.0,70.0,75.0,75.0,68.0,68.0,68.0,44.0,85.0,61.0,69.0,66.0,52.0,72.0,48.0,64.0,69.0,58.0,62.0,75.0,62.0,62.0,60.0,68.0,68.0,69.0,45.0,95.0,2,0,0,0,0,2,,,,,,,,,,1.0,,,,,,,,,,,,,,,,,,1.0,,,,,,,,,,,,,,,,,,,,,,,,,,,,,,,,,,,,,,,,,,,,,,,,,,,,,,,,,,,,,,,,,,,,,,,,,,,,,,,,,,,,,,,,
1141,Thanasis Antetokounmpo,,PF,C,"6'7""",Crafty Blow-By Dual Finisher,-2.5,,,,,,,,,,,,,D<85 no S7-9 mins,,,,,,,,,,,,,,,,,,,,,,,,,,,,,,,,,,,,,,,,,,,,,,,,,69.0,59.0,42.0,77.0,,,60.0,71.0,66.0,66.0,50.0,65.0,40.0,74.0,77.0,75.0,42.0,82.0,80.0,90.0,87.0,63.0,80.0,40.0,85.0,53.0,50.0,60.0,69.0,64.0,61.0,54.0,69.0,69.0,75.0,38.0,47.0,42.0,59.0,33.0,51.0,54.0,50.0,40.0,62.0,64.0,61.0,65.0,95.0,2,0,0,0,0,2,,,,,,1.0,,,,,,,,,,,,,,,,,,,,,,,,,,,,,,,,,,1.0,,,,,,,,,,,,,,,,,,,,,,,,,,,,,,,,,,,,,,,,,,,,,,,,,,,,,,,,,,,,,,,,,,,,,,,,,,,,
1140,Terry Teagle,,SG,,"6'5""",,-2.5,,,,,,,,,,,,,D<85 no S7-9 mins,,,,,,,,,,,,,,,,,,,,,,,,,,,,,,,,,,,,,,,,,,,,,,,,,75.0,74.0,32.0,75.0,25.0,,78.0,82.0,77.0,64.0,76.0,89.0,80.0,77.0,75.0,74.0,53.0,79.0,91.0,88.0,82.0,63.0,74.0,57.0,72.0,49.0,51.0,36.0,69.0,95.0,68.0,72.0,79.0,71.0,71.0,46.0,58.0,32.0,74.0,63.0,32.0,72.0,65.0,70.0,49.0,57.0,41.0,65.0,85.0,0,0,0,0,0,0,,,,,,,,,,,,,,,,,,,,,,,,,,,,,,,,,,,,,,,,,,,,,,,,,,,,,,,,,,,,,,,,,,,,,,,,,,,,,,,,,,,,,,,,,,,,,,,,,,,,,,,,,,,,,,,,,,,,
1139,Tamar Bates,,SG,SF,"6'5""",Iso Sniper,-2.5,,,,,,,,,,,,,D<85 no S7-9 mins,,,,,,,,,,,,,,,,,,,,,,,,,,,,,,,,,,,,,,,,,,,,,,,,,68.0,60.0,44.0,70.0,99.0,,71.0,76.0,77.0,82.0,92.0,50.0,50.0,72.0,70.0,73.0,54.0,75.0,85.0,70.0,80.0,52.0,70.0,40.0,65.0,37.0,38.0,47.0,40.0,80.0,55.0,54.0,70.0,64.0,57.0,32.0,50.0,44.0,60.0,57.0,30.0,57.0,55.0,50.0,46.0,45.0,47.0,60.0,89.0,0,0,0,0,0,0,,,,,,,,,,,,,,,,,,,,,,,,,,,,,,,,,,,,,,,,,,,,,,,,,,,,,,,,,,,,,,,,,,,,,,,,,,,,,,,,,,,,,,,,,,,,,,,,,,,,,,,,,,,,,,,,,,,,
1136,Stanislav Medvedenko,,PF,,"6'10""",,-2.5,,,,,,,,,,,,,D<85 no S7-9 mins,,,,,,,,,,,,,,,,,,,,,,,,,,,,,,,,,,,,,,,,,,,,,,,,,70.0,39.0,64.0,56.0,65.0,,55.0,64.0,65.0,41.0,41.0,45.0,75.0,69.0,56.0,68.0,73.0,61.0,70.0,71.0,84.0,65.0,72.0,61.0,61.0,67.0,67.0,67.0,52.0,71.0,43.0,56.0,51.0,44.0,30.0,32.0,53.0,64.0,39.0,40.0,42.0,66.0,60.0,60.0,66.0,67.0,64.0,80.0,82.0,1,0,0,0,0,1,,,,,,,,,,,,,,1.0,,,,,,,,,,,,,,,,,,,,,,,,,,,,,,,,,,,,,,,,,,,,,,,,,,,,,,,,,,,,,,,,,,,,,,,,,,,,,,,,,,,,,,,,,,,,,,,,,,,,,,
1135,Stacey King,,C,,"6'11""",,-2.5,,,,,,,,,,,,,D<85 no S7-9 mins,,,,,,,,,,,,,,,,,,,,,,,,,,,,,,,,,,,,,,,,,,,,,,,,,73.0,49.0,75.0,64.0,99.0,,63.0,83.0,74.0,52.0,70.0,60.0,40.0,73.0,64.0,49.0,80.0,74.0,85.0,75.0,84.0,66.0,65.0,80.0,60.0,72.0,68.0,75.0,50.0,58.0,39.0,40.0,35.0,25.0,64.0,31.0,65.0,75.0,49.0,58.0,75.0,78.0,60.0,60.0,73.0,77.0,69.0,40.0,89.0,3,0,0,2,0,1,,,,,,,,,,,,,,,,,,,,,,,,,,,,,,,,,1.0,,,3.0,,3.0,,,,,,,,,,,,,,,,,,,,,,,,,,,,,,,,,,,,,,,,,,,,,,,,,,,,,,,,,,,,,,,,,,,,,,,,,,,,,,
242,Detlef Schrempf,,SF,PF,"6'9""",,-2.5,,,,,,,,,,,,,D<85 no S7-9 mins,,276.0,323.0,329.0,,,,,,,,,,,,,,,,,,,,,,,,,,,,,,3.9,,0.5,0.0,0.0,0.0,,1.9,2.0,3.9,0.0,0.0,,6.0,6.2,87.0,66.0,70.0,59.0,35.0,,89.0,84.0,86.0,90.0,83.0,98.0,95.0,76.0,59.0,66.0,66.0,69.0,98.0,90.0,83.0,77.0,70.0,65.0,62.0,82.0,82.0,83.0,88.0,82.0,66.0,71.0,71.0,38.0,79.0,70.0,65.0,70.0,66.0,60.0,32.0,77.0,72.0,80.0,52.0,45.0,58.0,98.0,92.0,6,0,0,3,2,1,,2.0,,3.0,,3.0,,,,,2.0,,,,,,,,,,,,,,,,,1.0,,,,,,,,,,,3.0,,,6.0,37.0,4.0,4.0,2.0,0.0,0.0,1.0,2.0,4.0,0.0,1.0,0.0,0.0,1.0,3.0,1.0,6.2,0.7,0.7,0.3,0.0,0.0,0.2,0.2,0.5,0.2,0.5,0.67,0.0,,3.9,3.9,1.9,0.0,0.0,1.0,1.0,2.9,1.0,,,,,0.5,0.5,0.11,0.11,,,,,,,,,,,,,,,,,,,,,,,,,,,
240,Sidney Wicks,,PF,SF,"6'8""",,-2.5,,,,,,,,,,,,,D<85 no S7-9 mins,,250.0,335.0,418.0,,,,,,,,,,,,,,,,,,,,,,,,,,,,,,4.5,,1.0,0.0,,0.0,,2.3,,2.3,2.3,2.3,,7.0,2.3,87.0,74.0,84.0,72.0,70.0,,78.0,92.0,79.0,32.0,76.0,95.0,95.0,82.0,72.0,68.0,82.0,85.0,90.0,92.0,85.0,82.0,85.0,80.0,80.0,82.0,80.0,82.0,84.0,85.0,65.0,69.0,71.0,68.0,70.0,45.0,78.0,84.0,74.0,89.0,70.0,78.0,77.0,75.0,85.0,84.0,85.0,45.0,92.0,15,0,0,8,4,3,,,,,,2.0,3.0,,3.0,1.0,3.0,3.0,1.0,,3.0,1.0,,,,,,,,,,2.0,,3.0,,,,,,,,2.0,3.0,2.0,,3.0,,7.0,16.0,2.0,1.0,1.0,1.0,1.0,0.0,1.0,1.0,0.0,0.0,0.0,0.0,0.0,1.0,1.0,2.3,0.3,0.1,0.1,0.1,0.1,0.0,0.0,0.1,0.1,1.0,1.0,,,4.5,2.3,2.3,2.3,2.3,0.0,0.0,2.3,2.3,,,,,1.0,1.0,0.06,0.12,,,,,,,,,,,,,,,,,,,,,,,,,,,
238,Vin Baker,,PF,,"6'10""",,-2.5,,,,,,,,,,,,,D<85 no S7-9 mins,,393.0,397.0,429.0,,,,,,,,,,,,,,,,,,,,,,,,,,,,,,28.8,,1.0,0.0,,0.0,,0.0,,14.4,0.0,0.0,,3.0,1.7,87.0,46.0,80.0,65.0,75.0,,82.0,84.0,77.0,70.0,69.0,95.0,95.0,76.0,65.0,46.0,79.0,66.0,95.0,89.0,89.0,86.0,79.0,75.0,73.0,90.0,92.0,90.0,90.0,95.0,69.0,68.0,70.0,54.0,95.0,60.0,73.0,80.0,46.0,67.0,77.0,77.0,81.0,80.0,86.0,88.0,84.0,68.0,92.0,7,0,0,5,2,0,,,,3.0,,3.0,,,,,3.0,2.0,3.0,,2.0,,,,,,,,,,,,,,,,,,,,,,,3.0,,,,3.0,5.0,4.0,2.0,0.0,0.0,0.0,0.0,2.0,2.0,0.0,0.0,0.0,0.0,1.0,1.0,0.0,1.7,1.3,0.7,0.0,0.0,0.0,0.0,0.3,0.3,0.0,1.0,1.0,,,28.8,14.4,0.0,0.0,0.0,0.0,7.2,7.2,0.0,,,,,1.0,1.0,0.4,0.8,,,,,,,,,,,,,,,,,,,,,,,,,,,
965,Jared Dudley,,PF,,"6'7""",,-2.5,,,,,,,,,,,,,D<85 no S7-9 mins,,,,,,,,,,,,,,,,,,,,,,,,,,,,,,,,,,,,,,,,,,,,,,,,,76.0,64.0,70.0,48.0,25.0,,79.0,80.0,97.0,80.0,66.0,84.0,65.0,70.0,48.0,64.0,69.0,65.0,84.0,74.0,86.0,53.0,70.0,40.0,35.0,35.0,52.0,58.0,44.0,88.0,50.0,55.0,63.0,36.0,58.0,38.0,63.0,70.0,64.0,42.0,51.0,79.0,72.0,65.0,56.0,47.0,65.0,98.0,85.0,4,0,0,0,0,4,,,,,,,,,,,,,,,,,,,,,,,,,,1.0,,,,1.0,1.0,1.0,,,,,,,,,,,,,,,,,,,,,,,,,,,,,,,,,,,,,,,,,,,,,,,,,,,,,,,,,,,,,,,,,,,,,,,,,,,,,,,,,,,,
963,Jamison Battle,,SF,PF,"6'7""",Crafty Stretch Four,-2.5,,,,,,,,,,,,,D<85 no S7-9 mins,,,,,,,,,,,,,,,,,,,,,,,,,,,,,,,,,,,,,,,,,,,,,,,,,73.0,58.0,58.0,64.0,0.0,,78.0,93.0,85.0,86.0,83.0,60.0,60.0,65.0,64.0,58.0,55.0,65.0,80.0,70.0,80.0,57.0,70.0,40.0,65.0,50.0,52.0,50.0,49.0,80.0,51.0,52.0,62.0,57.0,51.0,32.0,48.0,58.0,58.0,35.0,42.0,52.0,54.0,40.0,54.0,43.0,65.0,50.0,95.0,3,0,0,1,1,1,1.0,,,3.0,,,,,,,,,,,,,,,,,,,,,,,,,,,,,,,,,,,2.0,,,,,,,,,,,,,,,,,,,,,,,,,,,,,,,,,,,,,,,,,,,,,,,,,,,,,,,,,,,,,,,,,,,,,,,,,,,,,
961,James Jones,,SF,,"6'8""",,-2.5,,,,,,,,,,,,,D<85 no S7-9 mins,,,,,,,,,,,,,,,,,,,,,,,,,,,,,,,,,,,,,,,,,,,,,,,,,75.0,66.0,59.0,62.0,25.0,,75.0,67.0,80.0,90.0,83.0,82.0,50.0,64.0,62.0,60.0,45.0,60.0,80.0,60.0,82.0,60.0,75.0,45.0,68.0,40.0,51.0,60.0,60.0,80.0,60.0,75.0,75.0,49.0,71.0,29.0,55.0,59.0,66.0,37.0,50.0,65.0,62.0,45.0,42.0,34.0,49.0,40.0,85.0,4,0,0,0,3,1,2.0,1.0,,2.0,,,,,,,,,,,,,,,,,,,,,,,,,,,,,,,,,,,2.0,,,,,,,,,,,,,,,,,,,,,,,,,,,,,,,,,,,,,,,,,,,,,,,,,,,,,,,,,,,,,,,,,,,,,,,,,,,,,
959,Jamal Sampson,,C,,"6'11""",,-2.5,,,,,,,,,,,,,D<85 no S7-9 mins,,,,,,,,,,,,,,,,,,,,,,,,,,,,,,,,,,,,,,,,,,,,,,,,,69.0,40.0,72.0,31.0,70.0,,50.0,72.0,44.0,25.0,58.0,51.0,50.0,61.0,31.0,51.0,72.0,38.0,72.0,77.0,84.0,48.0,50.0,55.0,30.0,58.0,57.0,54.0,35.0,43.0,28.0,29.0,35.0,25.0,26.0,25.0,61.0,72.0,40.0,56.0,59.0,66.0,67.0,70.0,75.0,68.0,81.0,98.0,82.0,0,0,0,0,0,0,,,,,,,,,,,,,,,,,,,,,,,,,,,,,,,,,,,,,,,,,,,,,,,,,,,,,,,,,,,,,,,,,,,,,,,,,,,,,,,,,,,,,,,,,,,,,,,,,,,,,,,,,,,,,,,,,,,,
958,Jamal Cain,,SF,PF,"6'6""",Shot-Erasing Crafty 3PT Sniper,-2.5,,,,,,,,,,,,,D<85 no S7-9 mins,,,,,,,,,,,,,,,,,,,,,,,,,,,,,,,,,,,,,,,,,,,,,,,,,70.0,68.0,60.0,66.0,99.0,,69.0,81.0,59.0,73.0,63.0,75.0,65.0,70.0,66.0,68.0,60.0,75.0,80.0,70.0,83.0,63.0,80.0,65.0,70.0,59.0,55.0,57.0,40.0,75.0,48.0,44.0,53.0,60.0,49.0,32.0,57.0,60.0,68.0,49.0,68.0,55.0,50.0,50.0,48.0,55.0,40.0,50.0,95.0,0,0,0,0,0,0,,,,,,,,,,,,,,,,,,,,,,,,,,,,,,,,,,,,,,,,,,,,,,,,,,,,,,,,,,,,,,,,,,,,,,,,,,,,,,,,,,,,,,,,,,,,,,,,,,,,,,,,,,,,,,,,,,,,
1126,Shandon Anderson,,SF,SG,"6'6""",,-2.5,,,,,,,,,,,,,D<85 no S7-9 mins,,,,,,,,,,,,,,,,,,,,,,,,,,,,,,,,,,,,,,,,,,,,,,,,,75.0,60.0,58.0,68.0,25.0,,74.0,82.0,84.0,66.0,73.0,62.0,75.0,78.0,68.0,68.0,63.0,78.0,80.0,98.0,91.0,57.0,79.0,25.0,79.0,30.0,60.0,30.0,70.0,80.0,62.0,64.0,66.0,66.0,76.0,38.0,61.0,58.0,60.0,69.0,45.0,67.0,60.0,65.0,55.0,60.0,50.0,70.0,89.0,0,0,0,0,0,0,,,,,,,,,,,,,,,,,,,,,,,,,,,,,,,,,,,,,,,,,,,,,,,,,,,,,,,,,,,,,,,,,,,,,,,,,,,,,,,,,,,,,,,,,,,,,,,,,,,,,,,,,,,,,,,,,,,,
1125,Scott Williams,,PF,C,"6'10""",,-2.5,,,,,,,,,,,,,D<85 no S7-9 mins,,,,,,,,,,,,,,,,,,,,,,,,,,,,,,,,,,,,,,,,,,,,,,,,,73.0,44.0,75.0,25.0,99.0,,59.0,61.0,65.0,26.0,71.0,80.0,50.0,63.0,25.0,25.0,75.0,42.0,98.0,98.0,77.0,57.0,32.0,77.0,40.0,40.0,55.0,44.0,66.0,98.0,34.0,39.0,35.0,25.0,39.0,32.0,69.0,75.0,44.0,67.0,72.0,70.0,77.0,75.0,87.0,88.0,85.0,80.0,82.0,2,0,0,0,0,2,,,,,,1.0,,,,,,,,,,,,,,,,,,,,,,,,,,,,,,1.0,,,,,,,,,,,,,,,,,,,,,,,,,,,,,,,,,,,,,,,,,,,,,,,,,,,,,,,,,,,,,,,,,,,,,,,,,,,,,,,,
1124,Scott Wedman,,SF,SG,"6'7""",,-2.5,,,,,,,,,,,,,D<85 no S7-9 mins,,,,,,,,,,,,,,,,,,,,,,,,,,,,,,,,,,,,,,,,,,,,,,,,,76.0,83.0,55.0,53.0,10.0,,79.0,85.0,89.0,77.0,66.0,75.0,80.0,73.0,53.0,85.0,67.0,52.0,82.0,83.0,88.0,50.0,57.0,47.0,50.0,29.0,48.0,44.0,48.0,78.0,47.0,44.0,61.0,47.0,48.0,35.0,70.0,55.0,83.0,60.0,47.0,82.0,84.0,80.0,50.0,52.0,48.0,75.0,85.0,3,0,0,0,1,2,,,,,,,,,,,,,,,,,,,,,,,,,,2.0,,,,1.0,,1.0,,,,,,,,,,,,,,,,,,,,,,,,,,,,,,,,,,,,,,,,,,,,,,,,,,,,,,,,,,,,,,,,,,,,,,,,,,,,,,,,,,,,
1123,Scott Hastings,,PF,C,"6'10""",,-2.5,,,,,,,,,,,,,D<85 no S7-9 mins,,,,,,,,,,,,,,,,,,,,,,,,,,,,,,,,,,,,,,,,,,,,,,,,,68.0,25.0,75.0,25.0,60.0,,69.0,71.0,60.0,61.0,85.0,70.0,65.0,50.0,25.0,25.0,63.0,30.0,65.0,65.0,80.0,54.0,45.0,55.0,40.0,50.0,63.0,60.0,68.0,52.0,36.0,44.0,35.0,25.0,45.0,30.0,59.0,75.0,25.0,58.0,42.0,77.0,65.0,70.0,61.0,62.0,60.0,80.0,79.0,0,0,0,0,0,0,,,,,,,,,,,,,,,,,,,,,,,,,,,,,,,,,,,,,,,,,,,,,,,,,,,,,,,,,,,,,,,,,,,,,,,,,,,,,,,,,,,,,,,,,,,,,,,,,,,,,,,,,,,,,,,,,,,,
1122,Scott Burrell,,SF,,"6'7""",,-2.5,,,,,,,,,,,,,D<85 no S7-9 mins,,,,,,,,,,,,,,,,,,,,,,,,,,,,,,,,,,,,,,,,,,,,,,,,,74.0,64.0,60.0,62.0,25.0,,70.0,69.0,70.0,81.0,74.0,62.0,65.0,71.0,62.0,67.0,55.0,65.0,82.0,77.0,86.0,61.0,69.0,50.0,65.0,44.0,60.0,62.0,68.0,70.0,59.0,62.0,64.0,59.0,64.0,44.0,57.0,60.0,64.0,60.0,42.0,61.0,60.0,55.0,47.0,42.0,52.0,98.0,82.0,0,0,0,0,0,0,,,,,,,,,,,,,,,,,,,,,,,,,,,,,,,,,,,,,,,,,,,,,,,,,,,,,,,,,,,,,,,,,,,,,,,,,,,,,,,,,,,,,,,,,,,,,,,,,,,,,,,,,,,,,,,,,,,,
1121,Scot Pollard,,C,,"6'11""",,-2.5,,,,,,,,,,,,,D<85 no S7-9 mins,,,,,,,,,,,,,,,,,,,,,,,,,,,,,,,,,,,,,,,,,,,,,,,,,77.0,37.0,81.0,44.0,99.0,,67.0,85.0,84.0,25.0,69.0,92.0,45.0,59.0,44.0,37.0,62.0,35.0,80.0,87.0,65.0,61.0,51.0,65.0,45.0,70.0,53.0,64.0,77.0,66.0,41.0,46.0,35.0,25.0,46.0,52.0,66.0,81.0,37.0,69.0,60.0,79.0,72.0,65.0,85.0,86.0,84.0,98.0,85.0,4,0,0,3,0,1,,,,,,1.0,,,,,,,,,,,,,,,,,,,,,,,,,,,,,,3.0,3.0,3.0,,,,,,,,,,,,,,,,,,,,,,,,,,,,,,,,,,,,,,,,,,,,,,,,,,,,,,,,,,,,,,,,,,,,,,,,,,,,,,
1120,Sasha Pavlovic,,SG,,"6'8""",,-2.5,,,,,,,,,,,,,D<85 no S7-9 mins,,,,,,,,,,,,,,,,,,,,,,,,,,,,,,,,,,,,,,,,,,,,,,,,,74.0,66.0,45.0,69.0,35.0,,76.0,58.0,74.0,81.0,79.0,95.0,70.0,71.0,69.0,66.0,54.0,73.0,85.0,75.0,75.0,55.0,72.0,35.0,65.0,42.0,47.0,42.0,61.0,75.0,58.0,62.0,62.0,67.0,57.0,41.0,52.0,45.0,66.0,42.0,37.0,62.0,44.0,65.0,47.0,42.0,52.0,95.0,82.0,0,0,0,0,0,0,,,,,,,,,,,,,,,,,,,,,,,,,,,,,,,,,,,,,,,,,,,,,,,,,,,,,,,,,,,,,,,,,,,,,,,,,,,,,,,,,,,,,,,,,,,,,,,,,,,,,,,,,,,,,,,,,,,,
1119,Sam Vincent,,PG,SG,"6'2""",,-2.5,,,,,,,,,,,,,D<85 no S7-9 mins,,,,,,,,,,,,,,,,,,,,,,,,,,,,,,,,,,,,,,,,,,,,,,,,,73.0,60.0,28.0,77.0,10.0,,74.0,82.0,84.0,66.0,82.0,64.0,65.0,73.0,77.0,75.0,35.0,82.0,87.0,79.0,78.0,45.0,84.0,25.0,25.0,25.0,29.0,25.0,61.0,82.0,79.0,82.0,79.0,79.0,80.0,73.0,50.0,28.0,60.0,61.0,35.0,69.0,54.0,45.0,43.0,36.0,50.0,84.0,85.0,0,0,0,0,0,0,,,,,,,,,,,,,,,,,,,,,,,,,,,,,,,,,,,,,,,,,,,,,,,,,,,,,,,,,,,,,,,,,,,,,,,,,,,,,,,,,,,,,,,,,,,,,,,,,,,,,,,,,,,,,,,,,,,,
949,Isaiah Crawford,,SF,SG,"6'6""",Crafty 3-Level Scorer,-2.5,,,,,,,,,,,,,D<85 no S7-9 mins,,,,,,,,,,,,,,,,,,,,,,,,,,,,,,,,,,,,,,,,,,,,,,,,,68.0,57.0,55.0,61.0,50.0,,66.0,71.0,74.0,78.0,73.0,50.0,50.0,70.0,61.0,61.0,59.0,74.0,90.0,75.0,80.0,60.0,70.0,50.0,65.0,57.0,57.0,57.0,45.0,80.0,49.0,48.0,57.0,57.0,47.0,37.0,50.0,55.0,57.0,45.0,44.0,52.0,57.0,40.0,56.0,54.0,59.0,50.0,95.0,0,0,0,0,0,0,,,,,,,,,,,,,,,,,,,,,,,,,,,,,,,,,,,,,,,,,,,,,,,,,,,,,,,,,,,,,,,,,,,,,,,,,,,,,,,,,,,,,,,,,,,,,,,,,,,,,,,,,,,,,,,,,,,,
948,Isaac Jones,,PF,C,"6'9""",Shot-Erasing Putback Pro,-2.5,,,,,,,,,,,,,D<85 no S7-9 mins,,,,,,,,,,,,,,,,,,,,,,,,,,,,,,,,,,,,,,,,,,,,,,,,,71.0,59.0,60.0,70.0,35.0,,59.0,78.0,64.0,49.0,62.0,60.0,40.0,76.0,70.0,67.0,70.0,74.0,85.0,90.0,80.0,67.0,70.0,75.0,75.0,60.0,60.0,60.0,44.0,95.0,47.0,44.0,58.0,60.0,44.0,28.0,55.0,60.0,59.0,28.0,81.0,58.0,55.0,45.0,66.0,67.0,64.0,60.0,95.0,0,0,0,0,0,0,,,,,,,,,,,,,,,,,,,,,,,,,,,,,,,,,,,,,,,,,,,,,,,,,,,,,,,,,,,,,,,,,,,,,,,,,,,,,,,,,,,,,,,,,,,,,,,,,,,,,,,,,,,,,,,,,,,,
947,Isaac Austin,,PF,C,"6'10""",,-2.5,,,,,,,,,,,,,D<85 no S7-9 mins,,,,,,,,,,,,,,,,,,,,,,,,,,,,,,,,,,,,,,,,,,,,,,,,,78.0,52.0,80.0,63.0,90.0,,74.0,86.0,83.0,50.0,66.0,82.0,75.0,66.0,63.0,52.0,88.0,50.0,70.0,55.0,82.0,68.0,62.0,60.0,50.0,82.0,82.0,80.0,55.0,70.0,49.0,55.0,40.0,25.0,52.0,72.0,73.0,80.0,52.0,73.0,82.0,79.0,70.0,75.0,78.0,74.0,82.0,75.0,85.0,2,0,0,0,1,1,,,,,,,,,,,,,,,,,,,,,,,,,,,,,,,,,,,,1.0,,2.0,,,,,,,,,,,,,,,,,,,,,,,,,,,,,,,,,,,,,,,,,,,,,,,,,,,,,,,,,,,,,,,,,,,,,,,,,,,,,,
1043,Luka Garza,,C,,"6'10""",Crafty Stretch Four Crasher,-2.5,,,,,,,,,,,,,D<85 no S7-9 mins,,,,,,,,,,,,,,,,,,,,,,,,,,,,,,,,,,,,,,,,,,,,,,,,,78.0,30.0,54.0,40.0,0.0,,81.0,97.0,74.0,84.0,76.0,70.0,85.0,60.0,40.0,40.0,69.0,48.0,80.0,85.0,80.0,70.0,74.0,60.0,45.0,79.0,79.0,79.0,59.0,85.0,43.0,55.0,35.0,34.0,55.0,35.0,47.0,54.0,30.0,38.0,72.0,52.0,56.0,30.0,74.0,92.0,56.0,95.0,95.0,3,0,0,0,0,3,,,,,,,,,,1.0,,,,,1.0,,,,,,,,,,,,,,,,,,,,,,1.0,,,,,,,,,,,,,,,,,,,,,,,,,,,,,,,,,,,,,,,,,,,,,,,,,,,,,,,,,,,,,,,,,,,,,,,,,,,,,,,
1045,Luke Walton,,PF,,"6'8""",,-2.5,,,,,,,,,,,,,D<85 no S7-9 mins,,,,,,,,,,,,,,,,,,,,,,,,,,,,,,,,,,,,,,,,,,,,,,,,,72.0,58.0,55.0,69.0,50.0,,72.0,82.0,68.0,73.0,71.0,78.0,60.0,68.0,69.0,58.0,58.0,65.0,76.0,83.0,70.0,56.0,72.0,40.0,48.0,55.0,61.0,58.0,50.0,64.0,67.0,74.0,55.0,65.0,72.0,71.0,60.0,55.0,58.0,79.0,51.0,65.0,55.0,60.0,60.0,61.0,59.0,80.0,85.0,0,0,0,0,0,0,,,,,,,,,,,,,,,,,,,,,,,,,,,,,,,,,,,,,,,,,,,,,,,,,,,,,,,,,,,,,,,,,,,,,,,,,,,,,,,,,,,,,,,,,,,,,,,,,,,,,,,,,,,,,,,,,,,,
912,Eddie Mast,,PF,,"6'9""",,-2.5,,,,,,,,,,,,,D<85 no S7-9 mins,,,,,,,,,,,,,,,,,,,,,,,,,,,,,,,,,,,,,,,,,,,,,,,,,69.0,37.0,62.0,44.0,99.0,,51.0,58.0,42.0,30.0,63.0,68.0,45.0,61.0,44.0,37.0,66.0,68.0,66.0,66.0,79.0,62.0,44.0,75.0,60.0,65.0,64.0,62.0,52.0,75.0,39.0,42.0,33.0,37.0,44.0,39.0,50.0,62.0,37.0,52.0,47.0,58.0,44.0,50.0,78.0,79.0,76.0,98.0,85.0,0,0,0,0,0,0,,,,,,,,,,,,,,,,,,,,,,,,,,,,,,,,,,,,,,,,,,,,,,,,,,,,,,,,,,,,,,,,,,,,,,,,,,,,,,,,,,,,,,,,,,,,,,,,,,,,,,,,,,,,,,,,,,,,
1113,Ronnie Brewer,,SG,,"6'7""",,-2.5,,,,,,,,,,,,,D<85 no S7-9 mins,,,,,,,,,,,,,,,,,,,,,,,,,,,,,,,,,,,,,,,,,,,,,,,,,77.0,82.0,52.0,72.0,50.0,,75.0,69.0,67.0,79.0,65.0,95.0,75.0,71.0,72.0,84.0,54.0,57.0,85.0,60.0,83.0,54.0,70.0,25.0,25.0,52.0,50.0,70.0,54.0,85.0,64.0,70.0,78.0,65.0,69.0,38.0,71.0,52.0,82.0,74.0,40.0,84.0,82.0,85.0,42.0,35.0,48.0,75.0,85.0,0,0,0,0,0,0,,,,,,,,,,,,,,,,,,,,,,,,,,,,,,,,,,,,,,,,,,,,,,,,,,,,,,,,,,,,,,,,,,,,,,,,,,,,,,,,,,,,,,,,,,,,,,,,,,,,,,,,,,,,,,,,,,,,
1143,Tidjane Salaun,,PF,SF,"6'8""",Stretch Four Cleaner,-2.5,,,,,,,,,,,,,D<85 no S7-9 mins,,,,,,,,,,,,,,,,,,,,,,,,,,,,,,,,,,,,,,,,,,,,,,,,,75.0,74.0,69.0,71.0,0.0,,68.0,45.0,65.0,86.0,72.0,80.0,60.0,79.0,71.0,82.0,60.0,80.0,88.0,90.0,80.0,63.0,75.0,65.0,80.0,52.0,51.0,51.0,47.0,80.0,52.0,47.0,66.0,66.0,45.0,37.0,60.0,69.0,74.0,53.0,52.0,65.0,59.0,50.0,65.0,48.0,81.0,75.0,89.0,1,0,0,0,1,0,,,,2.0,,,,,,,,,,,,,,,,,,,,,,,,,,,,,,,,,,,,,,,,,,,,,,,,,,,,,,,,,,,,,,,,,,,,,,,,,,,,,,,,,,,,,,,,,,,,,,,,,,,,,,,,,,,,,,,,
1144,Timofey Mozgov,,C,,"7'1""",,-2.5,,,,,,,,,,,,,D<85 no S7-9 mins,,,,,,,,,,,,,,,,,,,,,,,,,,,,,,,,,,,,,,,,,,,,,,,,,75.0,65.0,81.0,52.0,99.0,,61.0,66.0,88.0,31.0,81.0,50.0,50.0,67.0,52.0,54.0,70.0,63.0,83.0,67.0,80.0,68.0,61.0,85.0,75.0,72.0,52.0,76.0,62.0,62.0,36.0,25.0,35.0,30.0,59.0,31.0,67.0,81.0,65.0,55.0,62.0,84.0,58.0,65.0,73.0,70.0,75.0,70.0,85.0,10,0,0,0,6,4,,,,,,2.0,,,,2.0,,,1.0,1.0,,2.0,,,,,,,,,,,,,,,,,2.0,,2.0,1.0,,1.0,,2.0,,,,,,,,,,,,,,,,,,,,,,,,,,,,,,,,,,,,,,,,,,,,,,,,,,,,,,,,,,,,,,,,,,,,,,,,,,,,
1145,Todd MacCulloch,,C,,"7'0""",,-2.5,,,,,,,,,,,,,D<85 no S7-9 mins,,,,,,,,,,,,,,,,,,,,,,,,,,,,,,,,,,,,,,,,,,,,,,,,,68.0,25.0,63.0,30.0,99.0,,56.0,59.0,63.0,25.0,63.0,79.0,45.0,51.0,30.0,25.0,75.0,30.0,62.0,55.0,77.0,59.0,28.0,69.0,40.0,75.0,65.0,62.0,69.0,65.0,29.0,32.0,32.0,25.0,30.0,28.0,51.0,63.0,25.0,55.0,62.0,57.0,44.0,50.0,79.0,86.0,71.0,90.0,79.0,1,0,0,0,0,1,,,,,,,,,,,,,,,,,,,,,,,,,,,,,,,,,,,,1.0,,,,,,,,,,,,,,,,,,,,,,,,,,,,,,,,,,,,,,,,,,,,,,,,,,,,,,,,,,,,,,,,,,,,,,,,,,,,,,,,
1146,Tolu Smith,,C,PF,"6'11""",Board-Hunting Post Scorer,-2.5,,,,,,,,,,,,,D<85 no S7-9 mins,,,,,,,,,,,,,,,,,,,,,,,,,,,,,,,,,,,,,,,,,,,,,,,,,67.0,34.0,60.0,52.0,30.0,,52.0,70.0,49.0,37.0,60.0,50.0,45.0,64.0,52.0,44.0,80.0,65.0,80.0,65.0,80.0,66.0,63.0,70.0,70.0,70.0,68.0,70.0,40.0,80.0,41.0,45.0,34.0,48.0,42.0,36.0,51.0,60.0,34.0,40.0,62.0,65.0,55.0,40.0,70.0,70.0,70.0,50.0,95.0,0,0,0,0,0,0,,,,,,,,,,,,,,,,,,,,,,,,,,,,,,,,,,,,,,,,,,,,,,,,,,,,,,,,,,,,,,,,,,,,,,,,,,,,,,,,,,,,,,,,,,,,,,,,,,,,,,,,,,,,,,,,,,,,
1175,Xavier Tillman Sr.,,C,PF,"6'7""",2-Way Crafty Paint Finisher,-2.5,,,,,,,,,,,,,D<85 no S7-9 mins,,,,,,,,,,,,,,,,,,,,,,,,,,,,,,,,,,,,,,,,,,,,,,,,,72.0,66.0,74.0,46.0,60.0,,61.0,86.0,68.0,62.0,45.0,60.0,45.0,70.0,46.0,67.0,72.0,69.0,82.0,85.0,80.0,70.0,73.0,75.0,65.0,70.0,70.0,70.0,46.0,95.0,51.0,62.0,61.0,37.0,68.0,29.0,66.0,74.0,66.0,49.0,57.0,75.0,74.0,65.0,62.0,51.0,72.0,50.0,95.0,2,0,0,0,0,2,,,,,,,,,,,,,,,,,,,,,,,,,,,,,,,,,,,,,1.0,,,1.0,,,,,,,,,,,,,,,,,,,,,,,,,,,,,,,,,,,,,,,,,,,,,,,,,,,,,,,,,,,,,,,,,,,,,,,,,,,,
1174,Winston Bennett,,SF,,"6'7""",,-2.5,,,,,,,,,,,,,D<85 no S7-9 mins,,,,,,,,,,,,,,,,,,,,,,,,,,,,,,,,,,,,,,,,,,,,,,,,,75.0,75.0,48.0,74.0,70.0,,62.0,68.0,70.0,40.0,69.0,90.0,35.0,76.0,74.0,75.0,60.0,79.0,88.0,85.0,70.0,58.0,75.0,50.0,50.0,54.0,52.0,35.0,72.0,72.0,58.0,60.0,65.0,70.0,60.0,35.0,65.0,48.0,75.0,74.0,25.0,78.0,77.0,75.0,61.0,50.0,72.0,90.0,85.0,1,0,0,0,0,1,,,,,,,,,,,,,,,,,,,,,,,,,,,1.0,,,,,,,,,,,,,,,,,,,,,,,,,,,,,,,,,,,,,,,,,,,,,,,,,,,,,,,,,,,,,,,,,,,,,,,,,,,,,,,,,,,,,,,,,
1173,Willie McCarter,,SG,PG,"6'3""",,-2.5,,,,,,,,,,,,,D<85 no S7-9 mins,,,,,,,,,,,,,,,,,,,,,,,,,,,,,,,,,,,,,,,,,,,,,,,,,67.0,48.0,25.0,72.0,30.0,,64.0,72.0,66.0,59.0,65.0,70.0,49.0,66.0,72.0,53.0,25.0,75.0,83.0,80.0,77.0,50.0,75.0,25.0,55.0,25.0,55.0,35.0,52.0,76.0,72.0,70.0,72.0,72.0,78.0,68.0,46.0,25.0,48.0,65.0,25.0,56.0,56.0,50.0,31.0,31.0,31.0,70.0,85.0,0,0,0,0,0,0,,,,,,,,,,,,,,,,,,,,,,,,,,,,,,,,,,,,,,,,,,,,,,,,,,,,,,,,,,,,,,,,,,,,,,,,,,,,,,,,,,,,,,,,,,,,,,,,,,,,,,,,,,,,,,,,,,,,
1172,Willie Anderson,,SG,,"6'7""",,-2.5,,,,,,,,,,,,,D<85 no S7-9 mins,,,,,,,,,,,,,,,,,,,,,,,,,,,,,,,,,,,,,,,,,,,,,,,,,73.0,62.0,55.0,65.0,60.0,,73.0,75.0,77.0,75.0,78.0,70.0,60.0,74.0,65.0,62.0,62.0,74.0,82.0,90.0,80.0,63.0,78.0,39.0,75.0,57.0,58.0,57.0,44.0,95.0,74.0,79.0,82.0,63.0,77.0,71.0,55.0,55.0,62.0,42.0,56.0,60.0,50.0,60.0,51.0,42.0,60.0,40.0,85.0,1,0,0,0,0,1,,,,,,,,,,,,,,,,,,,,,,,,,,,,,,,,,,,,,,,1.0,,,,,,,,,,,,,,,,,,,,,,,,,,,,,,,,,,,,,,,,,,,,,,,,,,,,,,,,,,,,,,,,,,,,,,,,,,,,,
1169,Will Perdue,,C,PF,"7'0""",,-2.5,,,,,,,,,,,,,D<85 no S7-9 mins,,,,,,,,,,,,,,,,,,,,,,,,,,,,,,,,,,,,,,,,,,,,,,,,,73.0,25.0,75.0,25.0,99.0,,61.0,76.0,38.0,26.0,60.0,98.0,65.0,53.0,25.0,25.0,78.0,32.0,68.0,65.0,80.0,62.0,55.0,70.0,40.0,71.0,60.0,74.0,69.0,57.0,37.0,47.0,25.0,25.0,47.0,40.0,61.0,75.0,25.0,58.0,76.0,68.0,63.0,65.0,79.0,77.0,81.0,98.0,85.0,1,0,0,0,0,1,,,,,,,,,,,,,,,,1.0,,,,,,,,,,,,,,,,,,,,,,,,,,,,,,,,,,,,,,,,,,,,,,,,,,,,,,,,,,,,,,,,,,,,,,,,,,,,,,,,,,,,,,,,,,,,,,,,,,,,
1133,Spencer Jones,,SF,PF,"6'7""",Crafty Sharpshooter,-2.5,,,,,,,,,,,,,D<85 no S7-9 mins,,,,,,,,,,,,,,,,,,,,,,,,,,,,,,,,,,,,,,,,,,,,,,,,,73.0,64.0,57.0,67.0,50.0,,76.0,97.0,72.0,84.0,62.0,70.0,70.0,71.0,67.0,64.0,50.0,68.0,80.0,95.0,80.0,56.0,74.0,40.0,65.0,40.0,40.0,45.0,59.0,88.0,54.0,54.0,68.0,60.0,57.0,29.0,58.0,57.0,64.0,56.0,56.0,64.0,57.0,50.0,50.0,52.0,49.0,80.0,95.0,2,0,0,0,0,2,,,,1.0,,,,,,,1.0,,,,,,,,,,,,,,,,,,,,,,,,,,,,,,,,,,,,,,,,,,,,,,,,,,,,,,,,,,,,,,,,,,,,,,,,,,,,,,,,,,,,,,,,,,,,,,,,,,,,,,,,,
1130,Sidy Cissoko,,SF,SG,"6'6""",Crafty Inside-Out Scorer,-2.5,,,,,,,,,,,,,D<85 no S7-9 mins,,,,,,,,,,,,,,,,,,,,,,,,,,,,,,,,,,,,,,,,,,,,,,,,,75.0,66.0,59.0,74.0,50.0,,72.0,72.0,67.0,75.0,68.0,75.0,75.0,76.0,74.0,75.0,58.0,80.0,89.0,80.0,80.0,62.0,78.0,50.0,75.0,48.0,47.0,47.0,67.0,85.0,59.0,61.0,68.0,66.0,60.0,38.0,58.0,59.0,66.0,53.0,53.0,68.0,54.0,50.0,46.0,47.0,44.0,75.0,95.0,0,0,0,0,0,0,,,,,,,,,,,,,,,,,,,,,,,,,,,,,,,,,,,,,,,,,,,,,,,,,,,,,,,,,,,,,,,,,,,,,,,,,,,,,,,,,,,,,,,,,,,,,,,,,,,,,,,,,,,,,,,,,,,,
1129,Sidney Green,,PF,C,"6'9""",,-2.5,,,,,,,,,,,,,D<85 no S7-9 mins,,,,,,,,,,,,,,,,,,,,,,,,,,,,,,,,,,,,,,,,,,,,,,,,,79.0,43.0,79.0,66.0,90.0,,70.0,75.0,72.0,31.0,78.0,85.0,80.0,71.0,66.0,43.0,79.0,75.0,88.0,66.0,79.0,72.0,49.0,85.0,67.0,76.0,74.0,76.0,74.0,75.0,42.0,49.0,32.0,49.0,45.0,36.0,63.0,79.0,43.0,61.0,47.0,75.0,68.0,70.0,84.0,84.0,83.0,98.0,92.0,1,0,0,0,0,1,,,,,,,,,,,,,,,,,,,,,,,,,,,,,,,,,,,,1.0,,,,,,,,,,,,,,,,,,,,,,,,,,,,,,,,,,,,,,,,,,,,,,,,,,,,,,,,,,,,,,,,,,,,,,,,,,,,,,,,
1127,Shannon Brown,,SG,,"6'4""",,-2.5,,,,,,,,,,,,,D<85 no S7-9 mins,,,,,,,,,,,,,,,,,,,,,,,,,,,,,,,,,,,,,,,,,,,,,,,,,66.0,60.0,47.0,77.0,25.0,,58.0,69.0,65.0,74.0,71.0,40.0,30.0,76.0,77.0,60.0,58.0,98.0,80.0,70.0,88.0,56.0,73.0,50.0,85.0,33.0,48.0,38.0,57.0,64.0,55.0,55.0,64.0,77.0,45.0,35.0,50.0,47.0,60.0,63.0,51.0,58.0,44.0,30.0,44.0,41.0,47.0,67.0,85.0,0,0,0,0,0,0,,,,,,,,,,,,,,,,,,,,,,,,,,,,,,,,,,,,,,,,,,,,,,,,,,,,,,,,,,,,,,,,,,,,,,,,,,,,,,,,,,,,,,,,,,,,,,,,,,,,,,,,,,,,,,,,,,,,
1046,Luther Rackley,,C,PF,"6'10""",,-2.5,,,,,,,,,,,,,D<85 no S7-9 mins,,,,,,,,,,,,,,,,,,,,,,,,,,,,,,,,,,,,,,,,,,,,,,,,,67.0,34.0,63.0,48.0,99.0,,51.0,49.0,35.0,25.0,58.0,77.0,60.0,54.0,48.0,34.0,50.0,59.0,65.0,44.0,76.0,50.0,30.0,79.0,40.0,66.0,25.0,40.0,73.0,44.0,37.0,41.0,26.0,44.0,35.0,40.0,56.0,63.0,34.0,59.0,75.0,60.0,45.0,55.0,81.0,75.0,86.0,98.0,79.0,1,0,0,0,1,0,,,,,,,,,,,,,,,,,,,,,,,,,,,,,,,,,,,,2.0,,,,,,,,,,,,,,,,,,,,,,,,,,,,,,,,,,,,,,,,,,,,,,,,,,,,,,,,,,,,,,,,,,,,,,,,,,,,,,,,
1167,Wendell Moore Jr.,,SF,SG,"6'5""",High-Flying 3PT Sniper,-2.5,,,,,,,,,,,,,D<85 no S7-9 mins,,,,,,,,,,,,,,,,,,,,,,,,,,,,,,,,,,,,,,,,,,,,,,,,,70.0,72.0,56.0,70.0,50.0,,71.0,77.0,72.0,76.0,81.0,70.0,50.0,77.0,70.0,74.0,58.0,83.0,85.0,90.0,80.0,55.0,71.0,50.0,80.0,44.0,47.0,44.0,32.0,72.0,58.0,57.0,67.0,68.0,54.0,43.0,63.0,56.0,72.0,59.0,51.0,70.0,72.0,60.0,60.0,58.0,63.0,30.0,95.0,0,0,0,0,0,0,,,,,,,,,,,,,,,,,,,,,,,,,,,,,,,,,,,,,,,,,,,,,,,,,,,,,,,,,,,,,,,,,,,,,,,,,,,,,,,,,,,,,,,,,,,,,,,,,,,,,,,,,,,,,,,,,,,,
1166,Wendell Carter Jr.,,C,PF,"6'10""",Post-Scoring Stretch,-2.5,,,,,,,,,,,,,D<85 no S7-9 mins,,,,,,,,,,,,,,,,,,,,,,,,,,,,,,,,,,,,,,,,,,,,,,,,,79.0,47.0,78.0,68.0,20.0,,74.0,82.0,87.0,74.0,79.0,60.0,60.0,75.0,68.0,55.0,82.0,68.0,85.0,90.0,81.0,80.0,78.0,80.0,75.0,81.0,81.0,81.0,75.0,85.0,52.0,56.0,50.0,47.0,70.0,39.0,63.0,78.0,47.0,41.0,58.0,80.0,70.0,70.0,70.0,63.0,78.0,50.0,95.0,11,0,0,0,5,6,,,,1.0,1.0,,,1.0,,2.0,2.0,1.0,2.0,,1.0,1.0,,,,,,,,,,,,,,,,,,,,2.0,,2.0,,,,,,,,,,,,,,,,,,,,,,,,,,,,,,,,,,,,,,,,,,,,,,,,,,,,,,,,,,,,,,,,,,,,,,,,,,,,,,
1165,Wayne Simien,,PF,,"6'9""",,-2.5,,,,,,,,,,,,,D<85 no S7-9 mins,,,,,,,,,,,,,,,,,,,,,,,,,,,,,,,,,,,,,,,,,,,,,,,,,72.0,57.0,64.0,70.0,0.0,,61.0,72.0,89.0,42.0,57.0,70.0,35.0,76.0,70.0,62.0,73.0,67.0,83.0,90.0,89.0,63.0,72.0,65.0,75.0,57.0,55.0,57.0,47.0,75.0,46.0,30.0,47.0,62.0,57.0,33.0,60.0,64.0,57.0,62.0,37.0,77.0,64.0,60.0,59.0,57.0,60.0,65.0,82.0,3,0,0,0,2,1,,,,,,,,,,,,,,,,,,,,,,,,,,,,,,,,,,,,1.0,2.0,,,2.0,,,,,,,,,,,,,,,,,,,,,,,,,,,,,,,,,,,,,,,,,,,,,,,,,,,,,,,,,,,,,,,,,,,,,,,,,,,,
1163,Vladislav Goldin,,C,,"7'0""",Stretch Lob Threat,-2.5,,,,,,,,,,,,,D<85 no S7-9 mins,,,,,,,,,,,,,,,,,,,,,,,,,,,,,,,,,,,,,,,,,,,,,,,,,68.0,45.0,66.0,33.0,,,63.0,70.0,68.0,66.0,73.0,50.0,50.0,57.0,33.0,30.0,70.0,50.0,80.0,80.0,80.0,67.0,60.0,75.0,65.0,67.0,67.0,67.0,63.0,75.0,46.0,59.0,44.0,30.0,59.0,37.0,53.0,66.0,45.0,35.0,67.0,66.0,45.0,50.0,67.0,69.0,65.0,50.0,95.0,0,0,0,0,0,0,,,,,,,,,,,,,,,,,,,,,,,,,,,,,,,,,,,,,,,,,,,,,,,,,,,,,,,,,,,,,,,,,,,,,,,,,,,,,,,,,,,,,,,,,,,,,,,,,,,,,,,,,,,,,,,,,,,,
1162,Vince Williams Jr.,,PG,SF,"6'4""",2-Way Playmaker,-2.5,,,,,,,,,,,,,D<85 no S7-9 mins,,,,,,,,,,,,,,,,,,,,,,,,,,,,,,,,,,,,,,,,,,,,,,,,,74.0,79.0,55.0,68.0,0.0,,68.0,85.0,55.0,73.0,78.0,75.0,45.0,75.0,68.0,82.0,52.0,70.0,87.0,90.0,80.0,53.0,75.0,35.0,70.0,41.0,53.0,39.0,44.0,70.0,75.0,80.0,79.0,60.0,80.0,77.0,67.0,55.0,79.0,49.0,58.0,77.0,75.0,75.0,58.0,50.0,65.0,80.0,95.0,9,0,0,1,5,3,,,,2.0,,,,,,,,,,,,,,2.0,2.0,2.0,,,,,3.0,1.0,,,,,2.0,,,,,,,,1.0,1.0,,,,,,,,,,,,,,,,,,,,,,,,,,,,,,,,,,,,,,,,,,,,,,,,,,,,,,,,,,,,,,,,,,,,,,,,,,,,
1158,Tyler Smith,,C,PF,"6'9""",Rim-Rocking Stretch Five,-2.5,,,,,,,,,,,,,D<85 no S7-9 mins,,,,,,,,,,,,,,,,,,,,,,,,,,,,,,,,,,,,,,,,,,,,,,,,,69.0,52.0,53.0,72.0,35.0,,68.0,72.0,75.0,80.0,73.0,60.0,50.0,74.0,72.0,69.0,58.0,84.0,85.0,75.0,80.0,66.0,64.0,80.0,80.0,64.0,64.0,64.0,44.0,70.0,51.0,39.0,57.0,67.0,58.0,32.0,48.0,53.0,52.0,35.0,59.0,52.0,47.0,35.0,54.0,47.0,60.0,50.0,95.0,0,0,0,0,0,0,,,,,,,,,,,,,,,,,,,,,,,,,,,,,,,,,,,,,,,,,,,,,,,,,,,,,,,,,,,,,,,,,,,,,,,,,,,,,,,,,,,,,,,,,,,,,,,,,,,,,,,,,,,,,,,,,,,,
1157,Tyler Kolek,,PG,SG,"6'3""",Crafty 3-Level Scorer,-2.5,,,,,,,,,,,,,D<85 no S7-9 mins,,,,,,,,,,,,,,,,,,,,,,,,,,,,,,,,,,,,,,,,,,,,,,,,,74.0,73.0,32.0,74.0,0.0,,76.0,82.0,83.0,76.0,83.0,70.0,65.0,78.0,74.0,84.0,54.0,74.0,90.0,90.0,80.0,52.0,82.0,25.0,45.0,37.0,57.0,42.0,45.0,85.0,77.0,79.0,77.0,74.0,79.0,74.0,51.0,32.0,73.0,46.0,40.0,58.0,57.0,50.0,48.0,38.0,58.0,75.0,95.0,8,0,0,0,0,8,,,,1.0,,,1.0,,1.0,,,,,,,,,,1.0,1.0,,,1.0,1.0,1.0,,,,,,,,,,,,,,,,,,,,,,,,,,,,,,,,,,,,,,,,,,,,,,,,,,,,,,,,,,,,,,,,,,,,,,,,,,,,,,,,,,,,,,,,,,,
1156,Trey Jemison III,,C,,"6'10""",Ball-Snatching Rim Rocker,-2.5,,,,,,,,,,,,,D<85 no S7-9 mins,,,,,,,,,,,,,,,,,,,,,,,,,,,,,,,,,,,,,,,,,,,,,,,,,71.0,37.0,71.0,55.0,99.0,,54.0,83.0,50.0,29.0,39.0,70.0,50.0,72.0,55.0,52.0,76.0,72.0,90.0,90.0,82.0,64.0,60.0,75.0,75.0,67.0,54.0,65.0,40.0,80.0,42.0,44.0,40.0,44.0,45.0,35.0,62.0,71.0,37.0,66.0,76.0,70.0,50.0,65.0,72.0,78.0,65.0,50.0,95.0,3,0,0,0,1,2,,,,,,1.0,,,,,,,,,,,,,,,,,,,,,,2.0,,,,,,,,,,,,1.0,,,,,,,,,,,,,,,,,,,,,,,,,,,,,,,,,,,,,,,,,,,,,,,,,,,,,,,,,,,,,,,,,,,,,,,,,,,,
1153,Trent Tucker,,SG,,"6'5""",,-2.5,,,,,,,,,,,,,D<85 no S7-9 mins,,,,,,,,,,,,,,,,,,,,,,,,,,,,,,,,,,,,,,,,,,,,,,,,,73.0,65.0,59.0,64.0,30.0,,76.0,72.0,76.0,82.0,75.0,80.0,70.0,69.0,64.0,66.0,43.0,69.0,84.0,73.0,81.0,53.0,71.0,25.0,60.0,52.0,54.0,52.0,26.0,80.0,67.0,69.0,73.0,62.0,68.0,64.0,58.0,59.0,65.0,64.0,35.0,64.0,60.0,60.0,46.0,46.0,46.0,80.0,82.0,0,0,0,0,0,0,,,,,,,,,,,,,,,,,,,,,,,,,,,,,,,,,,,,,,,,,,,,,,,,,,,,,,,,,,,,,,,,,,,,,,,,,,,,,,,,,,,,,,,,,,,,,,,,,,,,,,,,,,,,,,,,,,,,
1176,Yang Hansen,,C,,"7'2""",Rim-Wrecking Distributor,-2.5,,,,,,,,,,,,,D<85 no S7-9 mins,,,,,,,,,,,,,,,,,,,,,,,,,,,,,,,,,,,,,,,,,,,,,,,,,70.0,40.0,69.0,47.0,0.0,,65.0,62.0,66.0,63.0,81.0,70.0,50.0,61.0,47.0,37.0,65.0,55.0,85.0,75.0,80.0,66.0,60.0,75.0,70.0,70.0,68.0,70.0,50.0,68.0,50.0,67.0,32.0,32.0,69.0,48.0,55.0,69.0,40.0,36.0,66.0,67.0,61.0,45.0,60.0,52.0,67.0,70.0,95.0,0,0,0,0,0,0,,,,,,,,,,,,,,,,,,,,,,,,,,,,,,,,,,,,,,,,,,,,,,,,,,,,,,,,,,,,,,,,,,,,,,,,,,,,,,,,,,,,,,,,,,,,,,,,,,,,,,,,,,,,,,,,,,,,
1117,Ryan Kalkbrenner,,C,,"7'1""",Shot-Erasing Crafty Stretch,-2.5,,,,,,,,,,,,,D<85 no S7-9 mins,,,,,,,,,,,,,,,,,,,,,,,,,,,,,,,,,,,,,,,,,,,,,,,,,79.0,30.0,78.0,44.0,95.0,,78.0,97.0,74.0,73.0,67.0,85.0,70.0,65.0,44.0,35.0,67.0,74.0,85.0,85.0,80.0,71.0,60.0,80.0,75.0,71.0,60.0,70.0,67.0,85.0,39.0,50.0,37.0,30.0,50.0,29.0,63.0,78.0,30.0,40.0,87.0,78.0,54.0,75.0,76.0,86.0,67.0,80.0,95.0,7,0,0,0,4,3,,,,,,1.0,,,,2.0,,,,,,2.0,,,,,,,,,,,,2.0,,,,,1.0,,,2.0,1.0,,,,,,,,,,,,,,,,,,,,,,,,,,,,,,,,,,,,,,,,,,,,,,,,,,,,,,,,,,,,,,,,,,,,,,,,,,,,,,,
1116,Ryan Hollins,,C,,"7'0""",,-2.5,,,,,,,,,,,,,D<85 no S7-9 mins,,,,,,,,,,,,,,,,,,,,,,,,,,,,,,,,,,,,,,,,,,,,,,,,,75.0,42.0,83.0,68.0,90.0,,60.0,89.0,74.0,33.0,63.0,70.0,30.0,72.0,68.0,42.0,78.0,87.0,71.0,75.0,82.0,67.0,62.0,90.0,85.0,61.0,39.0,66.0,71.0,65.0,46.0,25.0,35.0,66.0,74.0,28.0,63.0,83.0,42.0,55.0,80.0,82.0,51.0,45.0,77.0,84.0,70.0,40.0,85.0,4,0,0,3,0,1,,,,,,1.0,,,,,,,,,,,,,,,,,,,,,,,,,,,,,,3.0,3.0,3.0,,,,,,,,,,,,,,,,,,,,,,,,,,,,,,,,,,,,,,,,,,,,,,,,,,,,,,,,,,,,,,,,,,,,,,,,,,,,,,
1115,Rusty LaRue,,PG,,"6'2""",,-2.5,,,,,,,,,,,,,D<85 no S7-9 mins,,,,,,,,,,,,,,,,,,,,,,,,,,,,,,,,,,,,,,,,,,,,,,,,,70.0,67.0,33.0,74.0,25.0,,72.0,68.0,76.0,73.0,84.0,80.0,50.0,68.0,74.0,71.0,37.0,67.0,85.0,67.0,75.0,41.0,68.0,25.0,40.0,25.0,25.0,25.0,47.0,75.0,69.0,74.0,74.0,67.0,74.0,57.0,54.0,33.0,67.0,71.0,30.0,62.0,67.0,45.0,40.0,37.0,43.0,80.0,82.0,0,0,0,0,0,0,,,,,,,,,,,,,,,,,,,,,,,,,,,,,,,,,,,,,,,,,,,,,,,,,,,,,,,,,,,,,,,,,,,,,,,,,,,,,,,,,,,,,,,,,,,,,,,,,,,,,,,,,,,,,,,,,,,,
1114,Roshown McLeod,,SF,,"6'8""",,-2.5,,,,,,,,,,,,,D<85 no S7-9 mins,,,,,,,,,,,,,,,,,,,,,,,,,,,,,,,,,,,,,,,,,,,,,,,,,69.0,68.0,44.0,69.0,25.0,,64.0,61.0,59.0,54.0,88.0,82.0,40.0,80.0,69.0,68.0,74.0,74.0,98.0,98.0,77.0,50.0,51.0,35.0,60.0,42.0,53.0,48.0,39.0,74.0,53.0,49.0,68.0,64.0,50.0,35.0,53.0,44.0,68.0,41.0,39.0,70.0,60.0,50.0,56.0,55.0,57.0,70.0,89.0,0,0,0,0,0,0,,,,,,,,,,,,,,,,,,,,,,,,,,,,,,,,,,,,,,,,,,,,,,,,,,,,,,,,,,,,,,,,,,,,,,,,,,,,,,,,,,,,,,,,,,,,,,,,,,,,,,,,,,,,,,,,,,,,
1058,Michael Doleac,,C,,"6'11""",,-2.5,,,,,,,,,,,,,D<85 no S7-9 mins,,,,,,,,,,,,,,,,,,,,,,,,,,,,,,,,,,,,,,,,,,,,,,,,,71.0,35.0,77.0,42.0,75.0,,65.0,77.0,90.0,27.0,80.0,60.0,55.0,60.0,42.0,35.0,69.0,44.0,79.0,70.0,83.0,57.0,44.0,60.0,50.0,62.0,60.0,66.0,40.0,70.0,36.0,38.0,44.0,25.0,37.0,35.0,53.0,77.0,35.0,41.0,52.0,76.0,42.0,50.0,70.0,70.0,70.0,90.0,82.0,2,0,0,2,0,0,,,,,,,,,,,,,,,,,,,,,,,,,,,,,,,,,,,,3.0,,3.0,,,,,,,,,,,,,,,,,,,,,,,,,,,,,,,,,,,,,,,,,,,,,,,,,,,,,,,,,,,,,,,,,,,,,,,,,,,,,,
1056,Maxime Raynaud,,C,,"7'1""",Mid-Range Scoring Cleaner,-2.5,,,,,,,,,,,,,D<85 no S7-9 mins,,,,,,,,,,,,,,,,,,,,,,,,,,,,,,,,,,,,,,,,,,,,,,,,,80.0,32.0,59.0,67.0,80.0,,82.0,98.0,79.0,70.0,78.0,85.0,80.0,71.0,67.0,52.0,69.0,66.0,85.0,85.0,80.0,74.0,69.0,75.0,75.0,70.0,70.0,70.0,69.0,90.0,47.0,50.0,52.0,44.0,54.0,33.0,49.0,59.0,32.0,37.0,56.0,55.0,52.0,50.0,76.0,67.0,85.0,,95.0,5,0,0,0,3,2,,,,2.0,,,,,,2.0,,,,,1.0,,,,,,,,,,,,,,,,,,,,,2.0,1.0,,,,,,,,,,,,,,,,,,,,,,,,,,,,,,,,,,,,,,,,,,,,,,,,,,,,,,,,,,,,,,,,,,,,,,,,,,,,,,,
1055,Maxi Kleber,,C,PF,"6'10""",2-Way Table Setter,-2.5,,,,,,,,,,,,,D<85 no S7-9 mins,,,,,,,,,,,,,,,,,,,,,,,,,,,,,,,,,,,,,,,,,,,,,,,,,74.0,77.0,80.0,45.0,40.0,,64.0,86.0,70.0,67.0,64.0,60.0,35.0,70.0,45.0,77.0,79.0,56.0,85.0,80.0,80.0,68.0,73.0,75.0,75.0,67.0,67.0,64.0,40.0,80.0,56.0,70.0,64.0,45.0,68.0,35.0,68.0,80.0,77.0,33.0,63.0,75.0,75.0,75.0,60.0,67.0,54.0,50.0,95.0,6,0,0,0,0,6,,,,1.0,,,,,,,,,,,,,,,1.0,,,,,,,1.0,,,,,1.0,,,,,,,1.0,,1.0,,,,,,,,,,,,,,,,,,,,,,,,,,,,,,,,,,,,,,,,,,,,,,,,,,,,,,,,,,,,,,,,,,,,,,,,,,,,
1054,Max Shulga,,PG,SG,"6'4""",Ball-Hawking Sharpshooter,-2.5,,,,,,,,,,,,,D<85 no S7-9 mins,,,,,,,,,,,,,,,,,,,,,,,,,,,,,,,,,,,,,,,,,,,,,,,,,68.0,60.0,42.0,75.0,0.0,,68.0,74.0,77.0,80.0,78.0,50.0,50.0,68.0,75.0,72.0,52.0,67.0,80.0,60.0,80.0,51.0,74.0,30.0,45.0,30.0,44.0,48.0,55.0,80.0,71.0,75.0,75.0,74.0,75.0,54.0,52.0,42.0,60.0,75.0,28.0,57.0,54.0,50.0,44.0,41.0,47.0,60.0,95.0,0,0,0,0,0,0,,,,,,,,,,,,,,,,,,,,,,,,,,,,,,,,,,,,,,,,,,,,,,,,,,,,,,,,,,,,,,,,,,,,,,,,,,,,,,,,,,,,,,,,,,,,,,,,,,,,,,,,,,,,,,,,,,,,
1152,Tre Johnson,,SG,SF,"6'6""",Iso Sniper,-2.5,,,,,,,,,,,,,D<85 no S7-9 mins,,,,,,,,,,,,,,,,,,,,,,,,,,,,,,,,,,,,,,,,,,,,,,,,,78.0,62.0,41.0,77.0,0.0,,80.0,85.0,98.0,81.0,89.0,65.0,65.0,78.0,77.0,82.0,54.0,86.0,86.0,80.0,80.0,64.0,80.0,50.0,75.0,42.0,44.0,75.0,55.0,95.0,69.0,66.0,86.0,76.0,67.0,48.0,53.0,41.0,62.0,40.0,51.0,60.0,62.0,55.0,42.0,36.0,49.0,80.0,95.0,4,0,0,0,1,3,2.0,,,1.0,1.0,,,,,,,,,,,,,,,,,,,,,,,,,,,,,,,,,,1.0,,,,,,,,,,,,,,,,,,,,,,,,,,,,,,,,,,,,,,,,,,,,,,,,,,,,,,,,,,,,,,,,,,,,,,,,,,,,,
1151,Tosan Evbuomwan,,SF,PF,"6'7""",Crafty Laymaking Point Forward,-2.5,,,,,,,,,,,,,D<85 no S7-9 mins,,,,,,,,,,,,,,,,,,,,,,,,,,,,,,,,,,,,,,,,,,,,,,,,,70.0,57.0,57.0,64.0,,,69.0,85.0,72.0,72.0,76.0,60.0,50.0,72.0,64.0,60.0,58.0,68.0,88.0,95.0,85.0,56.0,76.0,40.0,65.0,52.0,52.0,58.0,35.0,69.0,62.0,69.0,75.0,60.0,69.0,37.0,51.0,57.0,57.0,40.0,53.0,47.0,55.0,50.0,58.0,52.0,64.0,50.0,95.0,1,0,0,0,0,1,,,,,,,,,,,1.0,,,,,,,,,,,,,,,,,,,,,,,,,,,,,,,,,,,,,,,,,,,,,,,,,,,,,,,,,,,,,,,,,,,,,,,,,,,,,,,,,,,,,,,,,,,,,,,,,,,,,,,,,
1149,Tony Smith,,SG,,"6'3""",,-2.5,,,,,,,,,,,,,D<85 no S7-9 mins,,,,,,,,,,,,,,,,,,,,,,,,,,,,,,,,,,,,,,,,,,,,,,,,,72.0,70.0,38.0,76.0,10.0,,70.0,69.0,70.0,68.0,65.0,90.0,60.0,73.0,76.0,76.0,49.0,58.0,79.0,94.0,80.0,46.0,72.0,25.0,25.0,42.0,39.0,33.0,49.0,80.0,77.0,79.0,82.0,74.0,79.0,70.0,61.0,38.0,70.0,76.0,40.0,68.0,67.0,65.0,43.0,46.0,40.0,50.0,85.0,0,0,0,0,0,0,,,,,,,,,,,,,,,,,,,,,,,,,,,,,,,,,,,,,,,,,,,,,,,,,,,,,,,,,,,,,,,,,,,,,,,,,,,,,,,,,,,,,,,,,,,,,,,,,,,,,,,,,,,,,,,,,,,,
1148,Tony Bradley,,C,,"6'10""",Crafty Putback Pro,-2.5,,,,,,,,,,,,,D<85 no S7-9 mins,,,,,,,,,,,,,,,,,,,,,,,,,,,,,,,,,,,,,,,,,,,,,,,,,74.0,35.0,72.0,51.0,75.0,,60.0,95.0,66.0,26.0,72.0,50.0,50.0,70.0,51.0,54.0,82.0,51.0,80.0,90.0,80.0,72.0,78.0,75.0,60.0,72.0,62.0,79.0,65.0,85.0,43.0,44.0,44.0,33.0,58.0,37.0,55.0,72.0,35.0,31.0,65.0,70.0,58.0,55.0,80.0,85.0,74.0,60.0,85.0,7,0,0,0,0,7,,,,,,1.0,,,,1.0,,,1.0,,,,,,,,,,,,,,,,,,,,,,,1.0,1.0,1.0,,1.0,,,,,,,,,,,,,,,,,,,,,,,,,,,,,,,,,,,,,,,,,,,,,,,,,,,,,,,,,,,,,,,,,,,,,,,,,,,,
1112,Ron Harper Jr.,,SF,SG,"6'4""",Iso Sniper,-2.5,,,,,,,,,,,,,D<85 no S7-9 mins,,,,,,,,,,,,,,,,,,,,,,,,,,,,,,,,,,,,,,,,,,,,,,,,,71.0,60.0,42.0,69.0,0.0,,70.0,70.0,72.0,76.0,79.0,60.0,60.0,68.0,69.0,69.0,47.0,70.0,80.0,75.0,80.0,55.0,72.0,40.0,70.0,44.0,45.0,30.0,57.0,85.0,59.0,59.0,72.0,63.0,68.0,33.0,51.0,42.0,60.0,43.0,47.0,60.0,52.0,55.0,58.0,68.0,49.0,40.0,95.0,0,0,0,0,0,0,,,,,,,,,,,,,,,,,,,,,,,,,,,,,,,,,,,,,,,,,,,,,,,,,,,,,,,,,,,,,,,,,,,,,,,,,,,,,,,,,,,,,,,,,,,,,,,,,,,,,,,,,,,,,,,,,,,,
1110,Rodney Buford,,SF,,"6'5""",,-2.5,,,,,,,,,,,,,D<85 no S7-9 mins,,,,,,,,,,,,,,,,,,,,,,,,,,,,,,,,,,,,,,,,,,,,,,,,,71.0,64.0,43.0,64.0,20.0,,67.0,70.0,60.0,75.0,83.0,66.0,50.0,77.0,64.0,71.0,64.0,68.0,95.0,89.0,85.0,49.0,61.0,25.0,60.0,39.0,49.0,44.0,42.0,68.0,56.0,50.0,70.0,62.0,47.0,51.0,55.0,43.0,64.0,42.0,40.0,70.0,55.0,70.0,53.0,51.0,54.0,95.0,85.0,0,0,0,0,0,0,,,,,,,,,,,,,,,,,,,,,,,,,,,,,,,,,,,,,,,,,,,,,,,,,,,,,,,,,,,,,,,,,,,,,,,,,,,,,,,,,,,,,,,,,,,,,,,,,,,,,,,,,,,,,,,,,,,,
1077,Noah Clowney,,PF,C,"6'9""",Crafty Rim Wrecker,-2.5,,,,,,,,,,,,,D<85 no S7-9 mins,,,,,,,,,,,,,,,,,,,,,,,,,,,,,,,,,,,,,,,,,,,,,,,,,77.0,57.0,68.0,64.0,80.0,,76.0,89.0,50.0,76.0,79.0,85.0,80.0,74.0,64.0,64.0,64.0,75.0,90.0,85.0,80.0,70.0,72.0,80.0,80.0,60.0,59.0,60.0,65.0,85.0,56.0,57.0,59.0,57.0,68.0,38.0,59.0,68.0,57.0,41.0,62.0,67.0,66.0,55.0,52.0,42.0,61.0,95.0,95.0,4,0,0,0,0,4,,,,,,1.0,,,,,1.0,,,,,,,,,,,,,,,,,,,,,,,,,,1.0,,,1.0,,,,,,,,,,,,,,,,,,,,,,,,,,,,,,,,,,,,,,,,,,,,,,,,,,,,,,,,,,,,,,,,,,,,,,,,,,,,
1072,Nigel Hayes-Davis,,SF,PF,"6'8""",Ball-Hawking 3PT-Sniping Bully,-2.5,,,,,,,,,,,,,D<85 no S7-9 mins,,,,,,,,,,,,,,,,,,,,,,,,,,,,,,,,,,,,,,,,,,,,,,,,,72.0,73.0,63.0,73.0,99.0,,68.0,78.0,74.0,80.0,88.0,50.0,40.0,77.0,73.0,73.0,68.0,75.0,90.0,80.0,80.0,63.0,78.0,60.0,75.0,54.0,54.0,54.0,62.0,70.0,59.0,60.0,69.0,64.0,64.0,40.0,65.0,63.0,73.0,73.0,47.0,70.0,70.0,60.0,44.0,40.0,47.0,40.0,85.0,2,0,0,0,0,2,,,,1.0,,,,,,,1.0,,,,,,,,,,,,,,,,,,,,,,,,,,,,,,,,,,,,,,,,,,,,,,,,,,,,,,,,,,,,,,,,,,,,,,,,,,,,,,,,,,,,,,,,,,,,,,,,,,,,,,,,,
1071,Nae'Qwan Tomlin,,PF,C,"6'9""",Putback Dual-Finishing Eraser,-2.5,,,,,,,,,,,,,D<85 no S7-9 mins,,,,,,,,,,,,,,,,,,,,,,,,,,,,,,,,,,,,,,,,,,,,,,,,,74.0,70.0,64.0,75.0,10.0,,68.0,73.0,72.0,64.0,76.0,60.0,65.0,74.0,75.0,70.0,62.0,80.0,80.0,80.0,80.0,66.0,79.0,60.0,80.0,57.0,62.0,57.0,55.0,80.0,61.0,67.0,72.0,65.0,70.0,33.0,65.0,64.0,70.0,56.0,75.0,67.0,62.0,60.0,60.0,67.0,52.0,70.0,95.0,6,0,0,0,1,5,,,,,,1.0,,,,1.0,1.0,,,,,,,,,,,,,,,,,,,,1.0,,,,,,2.0,,,1.0,,,,,,,,,,,,,,,,,,,,,,,,,,,,,,,,,,,,,,,,,,,,,,,,,,,,,,,,,,,,,,,,,,,,,,,,,,,,
1070,N'Faly Dante,,C,PF,"6'11""",Rim-Running Rim Wrecker,-2.5,,,,,,,,,,,,,D<85 no S7-9 mins,,,,,,,,,,,,,,,,,,,,,,,,,,,,,,,,,,,,,,,,,,,,,,,,,68.0,48.0,70.0,73.0,85.0,,45.0,65.0,36.0,25.0,61.0,50.0,30.0,72.0,73.0,48.0,70.0,70.0,70.0,95.0,80.0,63.0,66.0,80.0,80.0,55.0,52.0,55.0,40.0,78.0,37.0,25.0,32.0,57.0,40.0,31.0,58.0,70.0,48.0,37.0,69.0,70.0,60.0,50.0,68.0,67.0,69.0,50.0,85.0,0,0,0,0,0,0,,,,,,,,,,,,,,,,,,,,,,,,,,,,,,,,,,,,,,,,,,,,,,,,,,,,,,,,,,,,,,,,,,,,,,,,,,,,,,,,,,,,,,,,,,,,,,,,,,,,,,,,,,,,,,,,,,,,
1107,Ricky Pierce,,SF,SG,"6'4""",,-2.5,,,,,,,,,,,,,D<85 no S7-9 mins,,,,,,,,,,,,,,,,,,,,,,,,,,,,,,,,,,,,,,,,,,,,,,,,,76.0,60.0,55.0,67.0,15.0,,75.0,84.0,84.0,72.0,82.0,64.0,65.0,73.0,67.0,68.0,75.0,75.0,84.0,80.0,65.0,57.0,79.0,25.0,58.0,25.0,59.0,59.0,73.0,80.0,64.0,66.0,72.0,63.0,60.0,60.0,55.0,55.0,60.0,64.0,32.0,58.0,55.0,60.0,51.0,56.0,46.0,90.0,89.0,0,0,0,0,0,0,,,,,,,,,,,,,,,,,,,,,,,,,,,,,,,,,,,,,,,,,,,,,,,,,,,,,,,,,,,,,,,,,,,,,,,,,,,,,,,,,,,,,,,,,,,,,,,,,,,,,,,,,,,,,,,,,,,,
1106,Rick Roberson,,C,PF,"6'9""",,-2.5,,,,,,,,,,,,,D<85 no S7-9 mins,,,,,,,,,,,,,,,,,,,,,,,,,,,,,,,,,,,,,,,,,,,,,,,,,75.0,40.0,74.0,37.0,99.0,,55.0,74.0,35.0,25.0,62.0,70.0,65.0,62.0,37.0,40.0,63.0,65.0,68.0,85.0,76.0,69.0,77.0,80.0,66.0,63.0,62.0,63.0,76.0,65.0,36.0,41.0,31.0,25.0,43.0,40.0,59.0,74.0,40.0,54.0,40.0,74.0,64.0,70.0,89.0,89.0,89.0,85.0,85.0,2,0,0,0,1,1,,,,,,1.0,,,,,,,,,,,,,,,,,,,,,,,,,,,,,,2.0,,,,,,,,,,,,,,,,,,,,,,,,,,,,,,,,,,,,,,,,,,,,,,,,,,,,,,,,,,,,,,,,,,,,,,,,,,,,,,,,
1105,Rick Brunson,,PG,,"6'4""",,-2.5,,,,,,,,,,,,,D<85 no S7-9 mins,,,,,,,,,,,,,,,,,,,,,,,,,,,,,,,,,,,,,,,,,,,,,,,,,71.0,65.0,32.0,76.0,10.0,,68.0,67.0,69.0,79.0,69.0,80.0,45.0,72.0,76.0,72.0,42.0,74.0,85.0,75.0,80.0,45.0,65.0,25.0,35.0,30.0,30.0,52.0,50.0,75.0,77.0,78.0,79.0,74.0,78.0,75.0,53.0,32.0,65.0,52.0,37.0,62.0,60.0,60.0,35.0,32.0,37.0,80.0,85.0,0,0,0,0,0,0,,,,,,,,,,,,,,,,,,,,,,,,,,,,,,,,,,,,,,,,,,,,,,,,,,,,,,,,,,,,,,,,,,,,,,,,,,,,,,,,,,,,,,,,,,,,,,,,,,,,,,,,,,,,,,,,,,,,
1104,Reggie Bullock,,SG,SF,"6'7""",,-2.5,,,,,,,,,,,,,D<85 no S7-9 mins,,,,,,,,,,,,,,,,,,,,,,,,,,,,,,,,,,,,,,,,,,,,,,,,,70.0,56.0,50.0,64.0,10.0,,73.0,69.0,54.0,80.0,76.0,90.0,70.0,68.0,64.0,60.0,50.0,72.0,80.0,70.0,80.0,52.0,71.0,40.0,50.0,30.0,51.0,42.0,50.0,80.0,62.0,75.0,71.0,51.0,72.0,40.0,48.0,50.0,56.0,37.0,37.0,63.0,50.0,40.0,39.0,31.0,47.0,85.0,85.0,0,0,0,0,0,0,,,,,,,,,,,,,,,,,,,,,,,,,,,,,,,,,,,,,,,,,,,,,,,,,,,,,,,,,,,,,,,,,,,,,,,,,,,,,,,,,,,,,,,,,,,,,,,,,,,,,,,,,,,,,,,,,,,,
1069,Myron Gardner,,SG,SF,"6'6""",Physical 3PT-Sniping Crasher,-2.5,,,,,,,,,,,,,D<85 no S7-9 mins,,,,,,,,,,,,,,,,,,,,,,,,,,,,,,,,,,,,,,,,,,,,,,,,,75.0,69.0,45.0,70.0,,,72.0,76.0,72.0,83.0,64.0,70.0,70.0,74.0,70.0,78.0,62.0,78.0,84.0,75.0,80.0,57.0,76.0,40.0,70.0,43.0,47.0,48.0,45.0,84.0,66.0,69.0,72.0,65.0,69.0,54.0,62.0,45.0,69.0,70.0,48.0,68.0,67.0,65.0,73.0,79.0,67.0,75.0,95.0,0,0,0,0,0,0,,,,,,,,,,,,,,,,,,,,,,,,,,,,,,,,,,,,,,,,,,,,,,,,,,,,,,,,,,,,,,,,,,,,,,,,,,,,,,,,,,,,,,,,,,,,,,,,,,,,,,,,,,,,,,,,,,,,
1068,Moussa Cisse,,C,,"6'11""",Putback Rim-Rocking Eraser,-2.5,,,,,,,,,,,,,D<85 no S7-9 mins,,,,,,,,,,,,,,,,,,,,,,,,,,,,,,,,,,,,,,,,,,,,,,,,,73.0,44.0,75.0,59.0,99.0,,45.0,81.0,44.0,25.0,44.0,50.0,25.0,72.0,59.0,57.0,68.0,79.0,80.0,90.0,82.0,62.0,67.0,80.0,80.0,57.0,47.0,50.0,40.0,75.0,37.0,40.0,40.0,40.0,40.0,27.0,62.0,75.0,44.0,42.0,96.0,78.0,40.0,60.0,88.0,94.0,83.0,60.0,95.0,4,0,0,1,1,2,,,,,,1.0,,,,,,,,,,,,,,,,,,,,,,3.0,,,,,1.0,,,,,,,2.0,,,,,,,,,,,,,,,,,,,,,,,,,,,,,,,,,,,,,,,,,,,,,,,,,,,,,,,,,,,,,,,,,,,,,,,,,,,,
1067,Mouhamed Gueye,,PF,C,"6'10""",Ball-Hawking Rim Wrecker,-2.5,,,,,,,,,,,,,D<85 no S7-9 mins,,,,,,,,,,,,,,,,,,,,,,,,,,,,,,,,,,,,,,,,,,,,,,,,,74.0,48.0,60.0,67.0,55.0,,68.0,75.0,60.0,69.0,62.0,75.0,70.0,75.0,67.0,67.0,63.0,75.0,88.0,90.0,80.0,66.0,72.0,75.0,80.0,52.0,51.0,52.0,58.0,90.0,54.0,60.0,60.0,52.0,62.0,35.0,58.0,60.0,48.0,73.0,71.0,57.0,50.0,45.0,66.0,65.0,67.0,70.0,95.0,4,0,0,0,2,2,,,,,,1.0,,,,,,,,,,,,,,,,,,,,,,,,,,,,,,1.0,2.0,,,2.0,,,,,,,,,,,,,,,,,,,,,,,,,,,,,,,,,,,,,,,,,,,,,,,,,,,,,,,,,,,,,,,,,,,,,,,,,,,,
1066,Monty Williams,,SF,PF,"6'8""",,-2.5,,,,,,,,,,,,,D<85 no S7-9 mins,,,,,,,,,,,,,,,,,,,,,,,,,,,,,,,,,,,,,,,,,,,,,,,,,68.0,51.0,60.0,56.0,55.0,,54.0,68.0,66.0,48.0,44.0,50.0,49.0,68.0,56.0,61.0,55.0,66.0,80.0,76.0,79.0,59.0,72.0,50.0,67.0,40.0,60.0,50.0,61.0,75.0,58.0,60.0,63.0,51.0,57.0,60.0,54.0,60.0,51.0,67.0,40.0,55.0,55.0,50.0,64.0,71.0,56.0,80.0,85.0,0,0,0,0,0,0,,,,,,,,,,,,,,,,,,,,,,,,,,,,,,,,,,,,,,,,,,,,,,,,,,,,,,,,,,,,,,,,,,,,,,,,,,,,,,,,,,,,,,,,,,,,,,,,,,,,,,,,,,,,,,,,,,,,
1065,Mohamed Diawara,,PF,SF,"6'9""",Rim-Rocking Stretch Four,-2.5,,,,,,,,,,,,,D<85 no S7-9 mins,,,,,,,,,,,,,,,,,,,,,,,,,,,,,,,,,,,,,,,,,,,,,,,,,74.0,60.0,64.0,74.0,,,70.0,73.0,67.0,82.0,55.0,75.0,65.0,78.0,74.0,69.0,69.0,84.0,85.0,85.0,80.0,68.0,72.0,70.0,85.0,59.0,59.0,59.0,59.0,85.0,53.0,54.0,57.0,60.0,54.0,40.0,56.0,64.0,60.0,49.0,56.0,65.0,50.0,50.0,52.0,39.0,64.0,70.0,95.0,1,0,0,0,0,1,,,,1.0,,,,,,,,,,,,,,,,,,,,,,,,,,,,,,,,,,,,,,,,,,,,,,,,,,,,,,,,,,,,,,,,,,,,,,,,,,,,,,,,,,,,,,,,,,,,,,,,,,,,,,,,,,,,,,,,
1063,Miles Kelly,,SF,SG,"6'6""",Diming Sharpshooter,-2.5,,,,,,,,,,,,,D<85 no S7-9 mins,,,,,,,,,,,,,,,,,,,,,,,,,,,,,,,,,,,,,,,,,,,,,,,,,69.0,60.0,44.0,69.0,50.0,,65.0,69.0,74.0,76.0,83.0,50.0,40.0,72.0,69.0,73.0,47.0,75.0,85.0,75.0,80.0,56.0,70.0,40.0,70.0,47.0,51.0,47.0,48.0,79.0,58.0,65.0,64.0,62.0,54.0,47.0,53.0,44.0,60.0,40.0,32.0,67.0,66.0,60.0,50.0,53.0,46.0,50.0,82.0,0,0,0,0,0,0,,,,,,,,,,,,,,,,,,,,,,,,,,,,,,,,,,,,,,,,,,,,,,,,,,,,,,,,,,,,,,,,,,,,,,,,,,,,,,,,,,,,,,,,,,,,,,,,,,,,,,,,,,,,,,,,,,,,
1062,Mike Penberthy,,PG,,"6'3""",,-2.5,,,,,,,,,,,,,D<85 no S7-9 mins,,,,,,,,,,,,,,,,,,,,,,,,,,,,,,,,,,,,,,,,,,,,,,,,,73.0,70.0,30.0,72.0,0.0,,80.0,72.0,82.0,84.0,90.0,80.0,70.0,70.0,72.0,69.0,34.0,59.0,91.0,85.0,83.0,46.0,74.0,25.0,25.0,30.0,32.0,36.0,64.0,85.0,75.0,77.0,70.0,71.0,77.0,78.0,52.0,30.0,70.0,43.0,35.0,65.0,68.0,50.0,39.0,31.0,46.0,50.0,82.0,1,0,0,0,1,0,,,,2.0,,,,,,,,,,,,,,,,,,,,,,,,,,,,,,,,,,,,,,,,,,,,,,,,,,,,,,,,,,,,,,,,,,,,,,,,,,,,,,,,,,,,,,,,,,,,,,,,,,,,,,,,,,,,,,,,
1061,Mike Holton,,PG,,"6'4""",,-2.5,,,,,,,,,,,,,D<85 no S7-9 mins,,,,,,,,,,,,,,,,,,,,,,,,,,,,,,,,,,,,,,,,,,,,,,,,,71.0,84.0,45.0,75.0,10.0,,61.0,61.0,62.0,39.0,63.0,84.0,55.0,75.0,75.0,70.0,40.0,72.0,96.0,89.0,82.0,42.0,66.0,25.0,25.0,27.0,40.0,25.0,54.0,74.0,71.0,63.0,71.0,73.0,77.0,69.0,66.0,45.0,84.0,55.0,30.0,84.0,82.0,85.0,38.0,36.0,39.0,60.0,82.0,0,0,0,0,0,0,,,,,,,,,,,,,,,,,,,,,,,,,,,,,,,,,,,,,,,,,,,,,,,,,,,,,,,,,,,,,,,,,,,,,,,,,,,,,,,,,,,,,,,,,,,,,,,,,,,,,,,,,,,,,,,,,,,,
1060,Mike Gminski,,C,,"6'11""",,-2.5,,,,,,,,,,,,,D<85 no S7-9 mins,,,,,,,,,,,,,,,,,,,,,,,,,,,,,,,,,,,,,,,,,,,,,,,,,74.0,25.0,75.0,31.0,90.0,,71.0,81.0,72.0,50.0,75.0,81.0,65.0,65.0,31.0,39.0,84.0,39.0,95.0,80.0,90.0,64.0,44.0,65.0,65.0,72.0,74.0,72.0,69.0,52.0,44.0,54.0,40.0,25.0,65.0,36.0,58.0,75.0,25.0,37.0,58.0,77.0,51.0,80.0,66.0,63.0,69.0,80.0,92.0,4,0,0,0,1,3,,,,,,1.0,,,,,,,1.0,,,,,,,,,,,,,,,,,,,,,,,1.0,,2.0,,,,,,,,,,,,,,,,,,,,,,,,,,,,,,,,,,,,,,,,,,,,,,,,,,,,,,,,,,,,,,,,,,,,,,,,,,,,,,
1059,Mike Dunleavy,,PG,SG,"6'3""",,-2.5,,,,,,,,,,,,,D<85 no S7-9 mins,,,,,,,,,,,,,,,,,,,,,,,,,,,,,,,,,,,,,,,,,,,,,,,,,74.0,75.0,25.0,67.0,25.0,,81.0,78.0,84.0,78.0,86.0,80.0,80.0,70.0,67.0,84.0,44.0,54.0,86.0,82.0,75.0,41.0,58.0,25.0,25.0,25.0,29.0,25.0,57.0,82.0,77.0,84.0,77.0,71.0,82.0,73.0,58.0,25.0,75.0,63.0,35.0,75.0,59.0,75.0,37.0,32.0,41.0,60.0,85.0,0,0,0,0,0,0,,,,,,,,,,,,,,,,,,,,,,,,,,,,,,,,,,,,,,,,,,,,,,,,,,,,,,,,,,,,,,,,,,,,,,,,,,,,,,,,,,,,,,,,,,,,,,,,,,,,,,,,,,,,,,,,,,,,
890,Devean George,,SF,,"6'8""",,-2.5,,,,,,,,,,,,,D<85 no S7-9 mins,,,,,,,,,,,,,,,,,,,,,,,,,,,,,,,,,,,,,,,,,,,,,,,,,75.0,70.0,39.0,73.0,30.0,,72.0,72.0,72.0,78.0,76.0,82.0,50.0,79.0,73.0,70.0,63.0,91.0,85.0,78.0,93.0,56.0,75.0,35.0,77.0,30.0,50.0,52.0,66.0,61.0,47.0,40.0,70.0,57.0,41.0,29.0,57.0,39.0,70.0,60.0,57.0,65.0,50.0,55.0,60.0,58.0,61.0,98.0,85.0,0,0,0,0,0,0,,,,,,,,,,,,,,,,,,,,,,,,,,,,,,,,,,,,,,,,,,,,,,,,,,,,,,,,,,,,,,,,,,,,,,,,,,,,,,,,,,,,,,,,,,,,,,,,,,,,,,,,,,,,,,,,,,,,
888,Derek Anderson,,SG,,"6'5""",,-2.5,,,,,,,,,,,,,D<85 no S7-9 mins,,,,,,,,,,,,,,,,,,,,,,,,,,,,,,,,,,,,,,,,,,,,,,,,,67.0,68.0,30.0,66.0,35.0,,69.0,59.0,63.0,77.0,84.0,70.0,60.0,69.0,66.0,60.0,50.0,60.0,82.0,77.0,85.0,44.0,54.0,25.0,35.0,36.0,39.0,25.0,58.0,79.0,61.0,55.0,70.0,64.0,57.0,61.0,52.0,30.0,68.0,55.0,27.0,70.0,45.0,70.0,38.0,37.0,38.0,60.0,92.0,2,0,0,0,1,1,,,,,,,,,,,,,,,,,,,1.0,,,,,,,,,,,,,,,,,,,,2.0,,,,,,,,,,,,,,,,,,,,,,,,,,,,,,,,,,,,,,,,,,,,,,,,,,,,,,,,,,,,,,,,,,,,,,,,,,,,,
887,Dennis Hopson,,SF,,"6'5""",,-2.5,,,,,,,,,,,,,D<85 no S7-9 mins,,,,,,,,,,,,,,,,,,,,,,,,,,,,,,,,,,,,,,,,,,,,,,,,,72.0,70.0,54.0,74.0,40.0,,69.0,70.0,70.0,65.0,73.0,80.0,55.0,68.0,74.0,70.0,54.0,57.0,85.0,60.0,74.0,56.0,73.0,25.0,25.0,55.0,70.0,70.0,45.0,85.0,70.0,72.0,74.0,70.0,70.0,63.0,64.0,54.0,70.0,71.0,54.0,75.0,60.0,65.0,55.0,53.0,56.0,60.0,85.0,0,0,0,0,0,0,,,,,,,,,,,,,,,,,,,,,,,,,,,,,,,,,,,,,,,,,,,,,,,,,,,,,,,,,,,,,,,,,,,,,,,,,,,,,,,,,,,,,,,,,,,,,,,,,,,,,,,,,,,,,,,,,,,,
886,David Wingate,,SG,SF,"6'5""",,-2.5,,,,,,,,,,,,,D<85 no S7-9 mins,,,,,,,,,,,,,,,,,,,,,,,,,,,,,,,,,,,,,,,,,,,,,,,,,71.0,73.0,65.0,66.0,50.0,,70.0,73.0,75.0,55.0,73.0,75.0,70.0,73.0,66.0,76.0,55.0,68.0,85.0,86.0,76.0,52.0,71.0,50.0,59.0,25.0,40.0,33.0,60.0,75.0,65.0,72.0,67.0,53.0,71.0,63.0,64.0,65.0,73.0,67.0,32.0,70.0,70.0,70.0,45.0,43.0,46.0,70.0,82.0,0,0,0,0,0,0,,,,,,,,,,,,,,,,,,,,,,,,,,,,,,,,,,,,,,,,,,,,,,,,,,,,,,,,,,,,,,,,,,,,,,,,,,,,,,,,,,,,,,,,,,,,,,,,,,,,,,,,,,,,,,,,,,,,
885,David Jones-Garcia,,PG,SG,"6'6""",Diming Inside-Out Scorer,-2.5,,,,,,,,,,,,,D<85 no S7-9 mins,,,,,,,,,,,,,,,,,,,,,,,,,,,,,,,,,,,,,,,,,,,,,,,,,71.0,65.0,48.0,73.0,0.0,,68.0,76.0,70.0,76.0,78.0,70.0,35.0,74.0,73.0,76.0,59.0,78.0,80.0,75.0,87.0,54.0,72.0,50.0,75.0,38.0,42.0,39.0,44.0,70.0,70.0,74.0,60.0,66.0,74.0,74.0,58.0,48.0,65.0,64.0,52.0,67.0,62.0,50.0,56.0,54.0,59.0,85.0,95.0,0,0,0,0,0,0,,,,,,,,,,,,,,,,,,,,,,,,,,,,,,,,,,,,,,,,,,,,,,,,,,,,,,,,,,,,,,,,,,,,,,,,,,,,,,,,,,,,,,,,,,,,,,,,,,,,,,,,,,,,,,,,,,,,
884,Dave Corzine,,C,PF,"6'11""",,-2.5,,,,,,,,,,,,,D<85 no S7-9 mins,,,,,,,,,,,,,,,,,,,,,,,,,,,,,,,,,,,,,,,,,,,,,,,,,72.0,25.0,70.0,25.0,95.0,,69.0,77.0,65.0,51.0,73.0,80.0,70.0,50.0,25.0,25.0,70.0,30.0,70.0,48.0,85.0,57.0,33.0,50.0,40.0,70.0,65.0,69.0,56.0,70.0,41.0,55.0,28.0,25.0,58.0,38.0,58.0,70.0,25.0,58.0,57.0,70.0,54.0,70.0,80.0,79.0,81.0,95.0,85.0,2,0,0,2,0,0,,,,,,,,,,,,,,,,,,,,,,,,,,,,,,,,,,,,3.0,,3.0,,,,,,,,,,,,,,,,,,,,,,,,,,,,,,,,,,,,,,,,,,,,,,,,,,,,,,,,,,,,,,,,,,,,,,,,,,,,,,
882,DaRon Holmes II,,C,PF,"6'10""",Athletic Stretch Five,-2.5,,,,,,,,,,,,,D<85 no S7-9 mins,,,,,,,,,,,,,,,,,,,,,,,,,,,,,,,,,,,,,,,,,,,,,,,,,73.0,63.0,76.0,75.0,30.0,,72.0,77.0,76.0,78.0,70.0,65.0,65.0,73.0,75.0,69.0,60.0,64.0,88.0,80.0,80.0,69.0,68.0,75.0,75.0,68.0,67.0,68.0,50.0,80.0,52.0,49.0,60.0,59.0,50.0,42.0,60.0,76.0,63.0,29.0,62.0,72.0,62.0,55.0,48.0,42.0,55.0,65.0,95.0,0,0,0,0,0,0,,,,,,,,,,,,,,,,,,,,,,,,,,,,,,,,,,,,,,,,,,,,,,,,,,,,,,,,,,,,,,,,,,,,,,,,,,,,,,,,,,,,,,,,,,,,,,,,,,,,,,,,,,,,,,,,,,,,
881,Danny Wolf,,PF,SF,"7'0""",Stretch Four Cleaner,-2.5,,,,,,,,,,,,,D<85 no S7-9 mins,,,,,,,,,,,,,,,,,,,,,,,,,,,,,,,,,,,,,,,,,,,,,,,,,77.0,55.0,58.0,47.0,40.0,,76.0,75.0,76.0,76.0,76.0,80.0,75.0,65.0,47.0,52.0,60.0,57.0,90.0,85.0,80.0,73.0,76.0,70.0,70.0,69.0,69.0,67.0,69.0,95.0,65.0,69.0,69.0,47.0,75.0,64.0,52.0,58.0,55.0,42.0,63.0,52.0,50.0,45.0,66.0,52.0,80.0,75.0,95.0,3,0,0,0,0,3,,,,1.0,,,,,,,,,,,,,,,,,,,,,1.0,,,,,,,,1.0,,,,,,,,,,,,,,,,,,,,,,,,,,,,,,,,,,,,,,,,,,,,,,,,,,,,,,,,,,,,,,,,,,,,,,,,,,,,,,,,,,,
318,Nick Anderson,,SG,SF,"6'6""",,-2.5,,,,,,,,,,,,,D<85 no S7-9 mins,,360.0,357.0,377.0,,,,,,,,,,,,,,,,,,,,,,,,,,,,,,0.0,,0.0,0.0,0.0,0.0,,0.0,,4.5,0.0,0.0,,3.0,2.7,85.0,82.0,68.0,69.0,15.0,,88.0,88.0,87.0,88.0,74.0,98.0,90.0,82.0,69.0,77.0,80.0,75.0,98.0,98.0,79.0,67.0,81.0,60.0,69.0,25.0,63.0,55.0,85.0,98.0,72.0,74.0,74.0,66.0,74.0,71.0,71.0,68.0,82.0,77.0,45.0,74.0,77.0,75.0,52.0,44.0,60.0,83.0,92.0,4,0,0,3,0,1,1.0,3.0,,,3.0,,,,,,,,,,,,,,,,,,,,,,,,,,,,,,,,,,3.0,,,3.0,8.0,0.0,1.0,0.0,0.0,0.0,0.0,0.0,3.0,0.0,3.0,0.0,0.0,0.0,1.0,1.0,2.7,0.0,0.3,0.0,0.0,0.0,0.0,0.0,0.3,0.3,0.0,,0.0,,0.0,4.5,0.0,0.0,0.0,0.0,0.0,4.5,4.5,,,,,0.0,0.0,0.12,0.0,,,,,,,,,,,,,,,,,,,,,,,,,,,
317,Alvan Adams,,C,PF,"6'9""",,-2.5,,,,,,,,,,,,,D<85 no S7-9 mins,,374.0,,382.0,,,,,,,,,,,,,,,,,,,,,,,,,,,,,,9.0,,0.6,0.0,,0.0,,0.0,,9.0,0.0,1.5,,8.0,3.0,85.0,42.0,83.0,63.0,65.0,,84.0,94.0,87.0,52.0,83.0,90.0,95.0,74.0,63.0,42.0,88.0,80.0,95.0,74.0,76.0,81.0,70.0,85.0,65.0,82.0,85.0,89.0,85.0,88.0,49.0,35.0,35.0,38.0,78.0,59.0,71.0,83.0,42.0,56.0,81.0,82.0,69.0,85.0,89.0,89.0,89.0,35.0,,6,0,0,6,0,0,,,,3.0,,3.0,,,,3.0,,3.0,3.0,,3.0,,,,,,,,,,,,,,,,,,,,,,,,,,,8.0,24.0,6.0,6.0,0.0,0.0,1.0,0.0,3.0,5.0,0.0,0.0,0.0,0.0,1.0,5.0,0.0,3.0,0.8,0.8,0.0,0.0,0.1,0.0,0.1,0.6,0.0,0.6,0.6,,,9.0,9.0,0.0,0.0,1.5,0.0,1.5,7.5,0.0,,,,,0.6,0.6,0.25,0.25,,,,,,,,,,,,,,,,,,,,,,,,,,,
312,Shareef Abdur-Rahim,,PF,SF,"6'9""",,-2.5,,,,,,,,,,,,,D<85 no S7-9 mins,278.0,335.0,319.0,345.0,,,,,,,,,,,,,,,,,,,,,,,,,,,,,,11.2,,0.5,0.0,0.0,3.55,0.57,1.0,2.0,7.6,1.0,0.5,,28.0,2.5,86.0,46.0,80.0,65.0,50.0,,89.0,88.0,87.0,84.0,84.0,95.0,95.0,76.0,65.0,46.0,79.0,66.0,95.0,89.0,89.0,84.0,79.0,70.0,73.0,85.0,88.0,90.0,90.0,95.0,65.0,68.0,70.0,54.0,74.0,60.0,73.0,80.0,46.0,67.0,77.0,77.0,81.0,80.0,86.0,84.0,88.0,45.0,92.0,4,0,0,4,0,0,,,,3.0,,,,,,,3.0,3.0,,,3.0,,,,,,,,,,,,,,,,,,,,,,,,,,,28.0,71.0,22.0,15.0,2.0,2.0,1.0,1.0,9.0,19.0,0.0,1.0,4.0,7.0,1.0,14.0,4.0,2.5,0.8,0.5,0.1,0.1,0.0,0.0,0.0,0.5,0.1,0.47,0.5,0.0,0.57,11.2,7.6,1.0,1.0,0.5,0.5,0.5,7.1,2.0,,,,,0.47,0.5,0.21,0.31,,,,,,,,,,,,,,,,,,,,,,,,,,,
878,Damon Jones,,PG,SG,"6'3""",,-2.5,,,,,,,,,,,,,D<85 no S7-9 mins,,,,,,,,,,,,,,,,,,,,,,,,,,,,,,,,,,,,,,,,,,,,,,,,,74.0,68.0,38.0,77.0,0.0,,84.0,78.0,82.0,92.0,84.0,85.0,80.0,73.0,77.0,85.0,42.0,65.0,90.0,70.0,81.0,49.0,78.0,30.0,50.0,28.0,38.0,30.0,70.0,71.0,64.0,58.0,68.0,75.0,59.0,62.0,54.0,38.0,68.0,58.0,45.0,60.0,62.0,50.0,39.0,32.0,46.0,40.0,85.0,4,0,0,4,0,0,,3.0,3.0,3.0,,,,,,,,,,,,,,,,,,,,,,,,,,,,,,,,,,,3.0,,,,,,,,,,,,,,,,,,,,,,,,,,,,,,,,,,,,,,,,,,,,,,,,,,,,,,,,,,,,,,,,,,,,,,,,,,,,,
880,Daniss Jenkins,,PG,SG,"6'3""",Crafty 3PT-Sniping Ball Hawk,-2.5,,,,,,,,,,,,,D<85 no S7-9 mins,,,,,,,,,,,,,,,,,,,,,,,,,,,,,,,,,,,,,,,,,,,,,,,,,77.0,69.0,32.0,75.0,50.0,,76.0,81.0,72.0,81.0,80.0,70.0,70.0,72.0,75.0,75.0,45.0,70.0,85.0,80.0,80.0,51.0,84.0,30.0,60.0,36.0,36.0,28.0,65.0,70.0,77.0,80.0,79.0,74.0,82.0,71.0,61.0,32.0,69.0,73.0,45.0,69.0,75.0,65.0,45.0,45.0,45.0,75.0,95.0,9,0,0,0,5,4,2.0,,1.0,2.0,2.0,,2.0,,2.0,,,,,,,,,,,,,,1.0,,,,1.0,,1.0,,,,,,,,,,,,,,,,,,,,,,,,,,,,,,,,,,,,,,,,,,,,,,,,,,,,,,,,,,,,,,,,,,,,,,,,,,,,,,,,,,,,,,,
908,Ed Davis,,C,PF,"6'9""",,-2.5,,,,,,,,,,,,,D<85 no S7-9 mins,,,,,,,,,,,,,,,,,,,,,,,,,,,,,,,,,,,,,,,,,,,,,,,,,77.0,46.0,74.0,69.0,85.0,,57.0,84.0,68.0,25.0,57.0,63.0,45.0,74.0,69.0,46.0,78.0,75.0,80.0,90.0,81.0,69.0,60.0,75.0,69.0,74.0,57.0,60.0,73.0,80.0,40.0,32.0,45.0,32.0,60.0,29.0,63.0,74.0,46.0,57.0,62.0,74.0,55.0,70.0,88.0,88.0,88.0,70.0,85.0,4,0,0,2,1,1,,,,,,2.0,,,,,,,,,,,,,,,,,,,,,,,,,,,,,,3.0,3.0,1.0,,,,,,,,,,,,,,,,,,,,,,,,,,,,,,,,,,,,,,,,,,,,,,,,,,,,,,,,,,,,,,,,,,,,,,,,,,,,,,
909,Ed Nealy,,PF,SF,"6'7""",,-2.5,,,,,,,,,,,,,D<85 no S7-9 mins,,,,,,,,,,,,,,,,,,,,,,,,,,,,,,,,,,,,,,,,,,,,,,,,,66.0,27.0,75.0,25.0,50.0,,69.0,63.0,55.0,70.0,75.0,78.0,70.0,56.0,25.0,27.0,70.0,30.0,65.0,95.0,78.0,46.0,42.0,39.0,40.0,40.0,40.0,48.0,37.0,85.0,34.0,35.0,38.0,25.0,39.0,31.0,61.0,75.0,27.0,64.0,35.0,78.0,70.0,75.0,60.0,47.0,73.0,64.0,79.0,0,0,0,0,0,0,,,,,,,,,,,,,,,,,,,,,,,,,,,,,,,,,,,,,,,,,,,,,,,,,,,,,,,,,,,,,,,,,,,,,,,,,,,,,,,,,,,,,,,,,,,,,,,,,,,,,,,,,,,,,,,,,,,,
907,Earl Barron,,C,,"7'0""",,-2.5,,,,,,,,,,,,,D<85 no S7-9 mins,,,,,,,,,,,,,,,,,,,,,,,,,,,,,,,,,,,,,,,,,,,,,,,,,70.0,43.0,68.0,47.0,99.0,,66.0,72.0,71.0,40.0,75.0,75.0,60.0,60.0,47.0,34.0,68.0,43.0,85.0,67.0,74.0,63.0,45.0,70.0,70.0,58.0,58.0,45.0,66.0,90.0,31.0,29.0,33.0,34.0,34.0,25.0,55.0,68.0,43.0,37.0,57.0,67.0,50.0,60.0,75.0,74.0,76.0,75.0,82.0,0,0,0,0,0,0,,,,,,,,,,,,,,,,,,,,,,,,,,,,,,,,,,,,,,,,,,,,,,,,,,,,,,,,,,,,,,,,,,,,,,,,,,,,,,,,,,,,,,,,,,,,,,,,,,,,,,,,,,,,,,,,,,,,
1098,Randy Brown,,PG,,"6'2""",,-2.5,,,,,,,,,,,,,D<85 no S7-9 mins,,,,,,,,,,,,,,,,,,,,,,,,,,,,,,,,,,,,,,,,,,,,,,,,,74.0,79.0,25.0,72.0,50.0,,69.0,72.0,70.0,65.0,61.0,80.0,65.0,73.0,72.0,81.0,41.0,57.0,90.0,89.0,80.0,42.0,70.0,25.0,25.0,25.0,29.0,25.0,54.0,82.0,76.0,79.0,79.0,72.0,77.0,74.0,62.0,25.0,79.0,71.0,32.0,74.0,81.0,70.0,41.0,40.0,41.0,98.0,85.0,3,0,0,0,0,3,,,,,,,,,,,,,,,,,,,,,,,,,,,1.0,,1.0,,1.0,,,,,,,,,,,,,,,,,,,,,,,,,,,,,,,,,,,,,,,,,,,,,,,,,,,,,,,,,,,,,,,,,,,,,,,,,,,,,,,,,,,,,
1096,Raja Bell,,SG,,"6'6""",,-2.5,,,,,,,,,,,,,D<85 no S7-9 mins,,,,,,,,,,,,,,,,,,,,,,,,,,,,,,,,,,,,,,,,,,,,,,,,,68.0,84.0,55.0,76.0,10.0,,64.0,62.0,74.0,82.0,75.0,46.0,47.0,78.0,76.0,88.0,42.0,75.0,86.0,95.0,82.0,50.0,76.0,45.0,66.0,25.0,45.0,45.0,30.0,70.0,49.0,40.0,64.0,76.0,40.0,25.0,64.0,55.0,84.0,63.0,25.0,75.0,75.0,70.0,30.0,25.0,34.0,64.0,85.0,5,0,0,0,0,5,,,,,,,,,,,,,,,,,,,,,,,,,,1.0,,,,1.0,1.0,1.0,,1.0,,,,,,,,,,,,,,,,,,,,,,,,,,,,,,,,,,,,,,,,,,,,,,,,,,,,,,,,,,,,,,,,,,,,,,,,,,,,,,,,,,
1095,Quincy Pondexter,,SF,SG,"6'7""",,-2.5,,,,,,,,,,,,,D<85 no S7-9 mins,,,,,,,,,,,,,,,,,,,,,,,,,,,,,,,,,,,,,,,,,,,,,,,,,75.0,83.0,58.0,67.0,0.0,,77.0,88.0,75.0,85.0,79.0,85.0,50.0,67.0,67.0,86.0,49.0,72.0,80.0,35.0,78.0,57.0,74.0,40.0,65.0,44.0,55.0,51.0,44.0,79.0,48.0,39.0,64.0,47.0,58.0,34.0,70.0,58.0,83.0,58.0,72.0,78.0,74.0,70.0,44.0,41.0,47.0,65.0,85.0,0,0,0,0,0,0,,,,,,,,,,,,,,,,,,,,,,,,,,,,,,,,,,,,,,,,,,,,,,,,,,,,,,,,,,,,,,,,,,,,,,,,,,,,,,,,,,,,,,,,,,,,,,,,,,,,,,,,,,,,,,,,,,,,
1093,Phil Jackson,,PF,C,"6'8""",,-2.5,,,,,,,,,,,,,D<85 no S7-9 mins,,,,,,,,,,,,,,,,,,,,,,,,,,,,,,,,,,,,,,,,,,,,,,,,,74.0,45.0,68.0,62.0,0.0,,73.0,79.0,72.0,59.0,73.0,77.0,75.0,66.0,62.0,45.0,70.0,55.0,75.0,71.0,85.0,64.0,76.0,65.0,65.0,59.0,40.0,60.0,79.0,70.0,43.0,47.0,41.0,44.0,40.0,45.0,64.0,68.0,45.0,62.0,62.0,70.0,68.0,75.0,71.0,62.0,80.0,90.0,85.0,0,0,0,0,0,0,,,,,,,,,,,,,,,,,,,,,,,,,,,,,,,,,,,,,,,,,,,,,,,,,,,,,,,,,,,,,,,,,,,,,,,,,,,,,,,,,,,,,,,,,,,,,,,,,,,,,,,,,,,,,,,,,,,,
1092,Pete Nance,,PF,C,"6'10""",Stretch Rim Wrecker,-2.5,,,,,,,,,,,,,D<85 no S7-9 mins,,,,,,,,,,,,,,,,,,,,,,,,,,,,,,,,,,,,,,,,,,,,,,,,,72.0,48.0,60.0,63.0,,,74.0,79.0,70.0,84.0,76.0,75.0,60.0,72.0,63.0,57.0,69.0,75.0,85.0,85.0,83.0,64.0,70.0,75.0,75.0,70.0,54.0,60.0,40.0,70.0,47.0,47.0,52.0,49.0,50.0,35.0,54.0,60.0,48.0,50.0,61.0,60.0,60.0,40.0,54.0,48.0,61.0,60.0,95.0,1,0,0,0,0,1,,,,1.0,,,,,,,,,,,,,,,,,,,,,,,,,,,,,,,,,,,,,,,,,,,,,,,,,,,,,,,,,,,,,,,,,,,,,,,,,,,,,,,,,,,,,,,,,,,,,,,,,,,,,,,,,,,,,,,,
1090,Paul Mokeski,,C,PF,"7'0""",,-2.5,,,,,,,,,,,,,D<85 no S7-9 mins,,,,,,,,,,,,,,,,,,,,,,,,,,,,,,,,,,,,,,,,,,,,,,,,,65.0,25.0,72.0,25.0,99.0,,59.0,60.0,58.0,43.0,69.0,65.0,60.0,50.0,25.0,25.0,72.0,28.0,60.0,65.0,78.0,46.0,27.0,35.0,40.0,40.0,55.0,59.0,60.0,50.0,39.0,50.0,31.0,25.0,55.0,35.0,56.0,72.0,25.0,56.0,52.0,70.0,58.0,60.0,71.0,62.0,79.0,85.0,79.0,0,0,0,0,0,0,,,,,,,,,,,,,,,,,,,,,,,,,,,,,,,,,,,,,,,,,,,,,,,,,,,,,,,,,,,,,,,,,,,,,,,,,,,,,,,,,,,,,,,,,,,,,,,,,,,,,,,,,,,,,,,,,,,,
1089,Pat Spencer,,PG,SG,"6'3""",Sharpshooter,-2.5,,,,,,,,,,,,,D<85 no S7-9 mins,,,,,,,,,,,,,,,,,,,,,,,,,,,,,,,,,,,,,,,,,,,,,,,,,76.0,55.0,44.0,75.0,0.0,,79.0,75.0,90.0,83.0,76.0,75.0,75.0,76.0,75.0,75.0,54.0,83.0,85.0,85.0,84.0,59.0,70.0,40.0,75.0,42.0,56.0,42.0,59.0,85.0,77.0,79.0,79.0,75.0,79.0,74.0,46.0,44.0,55.0,59.0,35.0,45.0,47.0,40.0,50.0,50.0,49.0,70.0,95.0,4,0,0,0,1,3,1.0,,1.0,2.0,1.0,,,,,,,,,,,,,,,,,,,,,,,,,,,,,,,,,,,,,,,,,,,,,,,,,,,,,,,,,,,,,,,,,,,,,,,,,,,,,,,,,,,,,,,,,,,,,,,,,,,,,,,,,,,,,,,
1088,Pat Connaughton,,SF,SG,"6'5""",High-Flying Slasher,-2.5,,,,,,,,,,,,,D<85 no S7-9 mins,,,,,,,,,,,,,,,,,,,,,,,,,,,,,,,,,,,,,,,,,,,,,,,,,73.0,73.0,35.0,77.0,5.0,,69.0,90.0,69.0,79.0,72.0,70.0,35.0,76.0,77.0,78.0,45.0,95.0,80.0,80.0,83.0,56.0,78.0,30.0,86.0,35.0,34.0,30.0,66.0,90.0,68.0,69.0,78.0,65.0,78.0,49.0,58.0,35.0,73.0,32.0,57.0,70.0,71.0,65.0,54.0,45.0,63.0,35.0,95.0,2,0,0,0,0,2,,,,1.0,,,,,,,,,,,,,,,,,,,,,,,,,,,,,,,,,,,,1.0,,,,,,,,,,,,,,,,,,,,,,,,,,,,,,,,,,,,,,,,,,,,,,,,,,,,,,,,,,,,,,,,,,,,,,,,,,,,
1053,Matthew Dellavedova,,PG,SG,"6'4""",,-2.5,,,,,,,,,,,,,D<85 no S7-9 mins,,,,,,,,,,,,,,,,,,,,,,,,,,,,,,,,,,,,,,,,,,,,,,,,,75.0,82.0,30.0,71.0,0.0,,72.0,88.0,74.0,84.0,86.0,70.0,30.0,75.0,71.0,89.0,35.0,67.0,82.0,98.0,81.0,40.0,70.0,25.0,25.0,28.0,28.0,30.0,38.0,76.0,77.0,75.0,75.0,71.0,88.0,76.0,56.0,30.0,82.0,32.0,27.0,79.0,60.0,80.0,39.0,29.0,49.0,85.0,85.0,5,0,0,1,4,0,,,,2.0,,,,,,,,,,,,,,,,,,,,,,3.0,,,,2.0,2.0,2.0,,,,,,,,,,,,,,,,,,,,,,,,,,,,,,,,,,,,,,,,,,,,,,,,,,,,,,,,,,,,,,,,,,,,,,,,,,,,,,,,,,,,
1052,Matt Geiger,,C,,"7'1""",,-2.5,,,,,,,,,,,,,D<85 no S7-9 mins,,,,,,,,,,,,,,,,,,,,,,,,,,,,,,,,,,,,,,,,,,,,,,,,,69.0,32.0,68.0,26.0,95.0,,63.0,66.0,66.0,50.0,68.0,70.0,55.0,51.0,26.0,32.0,64.0,38.0,66.0,49.0,81.0,60.0,41.0,69.0,42.0,67.0,67.0,63.0,67.0,65.0,32.0,32.0,43.0,25.0,32.0,29.0,56.0,68.0,32.0,59.0,51.0,58.0,68.0,55.0,72.0,73.0,70.0,98.0,82.0,0,0,0,0,0,0,,,,,,,,,,,,,,,,,,,,,,,,,,,,,,,,,,,,,,,,,,,,,,,,,,,,,,,,,,,,,,,,,,,,,,,,,,,,,,,,,,,,,,,,,,,,,,,,,,,,,,,,,,,,,,,,,,,,
1051,Matt Fish,,C,,"6'11""",,-2.5,,,,,,,,,,,,,D<85 no S7-9 mins,,,,,,,,,,,,,,,,,,,,,,,,,,,,,,,,,,,,,,,,,,,,,,,,,67.0,28.0,73.0,38.0,75.0,,50.0,61.0,51.0,25.0,62.0,65.0,35.0,62.0,38.0,28.0,82.0,58.0,65.0,90.0,70.0,49.0,48.0,40.0,25.0,54.0,57.0,64.0,38.0,66.0,33.0,33.0,25.0,28.0,38.0,39.0,51.0,73.0,28.0,28.0,49.0,68.0,60.0,50.0,62.0,61.0,62.0,98.0,85.0,0,0,0,0,0,0,,,,,,,,,,,,,,,,,,,,,,,,,,,,,,,,,,,,,,,,,,,,,,,,,,,,,,,,,,,,,,,,,,,,,,,,,,,,,,,,,,,,,,,,,,,,,,,,,,,,,,,,,,,,,,,,,,,,
1049,Mark Madsen,,PF,C,"6'9""",,-2.5,,,,,,,,,,,,,D<85 no S7-9 mins,,,,,,,,,,,,,,,,,,,,,,,,,,,,,,,,,,,,,,,,,,,,,,,,,73.0,41.0,68.0,63.0,99.0,,62.0,66.0,70.0,30.0,70.0,80.0,55.0,72.0,63.0,41.0,80.0,65.0,82.0,95.0,75.0,64.0,55.0,60.0,65.0,68.0,62.0,68.0,53.0,84.0,40.0,29.0,37.0,33.0,69.0,30.0,59.0,68.0,41.0,55.0,47.0,69.0,66.0,70.0,73.0,86.0,60.0,71.0,85.0,3,0,0,0,1,2,,,,,,1.0,,,,,,,,,,,,,,,,,,,,,,,,,,,,,,1.0,2.0,,,,,,,,,,,,,,,,,,,,,,,,,,,,,,,,,,,,,,,,,,,,,,,,,,,,,,,,,,,,,,,,,,,,,,,,,,,,,,,
1047,Malevy Leons,,PF,C,"6'9""",Disruptive Stretch Crasher,-2.5,,,,,,,,,,,,,D<85 no S7-9 mins,,,,,,,,,,,,,,,,,,,,,,,,,,,,,,,,,,,,,,,,,,,,,,,,,68.0,72.0,72.0,52.0,90.0,,62.0,69.0,68.0,74.0,79.0,40.0,40.0,69.0,52.0,75.0,55.0,60.0,85.0,85.0,82.0,61.0,60.0,65.0,65.0,59.0,59.0,59.0,40.0,80.0,47.0,57.0,47.0,47.0,52.0,32.0,68.0,72.0,72.0,67.0,73.0,70.0,65.0,60.0,69.0,68.0,70.0,30.0,95.0,0,0,0,0,0,0,,,,,,,,,,,,,,,,,,,,,,,,,,,,,,,,,,,,,,,,,,,,,,,,,,,,,,,,,,,,,,,,,,,,,,,,,,,,,,,,,,,,,,,,,,,,,,,,,,,,,,,,,,,,,,,,,,,,
1078,Noah Penda,,PF,SF,"6'8""",Stretch Four Crasher,-2.5,,,,,,,,,,,,,D<85 no S7-9 mins,,,,,,,,,,,,,,,,,,,,,,,,,,,,,,,,,,,,,,,,,,,,,,,,,75.0,73.0,73.0,66.0,60.0,,68.0,63.0,68.0,83.0,64.0,70.0,60.0,76.0,66.0,84.0,70.0,67.0,85.0,85.0,80.0,61.0,73.0,50.0,75.0,52.0,51.0,52.0,57.0,80.0,62.0,67.0,69.0,62.0,68.0,44.0,68.0,73.0,73.0,59.0,67.0,70.0,70.0,65.0,76.0,80.0,72.0,80.0,95.0,1,0,0,0,0,1,,,,,,,,,,,,,,,,,,,,,,,,,,,,,,,1.0,,,,,,,,,,,,,,,,,,,,,,,,,,,,,,,,,,,,,,,,,,,,,,,,,,,,,,,,,,,,,,,,,,,,,,,,,,,,,,,,,,,,,
1109,Rocco Zikarsky,,C,,"7'4""",Shot-Erasing Putback Pro,-2.5,,,,,,,,,,,,,D<85 no S7-9 mins,,,,,,,,,,,,,,,,,,,,,,,,,,,,,,,,,,,,,,,,,,,,,,,,,68.0,52.0,68.0,48.0,50.0,,55.0,70.0,50.0,39.0,62.0,60.0,50.0,58.0,48.0,30.0,65.0,54.0,80.0,70.0,80.0,62.0,57.0,75.0,65.0,67.0,48.0,60.0,54.0,66.0,39.0,50.0,37.0,29.0,50.0,30.0,57.0,68.0,52.0,48.0,74.0,62.0,44.0,50.0,70.0,70.0,70.0,65.0,95.0,0,0,0,0,0,0,,,,,,,,,,,,,,,,,,,,,,,,,,,,,,,,,,,,,,,,,,,,,,,,,,,,,,,,,,,,,,,,,,,,,,,,,,,,,,,,,,,,,,,,,,,,,,,,,,,,,,,,,,,,,,,,,,,,
717,Jaxson Hayes,,C,PF,"7'0""",Crafty Rim Wrecker,-2.5,,,,,,,,,,,,,D<85 no S7-9 mins,,,,,,,,,,,,,,,,,,,,,,,,,,,,,,,,,,,,,,,,,,,,,,,,,76.0,48.0,78.0,58.0,0.0,,67.0,98.0,68.0,60.0,64.0,60.0,50.0,74.0,58.0,64.0,72.0,75.0,80.0,95.0,80.0,73.0,79.0,85.0,88.0,68.0,54.0,65.0,52.0,90.0,36.0,29.0,38.0,41.0,40.0,34.0,61.0,78.0,48.0,38.0,73.0,79.0,45.0,65.0,68.0,70.0,67.0,50.0,95.0,7,0,0,1,5,1,,,,,,3.0,,,,,,,,2.0,,2.0,,,,,,,,,,,,2.0,,,,,,,,2.0,1.0,,,2.0,,,,,,,,,,,,,,,,,,,,,,,,,,,,,,,,,,,,,,,,,,,,,,,,,,,,,,,,,,,,,,,,,,,,,,,,,,,,
1086,P.J. Washington,,SF,PF,"6'6""",2-Way Mid-Range Scorer,-2.5,,,,,,,,,,,,,D<85 no S7-9 mins,,,,,,,,,,,,,,,,,,,,,,,,,,,,,,,,,,,,,,,,,,,,,,,,,78.0,79.0,78.0,75.0,25.0,,70.0,88.0,79.0,73.0,67.0,60.0,50.0,77.0,75.0,80.0,68.0,69.0,85.0,85.0,79.0,69.0,75.0,65.0,80.0,68.0,63.0,63.0,44.0,95.0,57.0,55.0,70.0,63.0,60.0,36.0,73.0,78.0,79.0,43.0,73.0,80.0,78.0,80.0,60.0,49.0,72.0,50.0,95.0,13,0,0,4,7,2,,,,2.0,,3.0,,,,3.0,2.0,,,2.0,,,,,,,,,,,,2.0,,,,2.0,3.0,2.0,,2.0,,,1.0,1.0,,3.0,,,,,,,,,,,,,,,,,,,,,,,,,,,,,,,,,,,,,,,,,,,,,,,,,,,,,,,,,,,,,,,,,,,,,,,,,,,,
1083,Oscar Tshiebwe,,C,PF,"6'8""",Board-Hunting Rim Runner,-2.5,,,,,,,,,,,,,D<85 no S7-9 mins,,,,,,,,,,,,,,,,,,,,,,,,,,,,,,,,,,,,,,,,,,,,,,,,,70.0,48.0,69.0,75.0,65.0,,54.0,76.0,69.0,37.0,70.0,45.0,30.0,76.0,75.0,67.0,69.0,75.0,80.0,90.0,80.0,62.0,62.0,75.0,75.0,54.0,48.0,48.0,37.0,95.0,43.0,42.0,40.0,39.0,55.0,37.0,55.0,69.0,48.0,31.0,72.0,69.0,40.0,55.0,88.0,89.0,87.0,40.0,95.0,0,0,0,0,0,0,,,,,,,,,,,,,,,,,,,,,,,,,,,,,,,,,,,,,,,,,,,,,,,,,,,,,,,,,,,,,,,,,,,,,,,,,,,,,,,,,,,,,,,,,,,,,,,,,,,,,,,,,,,,,,,,,,,,
1082,Orlando Robinson,,C,,"6'10""",Stretch Five Crasher,-2.5,,,,,,,,,,,,,D<85 no S7-9 mins,,,,,,,,,,,,,,,,,,,,,,,,,,,,,,,,,,,,,,,,,,,,,,,,,72.0,36.0,62.0,49.0,99.0,,68.0,75.0,69.0,76.0,80.0,70.0,35.0,68.0,49.0,49.0,70.0,64.0,80.0,90.0,77.0,62.0,70.0,70.0,60.0,59.0,58.0,59.0,38.0,85.0,47.0,52.0,40.0,35.0,54.0,55.0,53.0,62.0,36.0,38.0,61.0,60.0,54.0,60.0,76.0,80.0,71.0,60.0,82.0,5,0,0,0,3,2,,,,,,,,,,1.0,1.0,,,,,,,,,,,,,,,,,,,,,,,,,2.0,2.0,,,2.0,,,,,,,,,,,,,,,,,,,,,,,,,,,,,,,,,,,,,,,,,,,,,,,,,,,,,,,,,,,,,,,,,,,,,,,,,,,,
1081,Omer Asik,,C,,"7'0""",,-2.5,,,,,,,,,,,,,D<85 no S7-9 mins,,,,,,,,,,,,,,,,,,,,,,,,,,,,,,,,,,,,,,,,,,,,,,,,,73.0,37.0,76.0,32.0,,,51.0,60.0,29.0,25.0,50.0,88.0,55.0,63.0,32.0,37.0,65.0,58.0,84.0,85.0,83.0,67.0,56.0,80.0,60.0,74.0,44.0,69.0,76.0,78.0,36.0,29.0,35.0,25.0,62.0,28.0,58.0,76.0,37.0,57.0,56.0,78.0,54.0,45.0,83.0,85.0,80.0,55.0,89.0,5,0,0,2,2,1,,,,,,,,,,,,,1.0,,,2.0,,,,,,,,,,,,,,,,,,,,3.0,3.0,2.0,,,,,,,,,,,,,,,,,,,,,,,,,,,,,,,,,,,,,,,,,,,,,,,,,,,,,,,,,,,,,,,,,,,,,,,,,,,,,,
913,Egor Demin,,PG,SG,"6'9""",Crafty Inside-Out Combo Guard,-2.5,,,,,,,,,,,,,D<85 no S7-9 mins,,,,,,,,,,,,,,,,,,,,,,,,,,,,,,,,,,,,,,,,,,,,,,,,,78.0,65.0,47.0,70.0,45.0,,76.0,89.0,60.0,82.0,83.0,70.0,75.0,76.0,70.0,75.0,60.0,74.0,88.0,90.0,80.0,62.0,85.0,45.0,65.0,52.0,51.0,55.0,57.0,90.0,79.0,84.0,86.0,70.0,85.0,70.0,57.0,47.0,65.0,46.0,51.0,60.0,67.0,60.0,47.0,34.0,60.0,80.0,95.0,10,0,0,0,6,4,,,1.0,2.0,,,2.0,,2.0,,,,,,,,,2.0,2.0,1.0,,,1.0,1.0,2.0,,,,,,,,,,,,,,,,,,,,,,,,,,,,,,,,,,,,,,,,,,,,,,,,,,,,,,,,,,,,,,,,,,,,,,,,,,,,,,,,,,,,,,,,,,,
1097,Randy Breuer,,C,PF,"7'3""",,-2.5,,,,,,,,,,,,,D<85 no S7-9 mins,,,,,,,,,,,,,,,,,,,,,,,,,,,,,,,,,,,,,,,,,,,,,,,,,73.0,25.0,75.0,30.0,99.0,,64.0,74.0,60.0,34.0,70.0,88.0,55.0,48.0,30.0,25.0,50.0,30.0,66.0,60.0,77.0,60.0,25.0,80.0,40.0,69.0,55.0,69.0,80.0,64.0,34.0,44.0,26.0,25.0,46.0,29.0,63.0,75.0,25.0,57.0,82.0,75.0,54.0,70.0,81.0,78.0,83.0,98.0,89.0,1,0,0,1,0,0,,,,,,3.0,,,,,,,,,,,,,,,,,,,,,,,,,,,,,,,,,,,,,,,,,,,,,,,,,,,,,,,,,,,,,,,,,,,,,,,,,,,,,,,,,,,,,,,,,,,,,,,,,,,,,,,,,,,,,,
738,Kyle Filipowski,,PF,C,"6'11""",Crafty Stretch Four Cleaner,-2.5,,,,,,,,,,,,,D<85 no S7-9 mins,,,,,,,,,,,,,,,,,,,,,,,,,,,,,,,,,,,,,,,,,,,,,,,,,79.0,55.0,60.0,77.0,0.0,,78.0,96.0,70.0,76.0,72.0,80.0,75.0,74.0,77.0,57.0,68.0,66.0,85.0,90.0,80.0,70.0,64.0,70.0,70.0,74.0,72.0,74.0,50.0,85.0,59.0,60.0,69.0,57.0,60.0,51.0,57.0,60.0,55.0,56.0,58.0,65.0,57.0,50.0,75.0,66.0,84.0,80.0,95.0,5,0,0,0,3,2,,,,2.0,,,,,,2.0,,,,,1.0,,,,,,,,,,,,,,,,,,,,,2.0,1.0,,,,,,,,,,,,,,,,,,,,,,,,,,,,,,,,,,,,,,,,,,,,,,,,,,,,,,,,,,,,,,,,,,,,,,,,,,,,,,,
734,Kenrich Williams,,PF,C,"6'6""",Crafty Stretch Four,-2.5,,,,,,,,,,,,,D<85 no S7-9 mins,,,,,,,,,,,,,,,,,,,,,,,,,,,,,,,,,,,,,,,,,,,,,,,,,78.0,75.0,68.0,66.0,40.0,,75.0,85.0,88.0,83.0,66.0,70.0,60.0,74.0,66.0,75.0,63.0,72.0,80.0,90.0,80.0,63.0,79.0,40.0,65.0,57.0,58.0,58.0,55.0,90.0,63.0,69.0,69.0,63.0,69.0,46.0,66.0,68.0,75.0,53.0,42.0,74.0,75.0,75.0,62.0,60.0,63.0,85.0,95.0,2,0,0,0,0,2,,,,1.0,,,,,,,1.0,,,,,,,,,,,,,,,,,,,,,,,,,,,,,,,,,,,,,,,,,,,,,,,,,,,,,,,,,,,,,,,,,,,,,,,,,,,,,,,,,,,,,,,,,,,,,,,,,,,,,,,,,
733,Kel'el Ware,,C,PF,"7'0""",Board-Hunting Stretch Dunker,-2.5,,,,,,,,,,,,,D<85 no S7-9 mins,,,,308.0,,,,,,,,,,,,,,,,,,,,,,,,,,,,,,7.0,-1.23,0.64,0.6,0.36,0.42,0.0,2.0,2.0,11.7,0.4,1.1,0.0,18.0,14.2,80.0,37.0,75.0,66.0,45.0,,72.0,74.0,64.0,84.0,78.0,70.0,60.0,78.0,66.0,68.0,66.0,90.0,89.0,90.0,80.0,72.0,77.0,85.0,86.0,65.0,54.0,60.0,62.0,90.0,43.0,37.0,52.0,46.0,52.0,28.0,59.0,75.0,37.0,43.0,78.0,69.0,50.0,60.0,90.0,90.0,91.0,70.0,95.0,8,0,0,4,1,3,,,,,,3.0,,,,,1.0,,,1.0,,1.0,,,,,,,,,,,,3.0,,,,,,,,2.0,3.0,,,3.0,,18.0,256.0,50.0,83.0,14.0,3.0,8.0,7.0,23.0,38.0,4.0,11.0,0.0,3.0,13.0,70.0,9.0,14.2,2.8,4.6,0.8,0.2,0.4,0.4,0.7,3.9,0.5,0.6,0.7,0.36,0.0,7.0,11.7,2.0,0.4,1.1,1.0,1.8,9.8,1.3,,,,,0.66,0.64,0.32,0.2,,,,,,,,,,,,,,,,,,,,,,,,,,,
732,Karlo Matkovic,,PF,C,"6'10""",Rim-Reaping Stretch Riser,-2.5,,,,,,,,,,,,,D<85 no S7-9 mins,,,,,,,,,,,,,,,,,,,,,,,,,,,,,,,,,,,,,,,,,,,,,,,,,76.0,41.0,73.0,56.0,75.0,,75.0,75.0,75.0,85.0,73.0,70.0,70.0,68.0,56.0,51.0,77.0,67.0,80.0,80.0,80.0,70.0,77.0,75.0,75.0,69.0,68.0,68.0,44.0,80.0,48.0,50.0,55.0,47.0,52.0,37.0,59.0,73.0,41.0,40.0,88.0,66.0,54.0,50.0,68.0,62.0,74.0,,95.0,9,0,0,0,1,8,,,,1.0,,1.0,,,,1.0,1.0,,,,,2.0,,,,,,,,,,,,1.0,,,,,,,,1.0,1.0,1.0,,,,,,,,,,,,,,,,,,,,,,,,,,,,,,,,,,,,,,,,,,,,,,,,,,,,,,,,,,,,,,,,,,,,,,,,,,,,,,
1101,Rayan Rupert,,SG,SF,"6'6""",2-Way Crafty Combo Guard,-2.5,,,,,,,,,,,,,D<85 no S7-9 mins,,,,,,,,,,,,,,,,,,,,,,,,,,,,,,,,,,,,,,,,,,,,,,,,,72.0,70.0,53.0,67.0,0.0,,70.0,74.0,63.0,73.0,73.0,70.0,65.0,72.0,67.0,72.0,52.0,69.0,88.0,85.0,80.0,54.0,82.0,45.0,70.0,40.0,44.0,42.0,40.0,70.0,61.0,68.0,72.0,65.0,68.0,34.0,63.0,53.0,70.0,76.0,35.0,70.0,70.0,65.0,52.0,47.0,56.0,95.0,95.0,0,0,0,0,0,0,,,,,,,,,,,,,,,,,,,,,,,,,,,,,,,,,,,,,,,,,,,,,,,,,,,,,,,,,,,,,,,,,,,,,,,,,,,,,,,,,,,,,,,,,,,,,,,,,,,,,,,,,,,,,,,,,,,,
1100,Rasheer Fleming,,PF,C,"6'9""",Mid-Range Menace,-2.5,,,,,,,,,,,,,D<85 no S7-9 mins,,,,,,,,,,,,,,,,,,,,,,,,,,,,,,,,,,,,,,,,,,,,,,,,,71.0,40.0,67.0,77.0,20.0,,62.0,67.0,74.0,68.0,74.0,50.0,40.0,78.0,77.0,75.0,75.0,75.0,85.0,80.0,80.0,65.0,74.0,70.0,75.0,60.0,60.0,60.0,42.0,80.0,53.0,55.0,62.0,69.0,52.0,28.0,57.0,67.0,40.0,46.0,63.0,68.0,62.0,55.0,60.0,69.0,51.0,50.0,95.0,0,0,0,0,0,0,,,,,,,,,,,,,,,,,,,,,,,,,,,,,,,,,,,,,,,,,,,,,,,,,,,,,,,,,,,,,,,,,,,,,,,,,,,,,,,,,,,,,,,,,,,,,,,,,,,,,,,,,,,,,,,,,,,,
1099,Randy Wittman,,SG,SF,"6'6""",,-2.5,,,,,,,,,,,,,D<85 no S7-9 mins,,,,,,,,,,,,,,,,,,,,,,,,,,,,,,,,,,,,,,,,,,,,,,,,,77.0,75.0,50.0,69.0,30.0,,80.0,84.0,88.0,75.0,77.0,75.0,80.0,73.0,69.0,75.0,65.0,70.0,80.0,74.0,81.0,52.0,75.0,25.0,50.0,25.0,51.0,36.0,79.0,74.0,70.0,74.0,72.0,66.0,77.0,62.0,64.0,50.0,75.0,61.0,32.0,78.0,74.0,75.0,36.0,35.0,36.0,90.0,85.0,0,0,0,0,0,0,,,,,,,,,,,,,,,,,,,,,,,,,,,,,,,,,,,,,,,,,,,,,,,,,,,,,,,,,,,,,,,,,,,,,,,,,,,,,,,,,,,,,,,,,,,,,,,,,,,,,,,,,,,,,,,,,,,,
712,Jake LaRavia,,SF,SG,"6'7""",Crafty 3 & D Wing,-2.5,,,,,,,,,,,,,D<85 no S7-9 mins,,,,,,,,,,,,,,,,,,,,,,,,,,,,,,,,,,,,,,,,,,,,,,,,,77.0,78.0,78.0,59.0,45.0,,74.0,94.0,60.0,76.0,75.0,80.0,60.0,74.0,59.0,78.0,62.0,72.0,88.0,85.0,80.0,67.0,79.0,60.0,75.0,60.0,60.0,60.0,69.0,70.0,60.0,69.0,68.0,57.0,68.0,38.0,73.0,78.0,78.0,70.0,56.0,77.0,78.0,75.0,55.0,57.0,53.0,70.0,95.0,0,0,0,0,0,0,,,,,,,,,,,,,,,,,,,,,,,,,,,,,,,,,,,,,,,,,,,,,,,,,,,,,,,,,,,,,,,,,,,,,,,,,,,,,,,,,,,,,,,,,,,,,,,,,,,,,,,,,,,,,,,,,,,,
710,Jabari Walker,,PF,SF,"6'7""",Slashing Putback Rim Rocker,-2.5,,,,,,,,,,,,,D<85 no S7-9 mins,,,,,,,,,,,,,,,,,,,,,,,,,,,,,,,,,,,,,,,,,,,,,,,,,72.0,60.0,68.0,75.0,0.0,,62.0,57.0,70.0,70.0,72.0,60.0,40.0,71.0,75.0,75.0,46.0,79.0,80.0,70.0,80.0,63.0,72.0,45.0,75.0,65.0,65.0,65.0,40.0,80.0,53.0,52.0,60.0,71.0,54.0,30.0,60.0,68.0,60.0,43.0,58.0,67.0,65.0,60.0,70.0,72.0,69.0,50.0,95.0,4,0,0,1,1,2,,,,,,,,,,1.0,1.0,,,,,,,,,,,,,,,,,,,,,,,,,3.0,,,,2.0,,,,,,,,,,,,,,,,,,,,,,,,,,,,,,,,,,,,,,,,,,,,,,,,,,,,,,,,,,,,,,,,,,,,,,,,,,,,
708,Isaiah Stewart,,C,PF,"6'8""",2-Way Pick & Popper,-2.5,,,,,,,,,,,,,D<85 no S7-9 mins,,,,378.0,,,,,,,,,,,,,,,,,,,,,,,,,,,,,,,,,,,,,,,,,,,,,80.0,67.0,84.0,63.0,45.0,,78.0,97.0,82.0,78.0,76.0,65.0,70.0,76.0,63.0,71.0,89.0,70.0,81.0,85.0,77.0,69.0,76.0,75.0,70.0,75.0,64.0,75.0,50.0,70.0,43.0,44.0,34.0,52.0,50.0,33.0,69.0,84.0,67.0,31.0,95.0,84.0,42.0,80.0,68.0,65.0,70.0,75.0,95.0,10,0,0,4,3,3,,,,,,1.0,,,,1.0,3.0,,1.0,,,,,,,,,,,,,,,,,2.0,,,2.0,,3.0,,2.0,3.0,,3.0,,,,,,,,,,,,,,,,,,,,,,,,,,,,,,,,,,,,,,,,,,,,,,,,,,,,,,,,,,,,,,,,,,,,,,,,,,,,
706,Haywood Highsmith,,SF,PF,"6'5""",Crafty 3 & D Wing,-2.5,,,,,,,,,,,,,D<85 no S7-9 mins,,,,,,,,,,,,,,,,,,,,,,,,,,,,,,,,,,,,,,,,,,,,,,,,,73.0,79.0,70.0,70.0,25.0,,72.0,86.0,70.0,81.0,75.0,70.0,50.0,71.0,70.0,81.0,50.0,79.0,80.0,65.0,86.0,52.0,78.0,35.0,45.0,47.0,54.0,46.0,40.0,70.0,56.0,55.0,70.0,64.0,55.0,35.0,71.0,70.0,79.0,59.0,61.0,78.0,77.0,70.0,48.0,45.0,52.0,40.0,95.0,7,0,0,0,3,4,,,,1.0,,,,,,,,,,,,,,,,,,,,,,1.0,1.0,,2.0,,2.0,1.0,,,,,,,,2.0,,,,,,,,,,,,,,,,,,,,,,,,,,,,,,,,,,,,,,,,,,,,,,,,,,,,,,,,,,,,,,,,,,,,,,,,,,,,
705,Gui Santos,,PF,SF,"6'6""",Crafty Stretch Four,-2.5,,,,,,,,,,,,,D<85 no S7-9 mins,,,,,,,,,,,,,,,,,,,,,,,,,,,,,,,,,,,,,,,,,,,,,,,,,79.0,69.0,66.0,73.0,50.0,,80.0,96.0,69.0,82.0,68.0,85.0,80.0,71.0,73.0,72.0,50.0,74.0,80.0,75.0,86.0,62.0,79.0,50.0,65.0,59.0,59.0,59.0,45.0,80.0,67.0,69.0,69.0,69.0,69.0,60.0,63.0,66.0,69.0,66.0,61.0,70.0,57.0,50.0,61.0,57.0,65.0,,95.0,3,0,0,0,0,3,,,,1.0,,,,,,1.0,1.0,,,,,,,,,,,,,,,,,,,,,,,,,,,,,,,,,,,,,,,,,,,,,,,,,,,,,,,,,,,,,,,,,,,,,,,,,,,,,,,,,,,,,,,,,,,,,,,,,,,,,,,,,
704,Guerschon Yabusele,,PF,C,"6'8""",Crafty Mid-Paint Scorer,-2.5,,,,,,,,,,,,,D<85 no S7-9 mins,,,,,,,,,,,,,,,,,,,,,,,,,,,,,,,,,,,,,,,,,,,,,,,,,76.0,66.0,62.0,62.0,25.0,,74.0,63.0,79.0,77.0,72.0,75.0,75.0,73.0,62.0,60.0,74.0,70.0,80.0,90.0,84.0,69.0,80.0,50.0,85.0,62.0,62.0,62.0,65.0,85.0,57.0,62.0,66.0,54.0,66.0,37.0,51.0,62.0,66.0,40.0,53.0,52.0,41.0,40.0,66.0,57.0,75.0,75.0,95.0,9,0,0,1,5,3,,,,1.0,,2.0,,,,2.0,2.0,,,2.0,,,,,,,,,1.0,,,,,1.0,,,,,,,,,,2.0,,3.0,,,,,,,,,,,,,,,,,,,,,,,,,,,,,,,,,,,,,,,,,,,,,,,,,,,,,,,,,,,,,,,,,,,,,,,,,,,,
703,Goga Bitadze,,C,,"6'10""",Putback Power-Finishing Eraser,-2.5,,,,,,,,,,,,,D<85 no S7-9 mins,,,,,,,,,,,,,,,,,,,,,,,,,,,,,,,,,,,,,,,,,,,,,,,,,76.0,25.0,78.0,53.0,99.0,,70.0,97.0,72.0,69.0,73.0,70.0,40.0,66.0,53.0,37.0,88.0,63.0,80.0,75.0,80.0,65.0,50.0,75.0,65.0,76.0,68.0,76.0,40.0,70.0,55.0,54.0,60.0,52.0,69.0,41.0,66.0,78.0,25.0,66.0,90.0,80.0,40.0,80.0,84.0,90.0,78.0,50.0,95.0,10,0,0,2,5,3,,,,,,2.0,,1.0,,2.0,,,2.0,,1.0,2.0,,,,,,,,,,,,1.0,,,,,,,,3.0,2.0,3.0,,,,,,,,,,,,,,,,,,,,,,,,,,,,,,,,,,,,,,,,,,,,,,,,,,,,,,,,,,,,,,,,,,,,,,,,,,,,,,
739,KyShawn George,,SF,PF,"6'8""",Crafty 3-Level Scorer,-2.5,,,,,,,,,,,,,D<85 no S7-9 mins,,,,,,,,,,,,,,,,,,,,,,,,,,,,,,,,,,,,,,,,,,,,,,,,,82.0,70.0,70.0,64.0,0.0,,84.0,83.0,85.0,82.0,80.0,85.0,90.0,74.0,64.0,74.0,60.0,72.0,90.0,85.0,80.0,60.0,83.0,40.0,60.0,59.0,58.0,59.0,30.0,95.0,67.0,66.0,74.0,60.0,66.0,71.0,65.0,70.0,70.0,46.0,67.0,71.0,70.0,60.0,53.0,41.0,65.0,80.0,95.0,7,0,0,2,3,2,,,,3.0,,,,,2.0,2.0,2.0,,,,,,,,,,,,,,,,1.0,,1.0,,3.0,,,,,,,,,,,,,,,,,,,,,,,,,,,,,,,,,,,,,,,,,,,,,,,,,,,,,,,,,,,,,,,,,,,,,,,,,,,,,,,,,,,,,
741,Marcus Sasser,,PG,SG,"6'2""",3PT-Sniping Creator,-2.5,,,,,,,,,,,,,D<85 no S7-9 mins,,,,,,,,,,,,,,,,,,,,,,,,,,,,,,,,,,,,,,,,,,,,,,,,,75.0,70.0,35.0,75.0,50.0,,78.0,95.0,72.0,84.0,84.0,75.0,60.0,74.0,75.0,83.0,47.0,69.0,85.0,85.0,80.0,48.0,78.0,25.0,50.0,32.0,37.0,37.0,47.0,75.0,75.0,74.0,80.0,75.0,74.0,71.0,58.0,35.0,70.0,66.0,37.0,67.0,67.0,65.0,38.0,33.0,42.0,75.0,95.0,7,0,0,0,3,4,,,2.0,1.0,,,2.0,,2.0,,,,,,,,,1.0,1.0,,,,,,1.0,,,,,,,,,,,,,,,,,,,,,,,,,,,,,,,,,,,,,,,,,,,,,,,,,,,,,,,,,,,,,,,,,,,,,,,,,,,,,,,,,,,,,,,,,,,
730,Justin Champagnie,,PF,SF,"6'6""",Board-Hunting Middy Scorer,-2.5,,,,,,,,,,,,,D<85 no S7-9 mins,,,,,,,,,,,,,,,,,,,,,,,,,,,,,,,,,,,,,,,,,,,,,,,,,78.0,73.0,49.0,73.0,50.0,,77.0,70.0,79.0,76.0,76.0,85.0,75.0,72.0,73.0,73.0,40.0,78.0,80.0,85.0,80.0,59.0,79.0,65.0,75.0,48.0,44.0,40.0,42.0,80.0,59.0,62.0,69.0,66.0,62.0,35.0,66.0,49.0,73.0,59.0,67.0,74.0,73.0,70.0,76.0,78.0,75.0,85.0,95.0,6,0,0,0,3,3,,,,2.0,,,,,,,1.0,,,,,,,,,,,,,,,,,,1.0,,,,,,,,2.0,,2.0,1.0,,,,,,,,,,,,,,,,,,,,,,,,,,,,,,,,,,,,,,,,,,,,,,,,,,,,,,,,,,,,,,,,,,,,,,,,,,,,
729,Julian Strawther,,SG,SF,"6'6""",2-Way 3PT-Sniping Layup Artist,-2.5,,,,,,,,,,,,,D<85 no S7-9 mins,,,,,,,,,,,,,,,,,,,,,,,,,,,,,,,,,,,,,,,,,,,,,,,,,77.0,74.0,44.0,63.0,50.0,,78.0,95.0,70.0,76.0,79.0,80.0,70.0,69.0,63.0,70.0,53.0,64.0,90.0,75.0,80.0,58.0,79.0,35.0,70.0,40.0,40.0,40.0,67.0,95.0,60.0,64.0,74.0,57.0,65.0,40.0,58.0,44.0,74.0,46.0,40.0,68.0,68.0,65.0,46.0,34.0,59.0,85.0,95.0,0,0,0,0,0,0,,,,,,,,,,,,,,,,,,,,,,,,,,,,,,,,,,,,,,,,,,,,,,,,,,,,,,,,,,,,,,,,,,,,,,,,,,,,,,,,,,,,,,,,,,,,,,,,,,,,,,,,,,,,,,,,,,,,
728,Julian Champagnie,,SG,SF,"6'7""",2-Way Stretch Four,-2.5,,,,,,,,,,,,,D<85 no S7-9 mins,,,,,,,,,,,,,,,,,,,,,,,,,,,,,,,,,,,,,,,,,,,,,,,,,78.0,75.0,45.0,69.0,15.0,,81.0,80.0,78.0,84.0,85.0,85.0,75.0,68.0,69.0,75.0,37.0,67.0,85.0,75.0,80.0,59.0,79.0,40.0,60.0,43.0,44.0,52.0,69.0,85.0,59.0,66.0,68.0,65.0,64.0,33.0,60.0,45.0,75.0,42.0,53.0,70.0,67.0,70.0,56.0,41.0,71.0,,95.0,3,0,0,0,2,1,,,,2.0,,,,,,,,,,,,,,,,,,,,,,,,,,,1.0,,,,,,,,2.0,,,,,,,,,,,,,,,,,,,,,,,,,,,,,,,,,,,,,,,,,,,,,,,,,,,,,,,,,,,,,,,,,,,,,,,,,,,,,
726,Jordan Hawkins,,SG,PG,"6'5""",3PT-Creating Combo Guard,-2.5,,,,,,,,,,,,,D<85 no S7-9 mins,,,,,,,,,,,,,,,,,,,,,,,,,,,,,,,,,,,,,,,,,,,,,,,,,71.0,65.0,45.0,70.0,0.0,,67.0,49.0,70.0,72.0,83.0,70.0,60.0,71.0,70.0,72.0,48.0,67.0,89.0,80.0,80.0,53.0,75.0,25.0,60.0,37.0,48.0,44.0,55.0,80.0,63.0,70.0,74.0,68.0,71.0,33.0,54.0,45.0,65.0,35.0,53.0,67.0,64.0,50.0,46.0,40.0,52.0,75.0,95.0,3,0,0,1,0,2,1.0,,1.0,3.0,,,,,,,,,,,,,,,,,,,,,,,,,,,,,,,,,,,,,,,,,,,,,,,,,,,,,,,,,,,,,,,,,,,,,,,,,,,,,,,,,,,,,,,,,,,,,,,,,,,,,,,,,,,,,,,,
725,Jordan Goodwin,,SG,SF,"6'4""",2-Way Combo Guard Crasher,-2.5,,,,,,,,,,,,,D<85 no S7-9 mins,,,,,,,,,,,,,,,,,,,,,,,,,,,,,,,,,,,,,,,,,,,,,,,,,77.0,76.0,57.0,75.0,45.0,,76.0,76.0,77.0,79.0,72.0,75.0,75.0,73.0,75.0,84.0,49.0,55.0,80.0,95.0,80.0,52.0,78.0,25.0,35.0,33.0,43.0,48.0,66.0,90.0,73.0,78.0,78.0,73.0,78.0,57.0,72.0,57.0,76.0,96.0,47.0,75.0,78.0,75.0,64.0,67.0,62.0,85.0,95.0,5,0,0,1,3,1,,,,,,,,,,,,,,,,,,,,,,,,,,1.0,3.0,,2.0,,2.0,,,2.0,,,,,,,,,,,,,,,,,,,,,,,,,,,,,,,,,,,,,,,,,,,,,,,,,,,,,,,,,,,,,,,,,,,,,,,,,,,,,,,,,,
723,Jock Landale,,C,,"6'11""",Crafty 3-Level Scoring Crasher,-2.5,,,,,,,,,,,,,D<85 no S7-9 mins,,,,,,,,,,,,,,,,,,,,,,,,,,,,,,,,,,,,,,,,,,,,,,,,,79.0,48.0,71.0,54.0,50.0,,78.0,98.0,82.0,82.0,67.0,75.0,65.0,66.0,54.0,54.0,64.0,75.0,80.0,70.0,80.0,71.0,75.0,65.0,65.0,84.0,84.0,84.0,44.0,70.0,50.0,57.0,52.0,45.0,57.0,41.0,55.0,71.0,48.0,38.0,61.0,62.0,60.0,45.0,76.0,90.0,63.0,80.0,95.0,6,0,0,0,2,4,,,,,,,,1.0,,,,,2.0,,1.0,,,,,,,,,,,,,,,,,,,,,1.0,2.0,1.0,,,,,,,,,,,,,,,,,,,,,,,,,,,,,,,,,,,,,,,,,,,,,,,,,,,,,,,,,,,,,,,,,,,,,,,,,,,,,,
718,Jay Huff,,C,,"7'1""",Shot-Erasing Mid-Range Scorer,-2.5,,,,,,,,,,,,,D<85 no S7-9 mins,,,,,,,,,,,,,,,,,,,,,,,,,,,,,,,,,,,,,,,,,,,,,,,,,79.0,32.0,79.0,48.0,10.0,,82.0,98.0,82.0,73.0,83.0,80.0,75.0,64.0,48.0,47.0,62.0,62.0,80.0,85.0,77.0,70.0,60.0,65.0,65.0,74.0,74.0,74.0,64.0,80.0,45.0,50.0,43.0,33.0,60.0,39.0,66.0,79.0,32.0,41.0,95.0,78.0,64.0,75.0,56.0,48.0,65.0,70.0,95.0,5,0,0,1,1,3,,,,1.0,,,,,,,,,,,,,,,,,,,,,,,,3.0,,,,,,,1.0,,,1.0,,2.0,,,,,,,,,,,,,,,,,,,,,,,,,,,,,,,,,,,,,,,,,,,,,,,,,,,,,,,,,,,,,,,,,,,,,,,,,,,,
483,Kyle Korver,,SG,SF,"6'7""",,-2.5,,,,,,,,,,,,,D<85 no S7-9 mins,,,,434.0,,,,,,,,,,,,,,,,,,,,,,,,,,,,,,0.0,,,0.0,,0.0,,0.0,,6.0,0.0,0.0,,1.0,6.0,76.0,55.0,47.0,60.0,0.0,,84.0,60.0,92.0,92.0,89.0,98.0,70.0,66.0,60.0,60.0,36.0,57.0,86.0,80.0,81.0,44.0,68.0,25.0,25.0,28.0,60.0,32.0,35.0,77.0,68.0,79.0,70.0,26.0,84.0,80.0,54.0,47.0,55.0,57.0,50.0,58.0,64.0,50.0,40.0,27.0,52.0,80.0,85.0,2,0,0,2,0,0,,3.0,,,,,,,,,,,,,,,,,,,,,,,,,,,,,,,,,,,,,3.0,,,1.0,6.0,0.0,1.0,0.0,0.0,0.0,0.0,0.0,0.0,0.0,0.0,0.0,0.0,0.0,1.0,1.0,6.0,0.0,1.0,0.0,0.0,0.0,0.0,0.0,1.0,1.0,,,,,0.0,6.0,0.0,0.0,0.0,0.0,0.0,6.0,6.0,,,,,,,0.17,0.0,,,,,,,,,,,,,,,,,,,,,,,,,,,
774,Zeke Nnaji,,C,PF,"6'9""",Shot-Erasing Mid-Paint Scorer,-2.5,,,,,,,,,,,,,D<85 no S7-9 mins,,,,,,,,,,,,,,,,,,,,,,,,,,,,,,,,,,,,,,,,,,,,,,,,,74.0,54.0,72.0,77.0,85.0,,67.0,77.0,76.0,72.0,79.0,55.0,45.0,79.0,77.0,77.0,70.0,82.0,80.0,89.0,83.0,72.0,77.0,80.0,70.0,69.0,67.0,67.0,69.0,77.0,39.0,33.0,37.0,52.0,42.0,30.0,56.0,72.0,54.0,42.0,73.0,57.0,42.0,50.0,61.0,55.0,67.0,65.0,95.0,3,0,0,2,1,0,,,,,,,,,,,,,,,,,,,,,,,,,,,,3.0,,,,,,,,,2.0,,,3.0,,,,,,,,,,,,,,,,,,,,,,,,,,,,,,,,,,,,,,,,,,,,,,,,,,,,,,,,,,,,,,,,,,,,,,,,,,,,
773,Zaccharie Risacher,,SF,SG,"6'10""",2-Way Crafty Laymaker,-2.5,,,,,,,,,,,,,D<85 no S7-9 mins,,,,,,,,,,,,,,,,,,,,,,,,,,,,,,,,,,,,,,,,,,,,,,,,,76.0,79.0,57.0,70.0,55.0,,70.0,88.0,66.0,78.0,59.0,70.0,60.0,75.0,70.0,82.0,56.0,67.0,91.0,85.0,80.0,65.0,80.0,55.0,70.0,55.0,56.0,56.0,54.0,95.0,63.0,68.0,79.0,68.0,67.0,34.0,68.0,57.0,79.0,49.0,60.0,79.0,79.0,75.0,50.0,45.0,56.0,80.0,95.0,8,0,0,0,0,8,,,,1.0,,,,,1.0,,1.0,,,,,,,1.0,1.0,,,,1.0,,1.0,,,,,,,,,,,,,,1.0,,,,,,,,,,,,,,,,,,,,,,,,,,,,,,,,,,,,,,,,,,,,,,,,,,,,,,,,,,,,,,,,,,,,,,,,,,,,,
771,Vit Krejci,,SF,PG,"6'8""",3PT-Sniping Creator,-2.5,,,,,,,,,,,,,D<85 no S7-9 mins,,,,,,,,,,,,,,,,,,,,,,,,,,,,,,,,,,,,,,,,,,,,,,,,,76.0,60.0,50.0,75.0,0.0,,79.0,97.0,74.0,84.0,75.0,80.0,65.0,70.0,75.0,75.0,40.0,76.0,80.0,75.0,80.0,53.0,79.0,45.0,70.0,35.0,38.0,38.0,44.0,75.0,64.0,69.0,70.0,74.0,70.0,38.0,53.0,50.0,60.0,49.0,52.0,59.0,58.0,40.0,40.0,35.0,46.0,70.0,95.0,4,0,0,0,1,3,,,,2.0,,,,,,,,,,,,,,1.0,1.0,,,,,,1.0,,,,,,,,,,,,,,,,,,,,,,,,,,,,,,,,,,,,,,,,,,,,,,,,,,,,,,,,,,,,,,,,,,,,,,,,,,,,,,,,,,,,,,,,,,,
770,Tyrese Martin,,SG,PG,"6'6""",3PT-Creating Combo Guard,-2.5,,,,,,,,,,,,,D<85 no S7-9 mins,,,,,,,,,,,,,,,,,,,,,,,,,,,,,,,,,,,,,,,,,,,,,,,,,73.0,66.0,54.0,70.0,0.0,,72.0,68.0,76.0,78.0,73.0,80.0,60.0,70.0,70.0,72.0,59.0,70.0,85.0,65.0,80.0,59.0,70.0,40.0,60.0,56.0,60.0,59.0,59.0,69.0,71.0,75.0,77.0,63.0,75.0,63.0,51.0,54.0,66.0,46.0,37.0,60.0,40.0,55.0,53.0,51.0,55.0,80.0,95.0,4,0,0,0,2,2,,,,2.0,,,,,,,,,,,,,,,1.0,,,,,,1.0,,,,,,,,,,,,,,2.0,,,,,,,,,,,,,,,,,,,,,,,,,,,,,,,,,,,,,,,,,,,,,,,,,,,,,,,,,,,,,,,,,,,,,,,,,,,,,
769,Ty Jerome,,PG,SG,"6'5""",Ball-Hawking 3-Level Creator,-2.5,,,,,,,,,,,,,D<85 no S7-9 mins,,,,,,,,,,,,,,,,,,,,,,,,,,,,,,,,,,,,,,,,,,,,,,,,,82.0,56.0,32.0,69.0,50.0,,90.0,98.0,95.0,86.0,87.0,80.0,95.0,67.0,69.0,73.0,46.0,62.0,85.0,68.0,80.0,55.0,88.0,40.0,45.0,38.0,37.0,37.0,77.0,80.0,81.0,84.0,86.0,68.0,84.0,85.0,49.0,32.0,56.0,86.0,27.0,62.0,48.0,35.0,46.0,43.0,48.0,50.0,95.0,9,0,0,0,6,3,,,,2.0,1.0,,2.0,,2.0,,2.0,,,,,,,1.0,,,,,2.0,2.0,1.0,,,,,,,,,,,,,,,,,,,,,,,,,,,,,,,,,,,,,,,,,,,,,,,,,,,,,,,,,,,,,,,,,,,,,,,,,,,,,,,,,,,,,,,,,,,
768,Tristan Vukcevic,,C,PF,"6'10""",Crafty Mid-Paint Scorer,-2.5,,,,,,,,,,,,,D<85 no S7-9 mins,,,,,,,,,,,,,,,,,,,,,,,,,,,,,,,,,,,,,,,,,,,,,,,,,76.0,44.0,59.0,57.0,55.0,,78.0,97.0,78.0,72.0,79.0,70.0,70.0,70.0,57.0,55.0,72.0,65.0,89.0,80.0,80.0,70.0,79.0,70.0,65.0,66.0,67.0,69.0,68.0,78.0,51.0,45.0,51.0,50.0,55.0,56.0,53.0,59.0,44.0,46.0,84.0,57.0,37.0,45.0,60.0,50.0,69.0,70.0,95.0,4,0,0,0,0,4,,,,,,,,,,,,,,,,1.0,,,,,,,,,,,,,,,,,,,,1.0,1.0,,,1.0,,,,,,,,,,,,,,,,,,,,,,,,,,,,,,,,,,,,,,,,,,,,,,,,,,,,,,,,,,,,,,,,,,,,,,,,,,,,
766,Trendon Watford,,PF,PG,"6'8""",Crafty Inside-Out Scorer,-2.5,,,,,,,,,,,,,D<85 no S7-9 mins,,,,,,,,,,,,,,,,,,,,,,,,,,,,,,,,,,,,,,,,,,,,,,,,,77.0,52.0,66.0,63.0,20.0,,77.0,95.0,68.0,76.0,73.0,75.0,75.0,75.0,63.0,63.0,79.0,80.0,85.0,80.0,80.0,72.0,79.0,75.0,75.0,69.0,69.0,69.0,66.0,75.0,64.0,69.0,50.0,57.0,75.0,71.0,50.0,66.0,52.0,36.0,53.0,52.0,50.0,40.0,60.0,51.0,69.0,75.0,95.0,5,0,0,0,3,2,,,,,,1.0,,,,2.0,2.0,,,,,,,,,,,,,,,,,1.0,,,,,,,,,,2.0,,,,,,,,,,,,,,,,,,,,,,,,,,,,,,,,,,,,,,,,,,,,,,,,,,,,,,,,,,,,,,,,,,,,,,,,,,,,,,
763,Thomas Bryant,,C,,"6'10""",Crafty Stretch Five,-2.5,,,,,,,,,,,,,D<85 no S7-9 mins,,,,,,,,,,,,,,,,,,,,,,,,,,,,,,,,,,,,,,,,,,,,,,,,,75.0,40.0,63.0,62.0,80.0,,74.0,96.0,85.0,76.0,85.0,55.0,45.0,72.0,62.0,57.0,80.0,52.0,88.0,95.0,82.0,68.0,70.0,75.0,65.0,73.0,73.0,73.0,37.0,78.0,44.0,40.0,53.0,53.0,42.0,32.0,56.0,63.0,40.0,40.0,76.0,79.0,50.0,45.0,73.0,66.0,80.0,55.0,95.0,8,0,0,1,1,6,,,,,,,,1.0,,1.0,1.0,,1.0,,,1.0,,,,,,,,,,,,,,,,,,,,3.0,1.0,2.0,,,,,,,,,,,,,,,,,,,,,,,,,,,,,,,,,,,,,,,,,,,,,,,,,,,,,,,,,,,,,,,,,,,,,,,,,,,,,,
757,Sandro Mamukelashvili,,C,PF,"6'9""",Crafty Stretch Five,-2.5,,,,,,,,,,,,,D<85 no S7-9 mins,,,,,,,,,,,,,,,,,,,,,,,,,,,,,,,,,,,,,,,,,,,,,,,,,79.0,50.0,65.0,59.0,30.0,,81.0,92.0,70.0,80.0,77.0,85.0,80.0,72.0,59.0,59.0,73.0,69.0,85.0,85.0,80.0,65.0,69.0,65.0,65.0,62.0,60.0,63.0,54.0,85.0,57.0,62.0,59.0,49.0,69.0,46.0,56.0,65.0,50.0,46.0,65.0,68.0,52.0,45.0,65.0,62.0,68.0,95.0,95.0,9,0,0,0,3,6,,,,2.0,,1.0,,,,2.0,1.0,,1.0,,,1.0,,,,,,,,,,,,,,,,,,,,1.0,1.0,2.0,,,,,,,,,,,,,,,,,,,,,,,,,,,,,,,,,,,,,,,,,,,,,,,,,,,,,,,,,,,,,,,,,,,,,,,,,,,,,,
290,Keith Van Horn,,SF,PF,"6'10""",,-2.5,,,,,,,,,,,,,D<85 no S7-9 mins,,349.0,404.0,336.0,,,,,,,,,,,,,,,,,,,,,,,,,,,,,,15.0,,0.83,3.0,1.0,0.0,,3.0,,6.0,0.0,0.0,,9.0,1.3,86.0,75.0,52.0,68.0,25.0,,90.0,84.0,88.0,87.0,86.0,98.0,95.0,72.0,68.0,75.0,44.0,53.0,95.0,95.0,73.0,75.0,82.0,50.0,65.0,72.0,75.0,72.0,85.0,95.0,66.0,74.0,73.0,68.0,74.0,42.0,56.0,52.0,75.0,52.0,50.0,64.0,50.0,50.0,76.0,74.0,78.0,98.0,92.0,3,0,0,2,1,0,,2.0,,3.0,,,,,,,,,,,,,,,,,,,,,,,,,,,,,,,,,,,3.0,,,9.0,12.0,5.0,2.0,1.0,0.0,0.0,0.0,2.0,3.0,1.0,1.0,0.0,0.0,0.0,2.0,0.0,1.3,0.6,0.2,0.1,0.0,0.0,0.0,0.0,0.2,0.0,0.67,0.5,1.0,,15.0,6.0,3.0,0.0,0.0,0.0,0.0,6.0,0.0,,,,,0.83,0.83,0.17,0.42,,,,,,,,,,,,,,,,,,,,,,,,,,,
288,Nikola Vucevic,Magic,C,,"7'0""",,-2.5,,,,,,,,,,,,,D<85 no S7-9 mins,,318.0,287.0,332.0,,,,,,,,,,,,,,,,,,,,,,,,,,,,,,8.3,,0.32,0.0,,11.08,0.75,0.0,0.0,8.3,0.0,0.0,,4.0,3.3,86.0,41.0,71.0,62.0,80.0,,89.0,97.0,81.0,81.0,79.0,98.0,98.0,71.0,62.0,49.0,87.0,45.0,95.0,79.0,77.0,82.0,78.0,85.0,55.0,84.0,77.0,93.0,86.0,94.0,55.0,54.0,35.0,32.0,82.0,70.0,58.0,71.0,41.0,46.0,70.0,74.0,57.0,50.0,85.0,76.0,93.0,55.0,92.0,9,0,0,4,5,0,,,,3.0,,2.0,,,,2.0,,2.0,3.0,,2.0,2.0,,,,,,,,,,,,,,,,,,,,3.0,,3.0,,,,4.0,13.0,3.0,3.0,0.0,0.0,0.0,1.0,0.0,3.0,0.0,0.0,3.0,4.0,1.0,2.0,0.0,3.3,0.8,0.8,0.0,0.0,0.0,0.3,0.2,0.5,0.0,0.0,0.0,,0.75,8.3,8.3,0.0,0.0,0.0,2.8,2.8,5.5,0.0,,,,,0.0,0.32,0.23,0.23,,,,,,,,,,,,,,,,,,,,,,,,,,,
744,Moussa Diabate,,C,PF,"6'9""",Rim-Rocking Putback Pro,-2.5,,,,,,,,,,,,,D<85 no S7-9 mins,,,,,,,,,,,,,,,,,,,,,,,,,,,,,,,,,,,,,,,,,,,,,,,,,80.0,41.0,65.0,73.0,,,71.0,93.0,72.0,67.0,66.0,70.0,60.0,76.0,73.0,73.0,60.0,78.0,80.0,95.0,80.0,67.0,79.0,65.0,80.0,67.0,57.0,67.0,57.0,65.0,48.0,42.0,40.0,66.0,52.0,38.0,56.0,65.0,41.0,42.0,74.0,65.0,50.0,55.0,86.0,93.0,80.0,80.0,95.0,7,0,0,3,4,0,,,,,,2.0,,,,2.0,,,,,,,,,,,,,,,,,,2.0,,,,,,,,3.0,3.0,2.0,,3.0,,,,,,,,,,,,,,,,,,,,,,,,,,,,,,,,,,,,,,,,,,,,,,,,,,,,,,,,,,,,,,,,,,,,,,,,,,,,
702,Georges Niang,,PF,,"6'7""",Crafty Stretch Four,-2.5,,,,,,,,,,,,,D<85 no S7-9 mins,,,,,,,,,,,,,,,,,,,,,,,,,,,,,,,,,,,,,,,,,,,,,,,,,74.0,55.0,60.0,44.0,5.0,,76.0,97.0,79.0,84.0,80.0,70.0,45.0,69.0,44.0,55.0,60.0,72.0,88.0,80.0,84.0,60.0,77.0,25.0,50.0,70.0,71.0,70.0,40.0,74.0,57.0,65.0,67.0,44.0,70.0,37.0,50.0,60.0,55.0,35.0,42.0,62.0,60.0,35.0,51.0,40.0,62.0,70.0,82.0,4,0,0,1,0,3,1.0,,,3.0,,,,,,,1.0,,,,,,,,,,,,,,,,,,,,,,,,,,,1.0,,,,,,,,,,,,,,,,,,,,,,,,,,,,,,,,,,,,,,,,,,,,,,,,,,,,,,,,,,,,,,,,,,,,,,,,,,,,,,
701,Gabe Vincent,,PG,SG,"6'2""",Iso Sniper,-2.5,,,,,,,,,,,,,D<85 no S7-9 mins,,,,,,,,,,,,,,,,,,,,,,,,,,,,,,,,,,,,,,,,,,,,,,,,,72.0,60.0,37.0,73.0,0.0,,72.0,61.0,88.0,78.0,78.0,70.0,60.0,68.0,73.0,73.0,40.0,66.0,85.0,69.0,82.0,45.0,80.0,25.0,45.0,26.0,32.0,26.0,37.0,90.0,69.0,78.0,82.0,70.0,79.0,36.0,47.0,37.0,60.0,38.0,30.0,60.0,57.0,45.0,34.0,35.0,33.0,70.0,95.0,8,0,0,0,4,4,1.0,,,1.0,2.0,,2.0,,,,,,,,,,,,1.0,,,,2.0,1.0,2.0,,,,,,,,,,,,,,,,,,,,,,,,,,,,,,,,,,,,,,,,,,,,,,,,,,,,,,,,,,,,,,,,,,,,,,,,,,,,,,,,,,,,,,,,,,,
699,Duop Reath,,C,,"6'9""",Crafty Stretch Five,-2.5,,,,,,,,,,,,,D<85 no S7-9 mins,,,,,,,,,,,,,,,,,,,,,,,,,,,,,,,,,,,,,,,,,,,,,,,,,73.0,37.0,62.0,59.0,30.0,,78.0,85.0,68.0,83.0,80.0,75.0,75.0,73.0,59.0,52.0,73.0,75.0,83.0,90.0,80.0,61.0,68.0,50.0,60.0,55.0,55.0,55.0,68.0,74.0,43.0,40.0,52.0,46.0,44.0,35.0,53.0,62.0,37.0,41.0,67.0,68.0,50.0,45.0,61.0,69.0,52.0,75.0,82.0,2,0,0,0,2,0,,,,,,,,,,,,,,,,,,,,,,,,,,,,2.0,,,,,,,,,,,,2.0,,,,,,,,,,,,,,,,,,,,,,,,,,,,,,,,,,,,,,,,,,,,,,,,,,,,,,,,,,,,,,,,,,,,,,,,,,,,
507,Taj Gibson,,PF,C,"6'9""",,-2.5,,,,,,,,,,,,,D<85 no S7-9 mins,,,,,,,,,,,,,,,,,,,,,,,,,,,,,,,,,,,,,,,,,,,,,,,,,78.0,49.0,80.0,51.0,75.0,,62.0,78.0,78.0,35.0,68.0,75.0,40.0,70.0,51.0,49.0,80.0,58.0,84.0,85.0,83.0,72.0,65.0,85.0,65.0,84.0,75.0,75.0,49.0,77.0,42.0,33.0,35.0,26.0,54.0,60.0,66.0,80.0,49.0,58.0,68.0,80.0,62.0,65.0,83.0,83.0,82.0,89.0,85.0,3,0,0,1,1,1,,,,,,3.0,,,,,,,,,,,,,,,,,,,,,,,,,,,,,,2.0,,1.0,,,,,,,,,,,,,,,,,,,,,,,,,,,,,,,,,,,,,,,,,,,,,,,,,,,,,,,,,,,,,,,,,,,,,,,,,,,,,,
505,Rudy LaRusso,,PF,C,"6'8""",,-2.5,,,,,,,,,,,,,D<85 no S7-9 mins,,,,,,,,,,,,,,,,,,,,,,,,,,,,,,,,,,,,,,,,,,,,,,,,,82.0,51.0,80.0,61.0,60.0,,73.0,83.0,70.0,44.0,77.0,80.0,85.0,76.0,61.0,51.0,85.0,60.0,88.0,95.0,90.0,69.0,70.0,45.0,55.0,74.0,73.0,74.0,76.0,83.0,62.0,59.0,71.0,60.0,60.0,58.0,69.0,80.0,51.0,65.0,50.0,74.0,80.0,80.0,84.0,83.0,84.0,98.0,92.0,6,0,0,1,3,2,,,,3.0,,1.0,,,,,,,,,,,,,,,,,,,,2.0,,,,,,,1.0,,,2.0,,2.0,,,,,,,,,,,,,,,,,,,,,,,,,,,,,,,,,,,,,,,,,,,,,,,,,,,,,,,,,,,,,,,,,,,,,,,,,,,,,,
504,Luc Longley,,C,PF,"7'2""",,-2.5,,,,,,,,,,,,,D<85 no S7-9 mins,,,,,,,,,,,,,,,,,,,,,,,,,,,,,,,,,,,,,,,,,,,,,,,,,78.0,25.0,82.0,25.0,95.0,,69.0,88.0,61.0,28.0,73.0,84.0,80.0,55.0,25.0,25.0,86.0,27.0,67.0,80.0,75.0,75.0,54.0,80.0,60.0,79.0,76.0,79.0,79.0,95.0,44.0,50.0,27.0,25.0,58.0,61.0,69.0,82.0,25.0,62.0,79.0,80.0,78.0,80.0,81.0,78.0,84.0,85.0,85.0,1,0,0,0,0,1,,,,,,,,,,,,,,,,,,,,,,,,,,,,,,,,,,,,,,1.0,,,,,,,,,,,,,,,,,,,,,,,,,,,,,,,,,,,,,,,,,,,,,,,,,,,,,,,,,,,,,,,,,,,,,,,,,,,,,,
501,John Paxson,,PG,SG,"6'2""",,-2.5,,,,,,,,,,,,,D<85 no S7-9 mins,,,,,,,,,,,,,,,,,,,,,,,,,,,,,,,,,,,,,,,,,,,,,,,,,78.0,79.0,35.0,74.0,0.0,,82.0,72.0,83.0,88.0,82.0,85.0,80.0,76.0,74.0,81.0,58.0,55.0,87.0,91.0,85.0,40.0,60.0,25.0,25.0,25.0,29.0,25.0,54.0,80.0,82.0,87.0,78.0,71.0,88.0,84.0,62.0,35.0,79.0,62.0,27.0,78.0,75.0,75.0,33.0,29.0,36.0,80.0,85.0,2,0,0,2,0,0,,,3.0,3.0,,,,,,,,,,,,,,,,,,,,,,,,,,,,,,,,,,,,,,,,,,,,,,,,,,,,,,,,,,,,,,,,,,,,,,,,,,,,,,,,,,,,,,,,,,,,,,,,,,,,,,,,,,,,,,,,
498,Danny Ainge,,SG,PG,"6'4""",,-2.5,,,,,,,,,,,,,D<85 no S7-9 mins,,,,441.0,,,,,,,,,,,,,,,,,,,,,,,,,,,,,,,,,,,,,,,,,,,,,78.0,64.0,43.0,64.0,15.0,,82.0,75.0,81.0,83.0,90.0,85.0,80.0,73.0,64.0,64.0,47.0,55.0,98.0,98.0,86.0,54.0,75.0,25.0,42.0,48.0,51.0,25.0,77.0,85.0,77.0,82.0,76.0,60.0,88.0,79.0,57.0,43.0,64.0,64.0,30.0,74.0,64.0,60.0,49.0,49.0,49.0,80.0,89.0,2,0,0,2,0,0,,3.0,,,,,,,,,,,,,,,,,,,,,,,,,,,,,,,,,,,,,3.0,,,,,,,,,,,,,,,,,,,,,,,,,,,,,,,,,,,,,,,,,,,,,,,,,,,,,,,,,,,,,,,,,,,,,,,,,,,,,
495,Nickeil Alexander-Walker,,PG,SG,"6'5""",2-Way 3PT-Sniping Layup Artist,-2.5,,,,,,,,,,,,,D<85 no S7-9 mins,,,,306.0,,,,,,,,,,,,,,,,,,,,,,,,,,,,,,7.6,-1.14,0.36,0.5,0.1,1.08,1.0,4.9,6.0,2.4,0.3,0.8,0.0,12.0,11.1,83.0,84.0,52.0,72.0,50.0,,83.0,84.0,75.0,81.0,89.0,85.0,85.0,76.0,72.0,87.0,60.0,70.0,90.0,75.0,80.0,66.0,88.0,40.0,60.0,54.0,58.0,64.0,73.0,88.0,73.0,75.0,81.0,72.0,76.0,63.0,69.0,52.0,84.0,49.0,55.0,82.0,80.0,80.0,42.0,35.0,49.0,95.0,95.0,13,0,0,1,6,6,,,,2.0,1.0,,2.0,,2.0,,2.0,,,,,,,,,,,,2.0,,1.0,2.0,1.0,,1.0,,1.0,1.0,,3.0,,,,,,,,12.0,133.0,28.0,9.0,18.0,1.0,3.0,3.0,11.0,37.0,2.0,20.0,4.0,4.0,1.0,8.0,8.0,11.1,2.3,0.8,1.5,0.1,0.3,0.3,0.1,0.7,0.7,0.3,0.53,0.1,1.0,7.6,2.4,4.9,0.3,0.8,0.8,0.3,2.2,2.2,,,,,0.32,0.36,0.07,0.21,,,,,,,,,,,,,,,,,,,,,,,,,,,
491,Kendrick Perkins,,C,,"6'10""",,-2.5,,,,,,,,,,,,,D<85 no S7-9 mins,,,,,,,,,,,,,,,,,,,,,,,,,,,,,,,,,,,,,,,,,,,,,,,,,76.0,37.0,84.0,49.0,95.0,,59.0,89.0,44.0,25.0,62.0,75.0,60.0,66.0,49.0,32.0,95.0,52.0,73.0,83.0,79.0,68.0,60.0,85.0,45.0,74.0,59.0,72.0,67.0,85.0,40.0,35.0,41.0,35.0,54.0,33.0,68.0,84.0,37.0,57.0,84.0,80.0,66.0,70.0,77.0,74.0,79.0,60.0,85.0,4,0,0,3,0,1,,,,,,,,,,,,,3.0,,,,,,,,,,,,,,,,,,,,,,1.0,3.0,,3.0,,,,,,,,,,,,,,,,,,,,,,,,,,,,,,,,,,,,,,,,,,,,,,,,,,,,,,,,,,,,,,,,,,,,,,,,,,,,,,
489,Keegan Murray,,PF,SF,"6'8""",2-Way Crafty Finisher,-2.5,,,,,,,,,,,,,D<85 no S7-9 mins,,,,,,,,,,,,,,,,,,,,,,,,,,,,,,,,,,,,,,,,,,,,,,,,,79.0,78.0,68.0,76.0,0.0,,76.0,97.0,73.0,76.0,78.0,60.0,75.0,78.0,76.0,79.0,60.0,79.0,85.0,86.0,80.0,69.0,77.0,60.0,80.0,69.0,69.0,69.0,45.0,80.0,61.0,65.0,70.0,73.0,66.0,33.0,69.0,68.0,78.0,43.0,80.0,64.0,75.0,75.0,54.0,47.0,62.0,60.0,95.0,12,0,0,1,6,5,2.0,1.0,,2.0,1.0,,1.0,,,,2.0,,,,,,,2.0,2.0,,,,2.0,,,,,,,,1.0,,,1.0,,,,,3.0,,,,,,,,,,,,,,,,,,,,,,,,,,,,,,,,,,,,,,,,,,,,,,,,,,,,,,,,,,,,,,,,,,,,,,,,,,,,,
488,James Edwards,,C,PF,"7'0""",,-2.5,,,,,,,,,,,,,D<85 no S7-9 mins,,,,,,,,,,,,,,,,,,,,,,,,,,,,,,,,,,,,,,,,,,,,,,,,,66.0,25.0,68.0,54.0,95.0,,56.0,62.0,50.0,25.0,61.0,60.0,75.0,50.0,54.0,25.0,75.0,25.0,60.0,37.0,75.0,61.0,44.0,65.0,40.0,50.0,75.0,65.0,67.0,84.0,33.0,33.0,34.0,37.0,31.0,31.0,57.0,68.0,25.0,35.0,62.0,62.0,70.0,75.0,54.0,57.0,51.0,70.0,89.0,0,0,0,0,0,0,,,,,,,,,,,,,,,,,,,,,,,,,,,,,,,,,,,,,,,,,,,,,,,,,,,,,,,,,,,,,,,,,,,,,,,,,,,,,,,,,,,,,,,,,,,,,,,,,,,,,,,,,,,,,,,,,,,,
486,Alton Lister,,C,PF,"7'0""",,-2.5,,,,,,,,,,,,,D<85 no S7-9 mins,,,,,,,,,,,,,,,,,,,,,,,,,,,,,,,,,,,,,,,,,,,,,,,,,79.0,30.0,84.0,26.0,99.0,,60.0,79.0,35.0,26.0,58.0,98.0,65.0,59.0,26.0,30.0,70.0,52.0,75.0,68.0,90.0,69.0,74.0,90.0,75.0,69.0,38.0,69.0,79.0,58.0,36.0,45.0,34.0,25.0,40.0,35.0,69.0,84.0,30.0,58.0,83.0,80.0,65.0,85.0,85.0,84.0,86.0,90.0,89.0,5,0,0,4,0,1,,,,,,3.0,,,,,,,,,,3.0,,,,,,,,,,,,,,,,,,,1.0,3.0,,3.0,,,,,,,,,,,,,,,,,,,,,,,,,,,,,,,,,,,,,,,,,,,,,,,,,,,,,,,,,,,,,,,,,,,,,,,,,,,,,,
484,Udonis Haslem,,PF,C,"6'8""",,-2.5,,,,,,,,,,,,,D<85 no S7-9 mins,,,,,,,,,,,,,,,,,,,,,,,,,,,,,,,,,,,,,,,,,,,,,,,,,84.0,29.0,84.0,54.0,75.0,,74.0,84.0,88.0,25.0,79.0,88.0,80.0,68.0,54.0,29.0,84.0,57.0,81.0,96.0,76.0,78.0,70.0,80.0,64.0,80.0,88.0,85.0,74.0,85.0,42.0,32.0,40.0,28.0,80.0,31.0,62.0,84.0,29.0,58.0,37.0,85.0,63.0,80.0,88.0,88.0,88.0,83.0,89.0,8,0,0,8,0,0,,,,3.0,,3.0,,,,,3.0,,3.0,,,3.0,,,,,,,,,,,,,,,,,,,,3.0,3.0,3.0,,,,,,,,,,,,,,,,,,,,,,,,,,,,,,,,,,,,,,,,,,,,,,,,,,,,,,,,,,,,,,,,,,,,,,,,,,,,,,
440,Zach Edey,,C,,"7'4""",Glass Guardian Crafty Finisher,-2.5,,,,,,,,,,,,,D<85 no S7-9 mins,,362.0,303.0,303.0,,,,,,,,,,,,,,,,,,,,,,,,,,,,,,7.4,,0.79,0.0,,1.06,1.0,1.1,,9.5,2.1,2.1,0.0,9.0,3.8,82.0,37.0,79.0,46.0,95.0,,80.0,98.0,78.0,76.0,78.0,80.0,70.0,65.0,46.0,31.0,84.0,66.0,79.0,85.0,80.0,73.0,60.0,80.0,70.0,82.0,65.0,82.0,50.0,95.0,44.0,58.0,39.0,30.0,63.0,32.0,67.0,79.0,37.0,38.0,94.0,79.0,67.0,75.0,92.0,92.0,91.0,65.0,95.0,9,0,0,2,4,3,,,,,,,,2.0,,2.0,,,2.0,,1.0,2.0,,,,,,,,,,,,,,,,,1.0,,,3.0,1.0,3.0,,,,9.0,34.0,7.0,9.0,1.0,2.0,2.0,0.0,3.0,4.0,0.0,0.0,1.0,1.0,0.0,9.0,2.0,3.8,0.8,1.0,0.1,0.2,0.2,0.0,0.0,1.0,0.2,0.75,0.75,,1.0,7.4,9.5,1.1,2.1,2.1,0.0,0.0,9.5,2.1,,,,,0.75,0.79,0.26,0.21,,,,,,,,,,,,,,,,,,,,,,,,,,,
438,Dereck Lively II,,C,,"7'1""",2-Way Versatile Paint Finisher,-2.5,,,,,,,,,,,,,D<85 no S7-9 mins,,386.0,338.0,408.0,,,,,,,,,,,,,,,,,,,,,,,,,,,,,,12.6,,0.82,0.0,,0.97,0.0,1.9,4.0,12.2,2.4,1.5,0.0,8.0,9.3,79.0,57.0,83.0,50.0,99.0,,67.0,97.0,60.0,52.0,64.0,80.0,50.0,70.0,50.0,57.0,70.0,67.0,80.0,95.0,80.0,69.0,82.0,85.0,83.0,59.0,54.0,59.0,40.0,90.0,58.0,69.0,52.0,40.0,68.0,61.0,69.0,83.0,57.0,38.0,90.0,80.0,54.0,80.0,79.0,78.0,80.0,50.0,95.0,12,0,0,4,4,4,,,,,,3.0,,,,1.0,2.0,,1.0,2.0,,3.0,,,,,,,,,,,,3.0,,,,,,,1.0,3.0,2.0,1.0,,2.0,,8.0,74.0,26.0,25.0,4.0,5.0,3.0,1.0,13.0,15.0,0.0,0.0,0.0,2.0,10.0,15.0,3.0,9.3,3.3,3.1,0.5,0.6,0.4,0.1,1.2,1.9,0.4,0.87,0.87,,0.0,12.6,12.2,1.9,2.4,1.5,0.5,4.9,7.3,1.5,,,,,0.87,0.82,0.34,0.35,,,,,,,,,,,,,,,,,,,,,,,,,,,
437,Juwan Howard,,PF,,"6'9""",,-2.5,,,,,,,,,,,,,D<85 no S7-9 mins,,311.0,260.0,,,,,,,,,,,,,,,,,,,,,,,,,,,,,,,,,,,,,,,,,,,,,,75.0,44.0,70.0,30.0,80.0,,70.0,80.0,81.0,40.0,78.0,90.0,50.0,60.0,30.0,34.0,75.0,68.0,70.0,70.0,75.0,68.0,70.0,60.0,60.0,70.0,70.0,70.0,50.0,90.0,53.0,69.0,56.0,27.0,69.0,42.0,57.0,70.0,44.0,48.0,59.0,58.0,59.0,60.0,61.0,60.0,62.0,70.0,89.0,0,0,0,0,0,0,,,,,,,,,,,,,,,,,,,,,,,,,,,,,,,,,,,,,,,,,,,,,,,,,,,,,,,,,,,,,,,,,,,,,,,,,,,,,,,,,,,,,,,,,,,,,,,,,,,,,,,,,,,,,,,,,,,,
434,Derrick Jones Jr.,,PF,C,"6'6""",2-Way 3-Level Scorer,-2.5,,,,,,,,,,,,,D<85 no S7-9 mins,,,,386.0,,,,,,,,,,,,,,,,,,,,,,,,,,,,,,,,,,,,,,,,,,,,,79.0,82.0,67.0,77.0,55.0,,76.0,97.0,82.0,82.0,76.0,60.0,60.0,79.0,77.0,82.0,59.0,93.0,83.0,80.0,78.0,69.0,79.0,85.0,94.0,50.0,52.0,52.0,52.0,90.0,56.0,65.0,68.0,61.0,54.0,33.0,73.0,67.0,82.0,43.0,78.0,81.0,80.0,80.0,44.0,45.0,44.0,60.0,95.0,9,0,0,3,3,3,,,,,,2.0,,,,,1.0,,,3.0,,,,,,,,,,,,2.0,,,,1.0,3.0,2.0,,,,,,,1.0,3.0,,,,,,,,,,,,,,,,,,,,,,,,,,,,,,,,,,,,,,,,,,,,,,,,,,,,,,,,,,,,,,,,,,,,,,,,,,,,
468,Deandre Ayton,,C,,"7'0""",Mid-Paint Rising Cleaner,-2.5,,,,,,,,,,,,,D<85 no S7-9 mins,,240.0,270.0,374.0,,,,,,,,,,,,,,,,,,,,,,,,,,,,,,8.2,-1.05,0.55,0.0,,0.37,0.5,1.1,3.0,11.0,0.2,0.2,0.0,16.0,12.3,80.0,49.0,76.0,75.0,75.0,,73.0,97.0,90.0,63.0,66.0,60.0,60.0,72.0,75.0,65.0,85.0,82.0,75.0,50.0,81.0,78.0,79.0,90.0,75.0,82.0,78.0,82.0,58.0,82.0,54.0,53.0,61.0,55.0,70.0,29.0,63.0,76.0,49.0,38.0,70.0,75.0,64.0,70.0,79.0,73.0,85.0,50.0,95.0,10,0,0,0,6,4,,,,,,2.0,,2.0,,1.0,,1.0,2.0,,1.0,2.0,,,,,,,,,,,,,,,,,,,,2.0,1.0,2.0,,,,16.0,197.0,45.0,60.0,6.0,1.0,1.0,2.0,22.0,40.0,0.0,0.0,1.0,2.0,14.0,46.0,11.0,12.3,2.8,3.8,0.4,0.1,0.1,0.1,0.9,2.9,0.7,0.55,0.55,,0.5,8.2,11.0,1.1,0.2,0.2,0.4,2.6,8.4,2.0,,,,,0.55,0.55,0.3,0.23,,,,,,,,,,,,,,,,,,,,,,,,,,,
521,Tyrone Hill,,PF,,"6'9""",,-2.5,,,,,,,,,,,,,D<85 no S7-9 mins,,,,,,,,,,,,,,,,,,,,,,,,,,,,,,,,,,,,,,,,,,,,,,,,,76.0,42.0,84.0,45.0,75.0,,62.0,64.0,57.0,25.0,63.0,98.0,65.0,66.0,45.0,42.0,80.0,49.0,82.0,85.0,77.0,64.0,51.0,85.0,58.0,68.0,50.0,66.0,70.0,66.0,42.0,80.0,48.0,25.0,31.0,28.0,64.0,84.0,42.0,56.0,45.0,75.0,80.0,65.0,78.0,78.0,78.0,98.0,85.0,3,0,0,1,0,2,,,,,,1.0,,,,,,,,,,,,,,,,,,,,,,,,,,,,,,3.0,,1.0,,,,,,,,,,,,,,,,,,,,,,,,,,,,,,,,,,,,,,,,,,,,,,,,,,,,,,,,,,,,,,,,,,,,,,,,,,,,,,
518,Rick Fox,,SF,SG,"6'7""",,-2.5,,,,,,,,,,,,,D<85 no S7-9 mins,,,,,,,,,,,,,,,,,,,,,,,,,,,,,,,,,,0.0,,0.0,0.0,0.0,0.0,,2.4,,0.0,0.0,0.0,0.0,1.0,15.0,80.0,83.0,62.0,72.0,25.0,,75.0,75.0,77.0,73.0,77.0,95.0,50.0,79.0,72.0,90.0,68.0,75.0,85.0,85.0,81.0,66.0,76.0,55.0,75.0,56.0,55.0,59.0,80.0,70.0,68.0,70.0,75.0,63.0,68.0,65.0,68.0,62.0,83.0,62.0,47.0,74.0,75.0,75.0,50.0,45.0,54.0,75.0,89.0,6,0,0,3,3,0,,,,,,,,,,,,,,,,,,,,,,,,,,,2.0,,3.0,2.0,3.0,2.0,,3.0,,,,,,,,1.0,15.0,0.0,0.0,1.0,0.0,0.0,0.0,0.0,3.0,0.0,2.0,0.0,0.0,0.0,0.0,2.0,15.0,0.0,0.0,1.0,0.0,0.0,0.0,0.0,0.0,2.0,0.0,0.0,0.0,,0.0,0.0,2.4,0.0,0.0,0.0,0.0,0.0,4.8,,,,,0.0,0.0,0.0,0.0,,,,,,,,,,,,,,,,,,,,,,,,,,,
516,Precious Achiuwa,,PF,C,"6'8""",2-Way Rim-Wrecking Crasher,-2.5,,,,,,,,,,,,,D<85 no S7-9 mins,,,,,,,,,,,,,,,,,,,,,,,,,,,,,,,,,,,,,,,,,,,,,,,,,77.0,56.0,79.0,75.0,80.0,,64.0,91.0,60.0,75.0,53.0,60.0,45.0,80.0,75.0,74.0,78.0,79.0,84.0,90.0,76.0,64.0,79.0,85.0,80.0,57.0,44.0,42.0,50.0,75.0,47.0,36.0,49.0,66.0,50.0,35.0,70.0,79.0,56.0,63.0,65.0,79.0,70.0,75.0,75.0,74.0,76.0,,95.0,8,0,0,2,2,4,,,,,,1.0,,,,1.0,2.0,,,,,,,,,,,,,,,,,2.0,,,,,,,,1.0,3.0,1.0,,3.0,,,,,,,,,,,,,,,,,,,,,,,,,,,,,,,,,,,,,,,,,,,,,,,,,,,,,,,,,,,,,,,,,,,,,,,,,,,,
514,Tristan Thompson,,C,,"6'10""",,-2.5,,,,,,,,,,,,,D<85 no S7-9 mins,,,,,,,,,,,,,,,,,,,,,,,,,,,,,,,,,,,,,,,,,,,,,,,,,78.0,56.0,79.0,64.0,95.0,,59.0,94.0,66.0,25.0,62.0,66.0,40.0,78.0,64.0,56.0,74.0,74.0,90.0,98.0,90.0,68.0,68.0,85.0,75.0,62.0,52.0,64.0,60.0,80.0,41.0,31.0,39.0,25.0,70.0,42.0,60.0,79.0,56.0,41.0,51.0,79.0,58.0,55.0,92.0,97.0,87.0,60.0,89.0,5,0,0,4,1,0,,,,,,3.0,,,,,,,,,,3.0,,,,,,,,,,,,,,,,,,,,3.0,3.0,2.0,,,,,,,,,,,,,,,,,,,,,,,,,,,,,,,,,,,,,,,,,,,,,,,,,,,,,,,,,,,,,,,,,,,,,,,,,,,,,,
513,Mychal Thompson,,C,PF,"6'10""",,-2.5,,,,,,,,,,,,,D<85 no S7-9 mins,,,,,,,,,,,,,,,,,,,,,,,,,,,,,,,,,,,,,,,,,,,,,,,,,79.0,45.0,79.0,49.0,90.0,,69.0,82.0,74.0,30.0,74.0,75.0,80.0,55.0,49.0,25.0,64.0,30.0,75.0,60.0,82.0,73.0,74.0,80.0,40.0,84.0,82.0,82.0,74.0,69.0,38.0,45.0,27.0,39.0,45.0,36.0,67.0,79.0,45.0,58.0,61.0,78.0,70.0,80.0,83.0,84.0,82.0,80.0,89.0,6,0,0,5,1,0,,,,,,3.0,,,,,,,,,,3.0,,,,,,,,,,2.0,,,,,,,,,,3.0,,3.0,,3.0,,,,,,,,,,,,,,,,,,,,,,,,,,,,,,,,,,,,,,,,,,,,,,,,,,,,,,,,,,,,,,,,,,,,,,,,,,,,
511,Onyeka Okongwu,,C,,"6'10""",3-Level Scorer,-2.5,,,,,,,,,,,,,D<85 no S7-9 mins,,,,326.0,,,,,,,,,,,,,,,,,,,,,,,,,,,,,,,,,,,,,,,,,,,,,82.0,64.0,79.0,74.0,95.0,,83.0,92.0,88.0,82.0,78.0,80.0,80.0,79.0,74.0,74.0,70.0,75.0,88.0,95.0,83.0,72.0,86.0,85.0,85.0,54.0,55.0,57.0,75.0,80.0,55.0,51.0,54.0,60.0,50.0,59.0,68.0,79.0,64.0,49.0,68.0,83.0,65.0,65.0,67.0,56.0,78.0,85.0,95.0,11,0,0,2,4,5,,,,,,2.0,,,,1.0,2.0,,,1.0,,1.0,,,,,,,,,,,,3.0,,,,,,,1.0,1.0,3.0,2.0,,2.0,,,,,,,,,,,,,,,,,,,,,,,,,,,,,,,,,,,,,,,,,,,,,,,,,,,,,,,,,,,,,,,,,,,,,,,,,,,,
510,Dario Saric,,PF,C,"6'10""",2-Way Post-Scoring Dimer,-2.5,,,,,,,,,,,,,D<85 no S7-9 mins,,,,,,,,,,,,,,,,,,,,,,,,,,,,,,,,,,,,,,,,,,,,,,,,,74.0,66.0,80.0,63.0,20.0,,68.0,82.0,71.0,70.0,83.0,50.0,50.0,72.0,63.0,69.0,65.0,60.0,82.0,86.0,81.0,72.0,74.0,45.0,70.0,81.0,79.0,81.0,50.0,92.0,65.0,75.0,69.0,57.0,84.0,38.0,63.0,80.0,66.0,63.0,25.0,80.0,55.0,75.0,69.0,62.0,76.0,40.0,85.0,3,0,0,0,1,2,,,,,,,,,,2.0,1.0,,,,1.0,,,,,,,,,,,,,,,,,,,,,,,,,,,,,,,,,,,,,,,,,,,,,,,,,,,,,,,,,,,,,,,,,,,,,,,,,,,,,,,,,,,,,,,,,,,,,,,,,,,,,
509,Caldwell Jones,,C,,"6'11""",,-2.5,,,,,,,,,,,,,D<85 no S7-9 mins,,,,,,,,,,,,,,,,,,,,,,,,,,,,,,,,,,,,,,,,,,,,,,,,,77.0,57.0,80.0,55.0,85.0,,66.0,73.0,69.0,50.0,83.0,46.0,75.0,69.0,55.0,40.0,80.0,70.0,78.0,85.0,75.0,70.0,68.0,80.0,75.0,68.0,68.0,68.0,48.0,82.0,35.0,32.0,33.0,38.0,40.0,34.0,71.0,80.0,57.0,35.0,84.0,81.0,80.0,80.0,79.0,78.0,80.0,90.0,85.0,3,0,0,0,2,1,,,,,,,,,,,,,,,,,,,,,,,,,,,,2.0,,,,,1.0,,2.0,,,,,,,,,,,,,,,,,,,,,,,,,,,,,,,,,,,,,,,,,,,,,,,,,,,,,,,,,,,,,,,,,,,,,,,,,,,,,,,,,
756,Sam Merrill,,SG,PG,"6'4""",3PT-Creating Combo Guard,-2.5,,,,,,,,,,,,,D<85 no S7-9 mins,,,,,,,,,,,,,,,,,,,,,,,,,,,,,,,,,,,,,,,,,,,,,,,,,79.0,68.0,42.0,62.0,0.0,,85.0,81.0,65.0,92.0,85.0,95.0,90.0,64.0,62.0,68.0,52.0,60.0,80.0,60.0,79.0,50.0,64.0,30.0,45.0,30.0,44.0,48.0,55.0,80.0,67.0,74.0,76.0,60.0,79.0,44.0,52.0,42.0,68.0,37.0,37.0,62.0,62.0,55.0,40.0,38.0,42.0,95.0,95.0,5,0,0,3,0,2,3.0,1.0,1.0,3.0,,,,,,,,,,,,,,,,,,,,,,,,,,,,,,,,,,,3.0,,,,,,,,,,,,,,,,,,,,,,,,,,,,,,,,,,,,,,,,,,,,,,,,,,,,,,,,,,,,,,,,,,,,,,,,,,,,,
750,Quinten Post,,C,,"7'0""",Crafty Stretch Five,-2.5,,,,,,,,,,,,,D<85 no S7-9 mins,,,,,,,,,,,,,,,,,,,,,,,,,,,,,,,,,,,,,,,,,,,,,,,,,76.0,33.0,62.0,47.0,95.0,,80.0,95.0,79.0,77.0,80.0,80.0,70.0,57.0,47.0,33.0,70.0,40.0,80.0,70.0,80.0,67.0,69.0,75.0,65.0,67.0,62.0,65.0,52.0,80.0,47.0,59.0,43.0,32.0,60.0,43.0,51.0,62.0,33.0,40.0,66.0,60.0,45.0,50.0,66.0,56.0,75.0,70.0,95.0,9,0,0,1,2,6,,,,3.0,,,,,,1.0,,1.0,,,1.0,1.0,,1.0,,,,,,,,,,,,,,,,,,2.0,1.0,2.0,,,,,,,,,,,,,,,,,,,,,,,,,,,,,,,,,,,,,,,,,,,,,,,,,,,,,,,,,,,,,,,,,,,,,,,,,,,,,,
745,Neemias Queta,,C,,"7'0""",Shot-Erasing Putback Pro,-2.5,,,,,,,,,,,,,D<85 no S7-9 mins,,,,428.0,,,,,,,,,,,,,,,,,,,,,,,,,,,,,,0.0,,,0.0,,0.0,,0.0,,0.0,0.0,0.0,,1.0,1.0,80.0,45.0,76.0,59.0,99.0,,73.0,98.0,69.0,50.0,69.0,75.0,75.0,73.0,59.0,59.0,79.0,65.0,80.0,95.0,80.0,67.0,75.0,75.0,70.0,62.0,60.0,62.0,50.0,85.0,44.0,52.0,38.0,30.0,62.0,36.0,63.0,76.0,45.0,53.0,86.0,70.0,48.0,65.0,85.0,88.0,82.0,75.0,95.0,7,0,0,0,4,3,,,,,,1.0,,,,,,,,,,1.0,,,,,,,,,,,,2.0,,,,,,,,1.0,2.0,2.0,,2.0,,1.0,1.0,0.0,0.0,0.0,0.0,0.0,0.0,0.0,0.0,0.0,0.0,0.0,0.0,0.0,0.0,0.0,1.0,0.0,0.0,0.0,0.0,0.0,0.0,0.0,0.0,0.0,,,,,0.0,0.0,0.0,0.0,0.0,0.0,0.0,0.0,0.0,,,,,,,0.0,0.0,,,,,,,,,,,,,,,,,,,,,,,,,,,
454,Jakob Poeltl,,C,,"7'0""",2-Way Mid-Post Crasher,-2.5,,,,,,,,,,,,,D<85 no S7-9 mins,,332.0,313.0,,,,,,,,,,,,,,,,,,,,,,,,,,,,,,,,,,,,,,,,,,,,,,80.0,45.0,81.0,51.0,99.0,,70.0,95.0,79.0,45.0,64.0,75.0,60.0,64.0,51.0,37.0,80.0,57.0,80.0,80.0,80.0,75.0,73.0,75.0,60.0,84.0,79.0,84.0,60.0,85.0,49.0,69.0,38.0,31.0,62.0,43.0,66.0,81.0,45.0,49.0,62.0,79.0,67.0,80.0,80.0,79.0,80.0,75.0,95.0,11,0,0,0,4,7,,,,,,,,2.0,,1.0,,1.0,1.0,,1.0,,,,,,,,,,,,,,,2.0,,,,,1.0,2.0,2.0,1.0,,1.0,,,,,,,,,,,,,,,,,,,,,,,,,,,,,,,,,,,,,,,,,,,,,,,,,,,,,,,,,,,,,,,,,,,,,,,,,,,,
649,Luke Kennard,,SG,SF,"6'5""",Crafty Sharpshooter,-2.5,,,,,,,,,,,,,D<85 no S7-9 mins,,,,405.0,,,,,,,,,,,,,,,,,,,,,,,,,,,,,,36.0,,1.5,12.0,1.0,0.0,,0.0,,0.0,0.0,0.0,,1.0,3.0,77.0,51.0,35.0,69.0,0.0,,82.0,98.0,97.0,93.0,91.0,65.0,50.0,66.0,69.0,68.0,40.0,60.0,92.0,70.0,80.0,48.0,70.0,30.0,60.0,28.0,35.0,32.0,49.0,80.0,68.0,74.0,75.0,66.0,74.0,51.0,44.0,35.0,51.0,46.0,37.0,50.0,50.0,40.0,42.0,35.0,48.0,70.0,95.0,5,0,0,2,3,0,2.0,2.0,,3.0,2.0,,,,,,,,,,,,,,,,,,,,,,,,,,,,,,,,,,3.0,,,1.0,3.0,3.0,0.0,0.0,0.0,0.0,0.0,1.0,1.0,1.0,1.0,0.0,0.0,0.0,0.0,0.0,3.0,3.0,0.0,0.0,0.0,0.0,0.0,0.0,0.0,0.0,1.0,,1.0,,36.0,0.0,0.0,0.0,0.0,0.0,0.0,0.0,0.0,,,,,1.5,1.5,0.0,1.0,,,,,,,,,,,,,,,,,,,,,,,,,,,
645,Ayo Dosunmu,,SF,PG,"6'5""",Crafty Iso Savant,-2.5,,,,,,,,,,,,,D<85 no S7-9 mins,,,,,,,,,,,,,,,,,,,,,,,,,,,,,,,,,,,,,,,,,,,,,,,,,79.0,69.0,38.0,76.0,15.0,,82.0,85.0,87.0,87.0,86.0,75.0,75.0,74.0,76.0,78.0,52.0,75.0,85.0,75.0,80.0,57.0,87.0,25.0,75.0,35.0,50.0,42.0,59.0,80.0,74.0,72.0,79.0,73.0,79.0,69.0,57.0,38.0,69.0,42.0,45.0,68.0,69.0,65.0,42.0,38.0,47.0,70.0,95.0,5,0,0,0,1,4,1.0,,,,1.0,,1.0,,,,,,,,,,,,1.0,,,,2.0,,,,,,,,,,,,,,,,,,,,,,,,,,,,,,,,,,,,,,,,,,,,,,,,,,,,,,,,,,,,,,,,,,,,,,,,,,,,,,,,,,,,,,,,,,,,,
641,Hubert Davis,,SG,SF,"6'5""",,-2.5,,,,,,,,,,,,,D<85 no S7-9 mins,,,,,,,,,,,,,,,,,,,,,,,,,,,,,,,,,,,,,,,,,,,,,,,,,77.0,64.0,40.0,65.0,0.0,,84.0,81.0,85.0,93.0,80.0,80.0,85.0,70.0,65.0,67.0,52.0,69.0,83.0,80.0,77.0,50.0,65.0,44.0,59.0,25.0,51.0,25.0,58.0,70.0,67.0,69.0,69.0,60.0,75.0,60.0,55.0,40.0,64.0,58.0,37.0,62.0,58.0,65.0,37.0,36.0,38.0,60.0,85.0,5,0,0,2,2,1,1.0,3.0,,2.0,2.0,,,,,,,,,,,,,,,,,,,,,,,,,,,,,,,,,,3.0,,,,,,,,,,,,,,,,,,,,,,,,,,,,,,,,,,,,,,,,,,,,,,,,,,,,,,,,,,,,,,,,,,,,,,,,,,,,,
640,Craig Ehlo,,SG,SF,"6'6""",,-2.5,,,,,,,,,,,,,D<85 no S7-9 mins,,,,,,,,,,,,,,,,,,,,,,,,,,,,,,,,,,,,,,,,,,,,,,,,,79.0,78.0,40.0,69.0,30.0,,81.0,75.0,82.0,86.0,68.0,98.0,75.0,74.0,69.0,78.0,46.0,73.0,93.0,79.0,81.0,52.0,79.0,25.0,51.0,25.0,55.0,36.0,76.0,72.0,71.0,69.0,74.0,69.0,75.0,69.0,66.0,40.0,78.0,74.0,37.0,78.0,77.0,75.0,53.0,52.0,53.0,98.0,89.0,1,0,0,0,1,0,,2.0,,,,,,,,,,,,,,,,,,,,,,,,,,,,,,,,,,,,,,,,,,,,,,,,,,,,,,,,,,,,,,,,,,,,,,,,,,,,,,,,,,,,,,,,,,,,,,,,,,,,,,,,,,,,,,,,,,
638,Steve Novak,,PF,SF,"6'10""",,-2.5,,,,,,,,,,,,,D<85 no S7-9 mins,,,,,,,,,,,,,,,,,,,,,,,,,,,,,,,,,,,,,,,,,,,,,,,,,76.0,39.0,42.0,45.0,0.0,,87.0,65.0,88.0,94.0,85.0,98.0,90.0,70.0,45.0,39.0,69.0,55.0,98.0,98.0,87.0,50.0,48.0,25.0,38.0,45.0,62.0,56.0,29.0,98.0,40.0,53.0,45.0,25.0,53.0,25.0,41.0,42.0,39.0,25.0,25.0,54.0,55.0,45.0,40.0,25.0,55.0,98.0,85.0,3,0,0,2,1,0,,3.0,,,2.0,,,,,,,,,,,,,,,,,,,,,,,,,,,,,,,,,,3.0,,,,,,,,,,,,,,,,,,,,,,,,,,,,,,,,,,,,,,,,,,,,,,,,,,,,,,,,,,,,,,,,,,,,,,,,,,,,,
637,Isaiah Joe,,SG,PG,"6'3""",Crafty Sharpshooter,-2.5,,,,,,,,,,,,,D<85 no S7-9 mins,,,,,,,,,,,,,,,,,,,,,,,,,,,,,,,,,,,,,,,,,,,,,,,,,81.0,69.0,42.0,72.0,0.0,,91.0,94.0,93.0,88.0,89.0,90.0,90.0,72.0,72.0,77.0,47.0,79.0,80.0,75.0,87.0,58.0,87.0,40.0,60.0,35.0,38.0,30.0,85.0,85.0,62.0,67.0,74.0,63.0,69.0,38.0,53.0,42.0,69.0,49.0,45.0,61.0,52.0,55.0,44.0,38.0,50.0,50.0,95.0,6,0,0,1,4,1,2.0,1.0,2.0,3.0,2.0,,2.0,,,,,,,,,,,,,,,,,,,,,,,,,,,,,,,,,,,,,,,,,,,,,,,,,,,,,,,,,,,,,,,,,,,,,,,,,,,,,,,,,,,,,,,,,,,,,,,,,,,,,,,,,,,,,
627,Max Strus,,SF,SG,"6'5""",Shot-Creating Point Forward,-2.5,,,,,,,,,,,,,D<85 no S7-9 mins,,,,,,,,,,,,,,,,,,,,,,,,,,,,,,,,,,,,,,,,,,,,,,,,,77.0,66.0,45.0,76.0,0.0,,77.0,86.0,85.0,83.0,88.0,70.0,50.0,72.0,76.0,76.0,40.0,74.0,95.0,70.0,85.0,55.0,74.0,35.0,65.0,48.0,47.0,47.0,42.0,85.0,69.0,72.0,69.0,74.0,70.0,61.0,51.0,45.0,66.0,37.0,42.0,60.0,57.0,50.0,54.0,49.0,59.0,50.0,95.0,5,0,0,1,4,0,2.0,2.0,,3.0,2.0,,,,,,,,,,,,,,,,,,,,,,,,,,,,,,,,,,2.0,,,,,,,,,,,,,,,,,,,,,,,,,,,,,,,,,,,,,,,,,,,,,,,,,,,,,,,,,,,,,,,,,,,,,,,,,,,,,
453,Donovan Clingan,,C,,"7'2""",Crafty Mashing Glass Guardian,-2.5,,,,,,,,,,,,,D<85 no S7-9 mins,,,,300.0,,,,,,,,,,,,,,,,,,,,,,,,,,,,,,9.9,-0.79,0.85,0.0,,0.51,0.5,0.8,1.0,14.7,0.3,1.3,,26.0,5.5,84.0,49.0,82.0,44.0,99.0,,81.0,98.0,78.0,77.0,66.0,85.0,80.0,64.0,44.0,45.0,78.0,60.0,82.0,75.0,80.0,71.0,69.0,85.0,75.0,72.0,54.0,69.0,69.0,75.0,49.0,55.0,46.0,38.0,62.0,43.0,68.0,82.0,49.0,36.0,89.0,82.0,58.0,80.0,92.0,94.0,89.0,95.0,95.0,9,0,0,2,5,2,,,,,,,,,,2.0,,,1.0,,,2.0,,,,,,,,,,,,2.0,,,,,3.0,,1.0,3.0,2.0,2.0,,,,26.0,142.0,39.0,58.0,3.0,1.0,5.0,3.0,19.0,22.0,0.0,0.0,1.0,2.0,14.0,44.0,9.0,5.5,1.5,2.2,0.1,0.0,0.2,0.1,0.5,1.7,0.3,0.86,0.86,,0.5,9.9,14.7,0.8,0.3,1.3,0.8,3.5,11.2,2.3,,,,,0.86,0.85,0.41,0.27,,,,,,,,,,,,,,,,,,,,,,,,,,,
452,Devin Vassell,,SF,SG,"6'5""",Point-Fading Wizard,-2.5,,,,,,,,,,,,,D<85 no S7-9 mins,,,,361.0,,,,,,,,,,,,,,,,,,,,,,,,,,,,,,9.8,,0.39,0.9,0.18,0.94,0.5,2.8,6.0,1.9,0.5,0.0,,9.0,8.6,82.0,80.0,62.0,72.0,20.0,,78.0,80.0,97.0,84.0,82.0,50.0,75.0,77.0,72.0,80.0,60.0,77.0,89.0,85.0,82.0,61.0,82.0,40.0,60.0,51.0,65.0,65.0,44.0,80.0,69.0,76.0,82.0,65.0,79.0,42.0,69.0,62.0,80.0,41.0,51.0,81.0,85.0,80.0,44.0,35.0,53.0,60.0,95.0,10,0,0,2,6,2,3.0,,,2.0,3.0,,2.0,,1.0,,,,,,,,,,,,,,,,,1.0,,,,,2.0,,,2.0,,,,,2.0,2.0,,9.0,77.0,21.0,4.0,6.0,1.0,0.0,1.0,9.0,26.0,2.0,11.0,1.0,2.0,0.0,4.0,3.0,8.6,2.3,0.4,0.7,0.1,0.0,0.1,0.0,0.4,0.3,0.35,0.47,0.18,0.5,9.8,1.9,2.8,0.5,0.0,0.5,0.0,1.9,1.4,,,,,0.38,0.39,0.05,0.27,,,,,,,,,,,,,,,,,,,,,,,,,,,
451,De'Andre Hunter,,SF,PF,"6'8""",Crafty 2-Way Middy Scorer,-2.5,,,,,,,,,,,,,D<85 no S7-9 mins,,,297.0,,,,,,,,,,,,,,,,,,,,,,,,,,,,,,,,,,,,,,,,,,,,,,79.0,82.0,63.0,76.0,20.0,,79.0,94.0,92.0,73.0,87.0,60.0,70.0,78.0,76.0,83.0,65.0,75.0,88.0,80.0,80.0,64.0,79.0,65.0,70.0,51.0,52.0,51.0,60.0,85.0,62.0,67.0,70.0,69.0,64.0,42.0,63.0,63.0,82.0,38.0,37.0,80.0,60.0,80.0,50.0,38.0,63.0,60.0,95.0,9,0,0,0,3,6,,,,1.0,2.0,,,,,,2.0,,,,,,,,,,,,1.0,,,1.0,,,,,2.0,1.0,,1.0,,,,,,1.0,,,,,,,,,,,,,,,,,,,,,,,,,,,,,,,,,,,,,,,,,,,,,,,,,,,,,,,,,,,,,,,,,,,,,,,,,,,,
449,Christian Laettner,,PF,C,"6'11""",,-2.5,,,,,,,,,,,,,D<85 no S7-9 mins,,414.0,,,,,,,,,,,,,,,,,,,,,,,,,,,,,,,,9.0,,1.0,0.0,,0.0,,1.5,,6.0,4.5,0.0,,13.0,1.8,85.0,28.0,83.0,50.0,65.0,,83.0,85.0,88.0,68.0,82.0,87.0,85.0,67.0,50.0,28.0,74.0,40.0,95.0,95.0,85.0,78.0,70.0,70.0,55.0,89.0,84.0,86.0,84.0,88.0,49.0,60.0,45.0,25.0,75.0,42.0,66.0,83.0,28.0,55.0,71.0,81.0,68.0,75.0,82.0,80.0,84.0,98.0,92.0,10,0,0,9,1,0,,,,3.0,,3.0,,,,,2.0,3.0,,,3.0,,,,3.0,,,,,,,,3.0,3.0,,,,,3.0,,,,,3.0,,,,13.0,24.0,6.0,4.0,1.0,3.0,0.0,0.0,3.0,3.0,0.0,0.0,0.0,0.0,0.0,4.0,0.0,1.8,0.5,0.3,0.1,0.2,0.0,0.0,0.0,0.3,0.0,1.0,1.0,,,9.0,6.0,1.5,4.5,0.0,0.0,0.0,6.0,0.0,,,,,1.0,1.0,0.17,0.25,,,,,,,,,,,,,,,,,,,,,,,,,,,
447,Cameron Thomas,,SG,SF,"6'3""",Crafty 3PT-Sniping Creator,-2.5,,,,,,,,,,,,,D<85 no S7-9 mins,,,,,,,,,,,,,,,,,,,,,,,,,,,,,,,,,,,,,,,,,,,,,,,,,80.0,59.0,41.0,77.0,0.0,,80.0,86.0,76.0,78.0,85.0,60.0,95.0,75.0,77.0,75.0,54.0,79.0,86.0,75.0,80.0,59.0,89.0,50.0,75.0,37.0,39.0,39.0,70.0,74.0,67.0,59.0,82.0,70.0,52.0,71.0,44.0,41.0,59.0,30.0,35.0,51.0,52.0,40.0,38.0,33.0,42.0,90.0,89.0,10,0,0,5,3,2,3.0,,3.0,1.0,3.0,,3.0,,3.0,,,,,,,,2.0,,,,2.0,1.0,,,,,,,,,,,,,,,,,2.0,,,,,,,,,,,,,,,,,,,,,,,,,,,,,,,,,,,,,,,,,,,,,,,,,,,,,,,,,,,,,,,,,,,,,,,,,,,,,
441,Jared McCain,,PG,SG,"6'3""",Crafty 3PT-Sniping Creator,-2.5,,,,,,,,,,,,,D<85 no S7-9 mins,,,,,,,,,,,,,,,,,,,,,,,,,,,,,,,,,,,,,,,,,,,,,,,,,78.0,63.0,45.0,76.0,0.0,,82.0,81.0,70.0,84.0,88.0,90.0,80.0,73.0,76.0,76.0,52.0,68.0,85.0,80.0,80.0,55.0,82.0,30.0,70.0,37.0,38.0,38.0,60.0,85.0,71.0,73.0,86.0,75.0,73.0,47.0,52.0,45.0,63.0,49.0,30.0,60.0,60.0,55.0,45.0,35.0,55.0,,95.0,10,0,0,0,3,7,1.0,,1.0,2.0,1.0,,1.0,,2.0,,,,,,,,,2.0,1.0,,,,1.0,,,,,,,,,,,,,,,,1.0,,,,,,,,,,,,,,,,,,,,,,,,,,,,,,,,,,,,,,,,,,,,,,,,,,,,,,,,,,,,,,,,,,,,,,,,,,,,,
617,Sam Hauser,,PF,SF,"6'7""",Stretch Four Cleaner,-2.5,,,,,,,,,,,,,D<85 no S7-9 mins,,,,,,,,,,,,,,,,,,,,,,,,,,,,,,,,,,,,,,,,,,,,,,,,,77.0,55.0,48.0,61.0,5.0,,82.0,82.0,76.0,86.0,89.0,85.0,75.0,71.0,61.0,62.0,66.0,62.0,85.0,88.0,80.0,56.0,60.0,40.0,60.0,44.0,45.0,45.0,55.0,95.0,49.0,50.0,43.0,55.0,60.0,35.0,48.0,48.0,55.0,38.0,51.0,52.0,44.0,45.0,50.0,41.0,60.0,95.0,95.0,4,0,0,1,2,1,2.0,1.0,,3.0,,,,,,,,,,,,,,,,,,,,,,,,,,,,,,,,,,,2.0,,,,,,,,,,,,,,,,,,,,,,,,,,,,,,,,,,,,,,,,,,,,,,,,,,,,,,,,,,,,,,,,,,,,,,,,,,,,,
910,Ed Pinckney,,PF,,"6'9""",,-2.5,,,,,,,,,,,,,D<85 no S7-9 mins,,,,,,,,,,,,,,,,,,,,,,,,,,,,,,,,,,,,,,,,,,,,,,,,,72.0,45.0,64.0,64.0,99.0,,61.0,72.0,65.0,27.0,75.0,75.0,50.0,74.0,64.0,60.0,61.0,83.0,83.0,85.0,80.0,62.0,60.0,50.0,65.0,62.0,57.0,59.0,57.0,83.0,54.0,53.0,72.0,60.0,56.0,29.0,56.0,64.0,45.0,53.0,56.0,63.0,68.0,44.0,68.0,68.0,68.0,70.0,85.0,1,0,0,1,0,0,,,,,,,,,,,,,,,,,,,,,,,,,,,,,,,,,,,,,3.0,,,,,,,,,,,,,,,,,,,,,,,,,,,,,,,,,,,,,,,,,,,,,,,,,,,,,,,,,,,,,,,,,,,,,,,,,,,,,,,
613,De'Anthony Melton,,SG,PG,"6'3""",2-Way Crafty Finisher,-2.5,,,,,,,,,,,,,D<85 no S7-9 mins,,,,,,,,,,,,,,,,,,,,,,,,,,,,,,,,,,,,,,,,,,,,,,,,,78.0,82.0,48.0,76.0,35.0,,77.0,93.0,64.0,71.0,82.0,75.0,75.0,74.0,76.0,81.0,44.0,75.0,80.0,85.0,83.0,56.0,77.0,25.0,70.0,25.0,58.0,48.0,49.0,95.0,73.0,74.0,79.0,74.0,74.0,63.0,75.0,48.0,82.0,97.0,55.0,82.0,82.0,80.0,45.0,37.0,53.0,85.0,95.0,8,0,0,0,1,7,,,,,,,,,,,,,,,,,,,1.0,,,,,,,1.0,1.0,,1.0,,1.0,2.0,,1.0,,,,,,1.0,,,,,,,,,,,,,,,,,,,,,,,,,,,,,,,,,,,,,,,,,,,,,,,,,,,,,,,,,,,,,,,,,,,,,,,,,,,,
698,Drew Eubanks,,C,,"6'10""",Shot-Erasing Crafty Stretch,-2.5,,,,,,,,,,,,,D<85 no S7-9 mins,,,,,,,,,,,,,,,,,,,,,,,,,,,,,,,,,,,,,,,,,,,,,,,,,75.0,47.0,74.0,61.0,85.0,,76.0,97.0,73.0,77.0,58.0,75.0,75.0,72.0,61.0,62.0,68.0,75.0,80.0,85.0,83.0,70.0,69.0,75.0,70.0,77.0,77.0,77.0,44.0,75.0,40.0,42.0,37.0,38.0,55.0,27.0,59.0,74.0,47.0,46.0,89.0,59.0,50.0,45.0,63.0,48.0,78.0,65.0,95.0,4,0,0,0,0,4,,,,,,,,,,,,,,,,,,,,,,,,,,,,1.0,,,,,,,,1.0,1.0,,,1.0,,,,,,,,,,,,,,,,,,,,,,,,,,,,,,,,,,,,,,,,,,,,,,,,,,,,,,,,,,,,,,,,,,,,,,,,,,,,
572,Saddiq Bey,,PF,SF,"6'7""",Crafty Skilled Stretch Four,-2.5,,,,,,,,,,,,,D<85 no S7-9 mins,,,,,,,,,,,,,,,,,,,,,,,,,,,,,,,,,,,,,,,,,,,,,,,,,84.0,69.0,64.0,63.0,30.0,,81.0,97.0,45.0,81.0,85.0,90.0,90.0,75.0,63.0,72.0,74.0,70.0,81.0,90.0,81.0,73.0,87.0,45.0,75.0,63.0,64.0,64.0,88.0,95.0,64.0,64.0,76.0,57.0,75.0,47.0,57.0,64.0,69.0,42.0,30.0,67.0,65.0,65.0,58.0,53.0,62.0,85.0,95.0,11,0,0,1,5,5,1.0,,,2.0,,,2.0,,2.0,2.0,3.0,,,1.0,,,,1.0,,,,,1.0,,,,,,,,,,,,,,,,2.0,1.0,,,,,,,,,,,,,,,,,,,,,,,,,,,,,,,,,,,,,,,,,,,,,,,,,,,,,,,,,,,,,,,,,,,,,,,,,,,,
571,Santi Aldama,,PF,SF,"7'0""",Crafty Stretch Four,-2.5,,,,,,,,,,,,,D<85 no S7-9 mins,,,,,,,,,,,,,,,,,,,,,,,,,,,,,,,,,,,,,,,,,,,,,,,,,81.0,66.0,67.0,59.0,25.0,,82.0,97.0,80.0,78.0,67.0,85.0,85.0,68.0,59.0,60.0,70.0,59.0,80.0,80.0,79.0,72.0,79.0,70.0,65.0,72.0,71.0,72.0,50.0,95.0,65.0,70.0,68.0,54.0,70.0,62.0,64.0,67.0,66.0,43.0,62.0,74.0,68.0,65.0,64.0,55.0,73.0,80.0,95.0,4,0,0,0,1,3,,,,2.0,,,,,,1.0,,,,,,,,,1.0,,,,,,,,,,,,,,,,,,,1.0,,,,,,,,,,,,,,,,,,,,,,,,,,,,,,,,,,,,,,,,,,,,,,,,,,,,,,,,,,,,,,,,,,,,,,,,,,,,,,
525,Nick Richards,,C,,"7'0""",Glass Guardian,-2.5,,,,,,,,,,,,,D<85 no S7-9 mins,,,,,,,,,,,,,,,,,,,,,,,,,,,,,,,,,,,,,,,,,,,,,,,,,75.0,47.0,75.0,72.0,50.0,,60.0,64.0,79.0,25.0,71.0,60.0,60.0,75.0,72.0,70.0,65.0,75.0,81.0,85.0,84.0,60.0,62.0,75.0,75.0,52.0,47.0,52.0,40.0,80.0,37.0,37.0,35.0,49.0,36.0,28.0,61.0,75.0,47.0,36.0,84.0,78.0,40.0,70.0,85.0,85.0,85.0,40.0,95.0,8,0,0,0,3,5,,,,,,2.0,,,,1.0,1.0,,1.0,1.0,,2.0,,,,,,,,,,,,,,,,,,,,2.0,,,,1.0,,,,,,,,,,,,,,,,,,,,,,,,,,,,,,,,,,,,,,,,,,,,,,,,,,,,,,,,,,,,,,,,,,,,,,,,,,,,
524,Steve Mix,,PF,SF,"6'7""",,-2.5,,,,,,,,,,,,,D<85 no S7-9 mins,,,,,,,,,,,,,,,,,,,,,,,,,,,,,,,,,,,,,,,,,,,,,,,,,78.0,42.0,75.0,52.0,80.0,,80.0,84.0,85.0,73.0,82.0,75.0,80.0,66.0,52.0,42.0,62.0,52.0,80.0,90.0,85.0,75.0,85.0,60.0,65.0,75.0,76.0,76.0,82.0,80.0,46.0,43.0,46.0,44.0,48.0,48.0,58.0,75.0,42.0,67.0,27.0,72.0,58.0,65.0,82.0,82.0,82.0,80.0,85.0,0,0,0,0,0,0,,,,,,,,,,,,,,,,,,,,,,,,,,,,,,,,,,,,,,,,,,,,,,,,,,,,,,,,,,,,,,,,,,,,,,,,,,,,,,,,,,,,,,,,,,,,,,,,,,,,,,,,,,,,,,,,,,,,
522,Sam Perkins,,PF,C,"6'9""",,-2.5,,,,,,,,,,,,,D<85 no S7-9 mins,,,,,,,,,,,,,,,,,,,,,,,,,,,,,,,,,,,,,,,,,,,,,,,,,75.0,37.0,78.0,39.0,50.0,,80.0,77.0,74.0,75.0,82.0,85.0,85.0,61.0,39.0,37.0,74.0,46.0,77.0,72.0,85.0,64.0,55.0,62.0,58.0,60.0,70.0,60.0,69.0,74.0,39.0,56.0,32.0,25.0,51.0,32.0,64.0,78.0,37.0,60.0,57.0,74.0,70.0,75.0,66.0,65.0,67.0,80.0,89.0,0,0,0,0,0,0,,,,,,,,,,,,,,,,,,,,,,,,,,,,,,,,,,,,,,,,,,,,,,,,,,,,,,,,,,,,,,,,,,,,,,,,,,,,,,,,,,,,,,,,,,,,,,,,,,,,,,,,,,,,,,,,,,,,
473,Steve Kerr,,PG,SG,"6'3""",,-2.5,,,,,,,,,,,,,D<85 no S7-9 mins,,392.0,,,,,,,,,,,,,,,,,,,,,,,,,,,,,,,,,,,,,,,,,,,,,,,78.0,66.0,25.0,73.0,0.0,,84.0,76.0,84.0,95.0,92.0,70.0,85.0,71.0,73.0,79.0,25.0,57.0,91.0,82.0,89.0,44.0,74.0,25.0,25.0,25.0,29.0,25.0,65.0,82.0,74.0,82.0,79.0,72.0,84.0,55.0,54.0,25.0,66.0,63.0,27.0,67.0,58.0,70.0,35.0,32.0,37.0,60.0,85.0,5,0,0,4,1,0,,3.0,3.0,3.0,2.0,,,,,,,,,,,,,,,,,,,,,,,,,,,,,,,,,,3.0,,,,,,,,,,,,,,,,,,,,,,,,,,,,,,,,,,,,,,,,,,,,,,,,,,,,,,,,,,,,,,,,,,,,,,,,,,,,,
461,Robert Horry,,PF,SF,"6'9""",,-2.5,,,,,,,,,,,,,D<85 no S7-9 mins,,,,,,,,,,,,,,,,,,,,,,,,,,,,,,,,,,,,,,,,,,,,,,,,,75.0,50.0,70.0,52.0,35.0,,76.0,74.0,60.0,84.0,71.0,94.0,75.0,66.0,52.0,50.0,65.0,68.0,78.0,70.0,80.0,67.0,57.0,88.0,67.0,60.0,65.0,70.0,49.0,77.0,50.0,60.0,60.0,25.0,60.0,44.0,64.0,70.0,50.0,63.0,63.0,66.0,70.0,67.0,60.0,58.0,62.0,90.0,89.0,2,0,0,0,0,2,,,,,,,,,,,,,,,,1.0,,,1.0,,,,,,,,,,,,,,,,,,,,,,,,,,,,,,,,,,,,,,,,,,,,,,,,,,,,,,,,,,,,,,,,,,,,,,,,,,,,,,,,,,,,,,,,,,,,,,,,,
596,Harrison Barnes,,PF,SF,"6'8""",Laymaking Four,-2.5,,,,,,,,,,,,,D<85 no S7-9 mins,,,,,,,,,,,,,,,,,,,,,,,,,,,,,,,,,,,,,,,,,,,,,,,,,78.0,72.0,67.0,77.0,5.0,,76.0,86.0,67.0,81.0,85.0,60.0,80.0,81.0,77.0,75.0,70.0,95.0,92.0,75.0,82.0,66.0,86.0,55.0,80.0,48.0,65.0,79.0,40.0,75.0,64.0,62.0,78.0,73.0,67.0,40.0,58.0,67.0,72.0,40.0,40.0,65.0,65.0,60.0,43.0,42.0,44.0,75.0,95.0,9,0,0,1,3,5,1.0,,,2.0,,1.0,,,,,1.0,,,1.0,,,,2.0,,,,,,,,,,,,,1.0,,,,,,,,2.0,3.0,,,,,,,,,,,,,,,,,,,,,,,,,,,,,,,,,,,,,,,,,,,,,,,,,,,,,,,,,,,,,,,,,,,,,,,,,,,,
594,Gradey Dick,,SF,SG,"6'6""",Mid-Range Menace,-2.5,,,,,,,,,,,,,D<85 no S7-9 mins,,,,,,,,,,,,,,,,,,,,,,,,,,,,,,,,,,,,,,,,,,,,,,,,,75.0,73.0,55.0,76.0,65.0,,73.0,72.0,85.0,73.0,88.0,70.0,50.0,76.0,76.0,74.0,54.0,78.0,89.0,85.0,80.0,56.0,74.0,35.0,75.0,36.0,47.0,40.0,60.0,80.0,62.0,67.0,75.0,74.0,65.0,31.0,60.0,55.0,73.0,56.0,40.0,69.0,73.0,55.0,48.0,45.0,52.0,40.0,95.0,8,0,0,0,1,7,1.0,,,2.0,1.0,,,,1.0,,1.0,,,,,,,,,,,,1.0,,,,,,,,,,,,,,,,1.0,1.0,,,,,,,,,,,,,,,,,,,,,,,,,,,,,,,,,,,,,,,,,,,,,,,,,,,,,,,,,,,,,,,,,,,,,,,,,,,,
593,DeShawn Stevenson,,SG,,"6'5""",,-2.5,,,,,,,,,,,,,D<85 no S7-9 mins,,,,,,,,,,,,,,,,,,,,,,,,,,,,,,,,,,,,,,,,,,,,,,,,,77.0,84.0,55.0,72.0,15.0,,75.0,60.0,84.0,89.0,88.0,70.0,60.0,73.0,72.0,87.0,42.0,84.0,92.0,72.0,81.0,57.0,71.0,40.0,75.0,35.0,51.0,44.0,60.0,82.0,52.0,54.0,68.0,53.0,46.0,37.0,74.0,55.0,84.0,73.0,56.0,81.0,74.0,80.0,55.0,41.0,68.0,98.0,78.0,4,0,0,1,3,0,,,,,,,,,,,,,,,,,,,,,,,,,,,2.0,,,2.0,3.0,2.0,,,,,,,,,,,,,,,,,,,,,,,,,,,,,,,,,,,,,,,,,,,,,,,,,,,,,,,,,,,,,,,,,,,,,,,,,,,,,,,,,,,,
589,Johnny Newman,,SF,SG,"6'7""",,-2.5,,,,,,,,,,,,,D<85 no S7-9 mins,,,,,,,,,,,,,,,,,,,,,,,,,,,,,,,,,,,,,,,,,,,,,,,,,79.0,60.0,56.0,73.0,25.0,,80.0,86.0,84.0,72.0,81.0,69.0,85.0,71.0,73.0,74.0,50.0,66.0,81.0,72.0,84.0,67.0,85.0,65.0,75.0,30.0,60.0,60.0,86.0,75.0,67.0,74.0,76.0,66.0,74.0,43.0,57.0,56.0,60.0,61.0,42.0,61.0,56.0,60.0,45.0,52.0,37.0,80.0,85.0,0,0,0,0,0,0,,,,,,,,,,,,,,,,,,,,,,,,,,,,,,,,,,,,,,,,,,,,,,,,,,,,,,,,,,,,,,,,,,,,,,,,,,,,,,,,,,,,,,,,,,,,,,,,,,,,,,,,,,,,,,,,,,,,
586,Moritz Wagner,,C,PF,"6'11""",Stretch Five Cleaner,-2.5,,,,,,,,,,,,,D<85 no S7-9 mins,,,,,,,,,,,,,,,,,,,,,,,,,,,,,,,,,,,,,,,,,,,,,,,,,78.0,40.0,58.0,73.0,80.0,,81.0,94.0,84.0,83.0,83.0,60.0,80.0,76.0,73.0,67.0,78.0,75.0,78.0,85.0,81.0,68.0,75.0,75.0,65.0,74.0,74.0,74.0,40.0,70.0,49.0,54.0,40.0,53.0,55.0,41.0,52.0,58.0,40.0,77.0,42.0,58.0,54.0,35.0,68.0,62.0,75.0,,95.0,7,0,0,0,4,3,,,,1.0,,,,,,2.0,2.0,1.0,2.0,,2.0,,,,,,,,,,,,,,,,,,,,,,,1.0,,,,,,,,,,,,,,,,,,,,,,,,,,,,,,,,,,,,,,,,,,,,,,,,,,,,,,,,,,,,,,,,,,,,,,,,,,,,,,
583,Peyton Watson,,SF,PF,"6'7""",Shot-Erasing Sharpshooter,-2.5,,,,,,,,,,,,,D<85 no S7-9 mins,,,,214.0,,,,,,,,,,,,,,,,,,,,,,,,,,,,,,6.9,-1.24,0.68,0.7,0.36,0.36,1.0,4.9,9.0,2.7,0.9,0.5,0.0,21.0,9.5,83.0,78.0,78.0,77.0,99.0,,83.0,82.0,93.0,85.0,73.0,80.0,85.0,76.0,77.0,80.0,55.0,82.0,88.0,75.0,80.0,58.0,74.0,60.0,65.0,44.0,42.0,40.0,40.0,95.0,61.0,60.0,70.0,76.0,62.0,36.0,74.0,78.0,78.0,53.0,73.0,80.0,78.0,80.0,53.0,43.0,63.0,85.0,95.0,12,0,0,4,7,1,,,,2.0,,,2.0,,2.0,3.0,2.0,,,,,,,2.0,,,,,3.0,,,,,3.0,,,2.0,,1.0,,,,,,2.0,3.0,,21.0,199.0,38.0,15.0,27.0,5.0,3.0,3.0,16.0,27.0,4.0,11.0,2.0,2.0,1.0,14.0,8.0,9.5,1.8,0.7,1.3,0.2,0.1,0.1,0.0,0.7,0.4,0.59,0.75,0.36,1.0,6.9,2.7,4.9,0.9,0.5,0.5,0.2,2.5,1.4,,,,,0.67,0.68,0.08,0.19,,,,,,,,,,,,,,,,,,,,,,,,,,,
582,Nikola Jovic,,PF,C,"6'10""",Crafty Stretch Four Dimer,-2.5,,,,,,,,,,,,,D<85 no S7-9 mins,,,,,,,,,,,,,,,,,,,,,,,,,,,,,,,,,,,,,,,,,,,,,,,,,74.0,62.0,59.0,68.0,0.0,,73.0,80.0,70.0,73.0,68.0,85.0,60.0,68.0,68.0,68.0,44.0,72.0,85.0,70.0,80.0,60.0,77.0,30.0,60.0,55.0,60.0,44.0,62.0,90.0,68.0,69.0,70.0,67.0,68.0,66.0,54.0,59.0,62.0,46.0,57.0,60.0,57.0,40.0,54.0,40.0,68.0,95.0,95.0,3,0,0,0,0,3,,,,1.0,,,,,,,1.0,,,,,,,,,,,,,,,,,,,,,,,,,,,,,1.0,,,,,,,,,,,,,,,,,,,,,,,,,,,,,,,,,,,,,,,,,,,,,,,,,,,,,,,,,,,,,,,,,,,,,,,,,,,,
581,Tobias Harris,,PF,SF,"6'8""",Crafty Offensive Engine,-2.5,,,,,,,,,,,,,D<85 no S7-9 mins,,,,,,,,,,,,,,,,,,,,,,,,,,,,,,,,,,,,,,,,,,,,,,,,,80.0,68.0,67.0,75.0,15.0,,80.0,97.0,86.0,78.0,87.0,60.0,70.0,77.0,75.0,67.0,73.0,79.0,97.0,73.0,82.0,76.0,82.0,65.0,75.0,70.0,70.0,86.0,68.0,95.0,67.0,77.0,79.0,56.0,78.0,43.0,61.0,67.0,68.0,49.0,50.0,66.0,64.0,60.0,55.0,43.0,67.0,60.0,95.0,8,0,0,0,4,4,1.0,,,2.0,2.0,,,,,,,1.0,1.0,,2.0,,,1.0,,,,,,,,,,,,,,,,,,,,,2.0,,,,,,,,,,,,,,,,,,,,,,,,,,,,,,,,,,,,,,,,,,,,,,,,,,,,,,,,,,,,,,,,,,,,,,,,,,,,,
580,Kyle Anderson,,PF,C,"6'9""",Ball-Hawking Playmaker,-2.5,,,,,,,,,,,,,D<85 no S7-9 mins,,,,,,,,,,,,,,,,,,,,,,,,,,,,,,,,,,,,,,,,,,,,,,,,,77.0,79.0,60.0,66.0,40.0,,71.0,97.0,48.0,79.0,67.0,75.0,60.0,70.0,66.0,80.0,62.0,66.0,85.0,64.0,83.0,55.0,84.0,55.0,45.0,45.0,48.0,41.0,49.0,70.0,74.0,78.0,81.0,65.0,79.0,68.0,73.0,60.0,79.0,81.0,66.0,78.0,75.0,75.0,55.0,50.0,60.0,,95.0,13,0,0,1,6,6,,,,,1.0,,2.0,,1.0,,2.0,,,,,,,2.0,2.0,1.0,,,3.0,2.0,2.0,,,,,,1.0,,,,,,,,1.0,1.0,,,,,,,,,,,,,,,,,,,,,,,,,,,,,,,,,,,,,,,,,,,,,,,,,,,,,,,,,,,,,,,,,,,,,,,,,,,,
579,Rui Hachimura,,SF,PF,"6'8""",Sharpshooting Lob Threat Bully,-2.5,,,,,,,,,,,,,D<85 no S7-9 mins,,,,,,,,,,,,,,,,,,,,,,,,,,,,,,,,,,,,,,,,,,,,,,,,,79.0,54.0,60.0,72.0,65.0,,80.0,85.0,94.0,86.0,75.0,75.0,65.0,80.0,72.0,74.0,79.0,80.0,90.0,85.0,80.0,74.0,79.0,80.0,80.0,74.0,70.0,72.0,50.0,85.0,55.0,51.0,72.0,67.0,54.0,29.0,49.0,60.0,54.0,37.0,50.0,59.0,50.0,35.0,44.0,37.0,51.0,70.0,95.0,11,0,0,0,5,6,,,,1.0,,2.0,,,,1.0,2.0,,,2.0,,,,1.0,2.0,,,,1.0,,,,,,,,1.0,,,,,,,,2.0,1.0,,,,,,,,,,,,,,,,,,,,,,,,,,,,,,,,,,,,,,,,,,,,,,,,,,,,,,,,,,,,,,,,,,,,,,,,,,,,
578,Miles Bridges,,PF,SF,"6'7""",Versatile Post Bully,-2.5,,,,,,,,,,,,,D<85 no S7-9 mins,,,,,,,,,,,,,,,,,,,,,,,,,,,,,,,,,,,,,,,,,,,,,,,,,82.0,59.0,60.0,75.0,5.0,,84.0,86.0,61.0,76.0,85.0,98.0,95.0,82.0,75.0,76.0,84.0,85.0,93.0,80.0,85.0,84.0,86.0,60.0,88.0,84.0,84.0,84.0,89.0,95.0,71.0,69.0,76.0,71.0,74.0,63.0,55.0,60.0,59.0,33.0,55.0,62.0,68.0,45.0,56.0,42.0,69.0,25.0,95.0,10,0,0,4,5,1,,,,,,3.0,,,2.0,2.0,3.0,,2.0,3.0,,2.0,,,,,,,2.0,,,,,,,,,,,,,,,,1.0,3.0,,,,,,,,,,,,,,,,,,,,,,,,,,,,,,,,,,,,,,,,,,,,,,,,,,,,,,,,,,,,,,,,,,,,,,,,,,,,
576,Deni Avdija,,SF,PG,"6'9""",Crafty Mid-Paint Maestro,-2.5,,,,,,,,,,,,,D<85 no S7-9 mins,176.0,,,189.0,,,,,,,,,,,,,,,,,,,,,,,,,,,,,,8.7,-0.97,0.51,1.6,0.33,1.48,0.93,5.2,3.79,5.0,0.4,0.4,0.0,25.0,14.6,88.0,80.0,62.0,75.0,45.0,,86.0,86.0,90.0,77.0,80.0,90.0,90.0,81.0,75.0,81.0,65.0,79.0,89.0,95.0,84.0,68.0,88.0,40.0,75.0,62.0,59.0,59.0,80.0,85.0,76.0,79.0,78.0,69.0,79.0,77.0,67.0,62.0,80.0,38.0,55.0,78.0,77.0,80.0,57.0,41.0,73.0,,95.0,19,0,0,7,7,5,1.0,,,3.0,1.0,,2.0,,3.0,3.0,3.0,,,,,,,2.0,3.0,2.0,,,2.0,,2.0,1.0,,,,,2.0,1.0,,,,3.0,3.0,,1.0,2.0,,25.0,365.0,88.0,51.0,53.0,4.0,4.0,14.0,29.0,79.0,16.0,49.0,14.0,15.0,2.0,49.0,14.0,14.6,3.5,2.0,2.1,0.2,0.2,0.6,0.1,2.0,0.6,0.37,0.43,0.33,0.93,8.7,5.0,5.2,0.4,0.4,1.4,0.2,4.8,1.4,,,,,0.47,0.51,0.14,0.24,,,,,,,,,,,,,,,,,,,,,,,,,,,
574,Carl Landry,,PF,,"6'9""",,-2.5,,,,,,,,,,,,,D<85 no S7-9 mins,,,,,,,,,,,,,,,,,,,,,,,,,,,,,,,,,,,,,,,,,,,,,,,,,77.0,44.0,63.0,61.0,75.0,,66.0,80.0,78.0,31.0,66.0,88.0,55.0,70.0,61.0,44.0,88.0,68.0,79.0,79.0,77.0,70.0,58.0,80.0,55.0,72.0,80.0,82.0,75.0,61.0,36.0,25.0,42.0,25.0,57.0,30.0,52.0,63.0,44.0,60.0,42.0,68.0,49.0,45.0,80.0,91.0,68.0,98.0,77.0,5,0,0,1,2,2,,,,,,1.0,,,,,,,,,,,,,,,,,,,,2.0,,,,,,,,,,1.0,2.0,3.0,,,,,,,,,,,,,,,,,,,,,,,,,,,,,,,,,,,,,,,,,,,,,,,,,,,,,,,,,,,,,,,,,,,,,,,,,,,,,,
626,Brent Barry,,SF,SG,"6'7""",,-2.5,,,,,,,,,,,,,D<85 no S7-9 mins,,,,,,,,,,,,,,,,,,,,,,,,,,,,,,,,,,,,,,,,,,,,,,,,,77.0,70.0,45.0,68.0,25.0,,78.0,76.0,80.0,85.0,84.0,90.0,55.0,72.0,68.0,70.0,38.0,85.0,95.0,74.0,77.0,53.0,77.0,25.0,70.0,50.0,50.0,25.0,42.0,86.0,61.0,64.0,74.0,60.0,68.0,37.0,61.0,45.0,70.0,58.0,27.0,77.0,72.0,65.0,50.0,48.0,52.0,90.0,78.0,0,0,0,0,0,0,,,,,,,,,,,,,,,,,,,,,,,,,,,,,,,,,,,,,,,,,,,,,,,,,,,,,,,,,,,,,,,,,,,,,,,,,,,,,,,,,,,,,,,,,,,,,,,,,,,,,,,,,,,,,,,,,,,,
625,Caris LeVert,,SF,SG,"6'6""",Point-Fading Wizard,-2.5,,,,,,,,,,,,,D<85 no S7-9 mins,,,,,,,,,,,,,,,,,,,,,,,,,,,,,,,,,,,,,,,,,,,,,,,,,76.0,74.0,45.0,75.0,20.0,,70.0,85.0,79.0,79.0,68.0,60.0,50.0,76.0,75.0,77.0,54.0,80.0,92.0,80.0,78.0,66.0,80.0,60.0,75.0,52.0,54.0,49.0,60.0,95.0,77.0,75.0,86.0,72.0,84.0,67.0,65.0,45.0,74.0,66.0,73.0,70.0,68.0,60.0,39.0,34.0,44.0,55.0,95.0,8,0,0,0,3,5,,,,,1.0,,2.0,,2.0,,1.0,,,,,,1.0,1.0,,,1.0,,2.0,,,,,,,,,,,,,,,,,,,,,,,,,,,,,,,,,,,,,,,,,,,,,,,,,,,,,,,,,,,,,,,,,,,,,,,,,,,,,,,,,,,,,,,,,,,,,
906,E.J. Liddell,,PF,SF,"6'6""",Shot-Erasing Mid-Range Scorer,-2.5,,,,,,,,,,,,,D<85 no S7-9 mins,,,,,,,,,,,,,,,,,,,,,,,,,,,,,,,,,,,,,,,,,,,,,,,,,70.0,54.0,65.0,73.0,5.0,,66.0,80.0,79.0,76.0,76.0,40.0,45.0,74.0,73.0,73.0,65.0,89.0,80.0,65.0,80.0,65.0,75.0,55.0,60.0,66.0,71.0,68.0,37.0,85.0,57.0,59.0,60.0,59.0,58.0,49.0,58.0,65.0,54.0,44.0,79.0,62.0,54.0,50.0,62.0,59.0,66.0,40.0,95.0,2,0,0,0,0,2,,,,,,,,,,,,,,,,,,,,,,,,,,,,1.0,,,,,,,,,,,,1.0,,,,,,,,,,,,,,,,,,,,,,,,,,,,,,,,,,,,,,,,,,,,,,,,,,,,,,,,,,,,,,,,,,,,,,,,,,,,
905,Dylan Cardwell,,C,,"6'11""",Glass Guardian Lob Threat,-2.5,,,,,,,,,,,,,D<85 no S7-9 mins,,,,,,,,,,,,,,,,,,,,,,,,,,,,,,,,,,,,,,,,,,,,,,,,,77.0,44.0,79.0,51.0,,,60.0,92.0,60.0,37.0,55.0,60.0,55.0,74.0,51.0,62.0,82.0,80.0,80.0,90.0,80.0,62.0,74.0,85.0,80.0,52.0,47.0,52.0,37.0,70.0,47.0,58.0,44.0,33.0,62.0,36.0,69.0,79.0,44.0,59.0,93.0,79.0,58.0,70.0,88.0,92.0,85.0,55.0,95.0,8,0,0,2,2,4,,,,,,1.0,,,,1.0,,,,1.0,,,,,,,,,,,,,,2.0,,,,,1.0,,,2.0,3.0,3.0,,,,,,,,,,,,,,,,,,,,,,,,,,,,,,,,,,,,,,,,,,,,,,,,,,,,,,,,,,,,,,,,,,,,,,,,,,,,,,
904,Dwight Powell,,C,,"6'10""",Crafty Post-Scoring Stretch,-2.5,,,,,,,,,,,,,D<85 no S7-9 mins,,,,,,,,,,,,,,,,,,,,,,,,,,,,,,,,,,,,,,,,,,,,,,,,,74.0,45.0,74.0,71.0,99.0,,64.0,96.0,69.0,78.0,65.0,30.0,45.0,77.0,71.0,58.0,80.0,67.0,90.0,95.0,83.0,77.0,70.0,75.0,65.0,77.0,79.0,79.0,83.0,90.0,52.0,55.0,60.0,44.0,64.0,36.0,63.0,74.0,45.0,53.0,61.0,68.0,74.0,65.0,72.0,74.0,69.0,30.0,95.0,5,0,0,0,3,2,,,,,,,,,,2.0,,,2.0,,,1.0,,,,,,,,,,,,,,,,,,,,1.0,,2.0,,,,,,,,,,,,,,,,,,,,,,,,,,,,,,,,,,,,,,,,,,,,,,,,,,,,,,,,,,,,,,,,,,,,,,,,,,,,,,
903,Dru Smith,,PG,SG,"6'2""",2-Way Crafty Finisher,-2.5,,,,,,,,,,,,,D<85 no S7-9 mins,,,,,,,,,,,,,,,,,,,,,,,,,,,,,,,,,,,,,,,,,,,,,,,,,75.0,74.0,40.0,70.0,,,78.0,81.0,77.0,73.0,83.0,80.0,75.0,68.0,70.0,70.0,43.0,62.0,85.0,75.0,80.0,53.0,82.0,40.0,45.0,38.0,37.0,40.0,60.0,80.0,75.0,78.0,79.0,70.0,78.0,68.0,69.0,40.0,74.0,95.0,57.0,74.0,79.0,65.0,50.0,49.0,50.0,90.0,95.0,1,0,0,0,0,1,,,,,,,,,,,,,,,,,,,,,,,,,1.0,,,,,,,,,,,,,,,,,,,,,,,,,,,,,,,,,,,,,,,,,,,,,,,,,,,,,,,,,,,,,,,,,,,,,,,,,,,,,,,,,,,,,,,,,,,
902,Drew Timme,,C,PF,"6'10""",Crafty Stretch Five,-2.5,,,,,,,,,,,,,D<85 no S7-9 mins,,,,,,,,,,,,,,,,,,,,,,,,,,,,,,,,,,,,,,,,,,,,,,,,,72.0,40.0,57.0,48.0,50.0,,74.0,86.0,75.0,75.0,79.0,70.0,60.0,63.0,48.0,40.0,68.0,66.0,80.0,75.0,81.0,66.0,68.0,70.0,65.0,68.0,67.0,68.0,40.0,80.0,53.0,58.0,52.0,40.0,70.0,47.0,46.0,57.0,40.0,46.0,45.0,58.0,47.0,30.0,58.0,57.0,60.0,75.0,95.0,0,0,0,0,0,0,,,,,,,,,,,,,,,,,,,,,,,,,,,,,,,,,,,,,,,,,,,,,,,,,,,,,,,,,,,,,,,,,,,,,,,,,,,,,,,,,,,,,,,,,,,,,,,,,,,,,,,,,,,,,,,,,,,,
901,Drew Peterson,,PF,SF,"6'9""",Stretch Four Dimer,-2.5,,,,,,,,,,,,,D<85 no S7-9 mins,,,,,,,,,,,,,,,,,,,,,,,,,,,,,,,,,,,,,,,,,,,,,,,,,70.0,43.0,52.0,59.0,50.0,,71.0,70.0,74.0,79.0,75.0,75.0,50.0,71.0,59.0,58.0,62.0,68.0,85.0,85.0,80.0,56.0,73.0,60.0,65.0,45.0,47.0,46.0,45.0,70.0,60.0,69.0,68.0,58.0,68.0,38.0,45.0,52.0,43.0,40.0,42.0,45.0,50.0,40.0,59.0,52.0,66.0,80.0,82.0,0,0,0,0,0,0,,,,,,,,,,,,,,,,,,,,,,,,,,,,,,,,,,,,,,,,,,,,,,,,,,,,,,,,,,,,,,,,,,,,,,,,,,,,,,,,,,,,,,,,,,,,,,,,,,,,,,,,,,,,,,,,,,,,
900,Drew Gooden,,PF,C,"6'10""",,-2.5,,,,,,,,,,,,,D<85 no S7-9 mins,,,,,,,,,,,,,,,,,,,,,,,,,,,,,,,,,,,,,,,,,,,,,,,,,76.0,52.0,64.0,61.0,70.0,,77.0,76.0,88.0,75.0,68.0,95.0,60.0,67.0,61.0,52.0,76.0,60.0,77.0,66.0,77.0,58.0,55.0,60.0,51.0,67.0,60.0,65.0,66.0,37.0,37.0,25.0,36.0,30.0,64.0,32.0,54.0,64.0,52.0,63.0,50.0,60.0,52.0,40.0,84.0,86.0,81.0,98.0,85.0,3,0,0,0,2,1,,,,2.0,,2.0,,,,,,,,,,,,,,,,,,,,,,,,,,,,,,1.0,,,,,,,,,,,,,,,,,,,,,,,,,,,,,,,,,,,,,,,,,,,,,,,,,,,,,,,,,,,,,,,,,,,,,,,,,,,,,,,,
898,Doug McDermott,,SF,PF,"6'6""",Crafty 3-Level Scorer,-2.5,,,,,,,,,,,,,D<85 no S7-9 mins,,,,,,,,,,,,,,,,,,,,,,,,,,,,,,,,,,,,,,,,,,,,,,,,,71.0,58.0,52.0,59.0,15.0,,72.0,85.0,78.0,85.0,76.0,60.0,50.0,66.0,59.0,60.0,60.0,67.0,81.0,67.0,83.0,65.0,79.0,50.0,65.0,60.0,66.0,62.0,60.0,75.0,54.0,65.0,67.0,47.0,65.0,27.0,48.0,52.0,58.0,32.0,42.0,63.0,50.0,40.0,39.0,30.0,48.0,30.0,95.0,2,0,0,0,0,2,1.0,,,1.0,,,,,,,,,,,,,,,,,,,,,,,,,,,,,,,,,,,,,,,,,,,,,,,,,,,,,,,,,,,,,,,,,,,,,,,,,,,,,,,,,,,,,,,,,,,,,,,,,,,,,,,,,,,,,,,,
304,Hedo Turkoglu,,SF,PF,"6'10""",,-2.5,,,,,,,,,,,,,D<85 no S7-9 mins,,309.0,392.0,344.0,,,,,,,,,,,,,,,,,,,,,,,,,,,,,,18.7,0.52,0.67,3.4,0.46,2.01,0.85,4.8,3.88,4.9,0.2,0.8,0.0,19.0,12.3,86.0,71.0,60.0,75.0,25.0,,84.0,80.0,85.0,86.0,86.0,85.0,80.0,78.0,75.0,78.0,70.0,70.0,90.0,80.0,82.0,74.0,81.0,80.0,70.0,60.0,68.0,70.0,65.0,95.0,77.0,75.0,78.0,73.0,80.0,80.0,65.0,60.0,71.0,70.0,65.0,68.0,62.0,60.0,73.0,75.0,70.0,98.0,92.0,3,0,0,2,1,0,,2.0,,3.0,,,,,,,,,,,,,,,,,,,,,,,,,,,,,,,,,,,3.0,,,19.0,233.0,121.0,32.0,31.0,1.0,5.0,8.0,44.0,84.0,22.0,48.0,11.0,13.0,3.0,29.0,11.0,12.3,6.4,1.7,1.6,0.1,0.3,0.4,0.2,1.5,0.6,0.52,0.61,0.46,0.85,18.7,4.9,4.8,0.2,0.8,1.2,0.5,4.5,1.7,,,,,0.66,0.67,0.14,0.52,,,,,,,,,,,,,,,,,,,,,,,,,,,
297,Truck Robinson,,PF,,"6'7""",,-2.5,,,,,,,,,,,,,D<85 no S7-9 mins,,,,,,,,,,,,,,,,,,,,,,,,,,,,,,,,,,,,,,,,,,,,,,,,,86.0,42.0,79.0,74.0,70.0,,81.0,90.0,88.0,60.0,70.0,82.0,95.0,80.0,74.0,42.0,94.0,82.0,95.0,95.0,77.0,82.0,84.0,85.0,75.0,80.0,80.0,88.0,76.0,85.0,52.0,55.0,35.0,55.0,61.0,52.0,68.0,79.0,42.0,62.0,65.0,79.0,74.0,75.0,91.0,88.0,94.0,80.0,92.0,7,0,0,4,2,1,,,,1.0,,3.0,,,,,3.0,2.0,,,2.0,,,,,,,,,,,,,,,,,,,,,3.0,,3.0,,,,,,,,,,,,,,,,,,,,,,,,,,,,,,,,,,,,,,,,,,,,,,,,,,,,,,,,,,,,,,,,,,,,,,,,,,,,,,
292,Thurl Bailey,,PF,SF,"6'11""",,-2.5,,,,,,,,,,,,,D<85 no S7-9 mins,,,417.0,,,,,,,,,,,,,,,,,,,,,,,,,,,,,,,8.5,,0.67,0.0,,0.0,,4.2,,0.0,0.0,2.1,,5.0,3.4,86.0,60.0,79.0,73.0,50.0,,82.0,85.0,83.0,56.0,84.0,95.0,90.0,81.0,73.0,60.0,78.0,80.0,98.0,90.0,85.0,80.0,77.0,80.0,80.0,81.0,82.0,82.0,65.0,92.0,70.0,72.0,76.0,58.0,75.0,67.0,69.0,79.0,60.0,63.0,42.0,80.0,78.0,80.0,67.0,64.0,70.0,65.0,92.0,12,0,0,9,3,0,,,,3.0,,3.0,3.0,,3.0,,3.0,2.0,,,2.0,,,,3.0,,,,,,,,,3.0,,,,,2.0,3.0,,,,3.0,,,,5.0,17.0,4.0,0.0,2.0,0.0,1.0,0.0,2.0,3.0,0.0,0.0,0.0,0.0,0.0,0.0,0.0,3.4,0.8,0.0,0.4,0.0,0.2,0.0,0.0,0.0,0.0,0.67,0.67,,,8.5,0.0,4.2,0.0,2.1,0.0,0.0,0.0,0.0,,,,,0.67,0.67,0.0,0.24,,,,,,,,,,,,,,,,,,,,,,,,,,,
845,Bryon Russell,,SF,SG,"6'8""",,-2.5,,,,,,,,,,,,,D<85 no S7-9 mins,,,,,,,,,,,,,,,,,,,,,,,,,,,,,,,,,,,,,,,,,,,,,,,,,76.0,80.0,55.0,74.0,15.0,,74.0,80.0,87.0,80.0,77.0,77.0,45.0,76.0,74.0,85.0,67.0,65.0,84.0,70.0,88.0,57.0,74.0,50.0,62.0,30.0,63.0,44.0,48.0,82.0,60.0,55.0,72.0,65.0,57.0,49.0,67.0,55.0,80.0,61.0,40.0,82.0,72.0,80.0,41.0,35.0,47.0,70.0,89.0,0,0,0,0,0,0,,,,,,,,,,,,,,,,,,,,,,,,,,,,,,,,,,,,,,,,,,,,,,,,,,,,,,,,,,,,,,,,,,,,,,,,,,,,,,,,,,,,,,,,,,,,,,,,,,,,,,,,,,,,,,,,,,,,
858,Chris Dudley,,C,,"7'1""",,-2.5,,,,,,,,,,,,,D<85 no S7-9 mins,,,,,,,,,,,,,,,,,,,,,,,,,,,,,,,,,,,,,,,,,,,,,,,,,69.0,32.0,74.0,26.0,99.0,,49.0,66.0,40.0,25.0,40.0,70.0,55.0,51.0,26.0,32.0,64.0,38.0,66.0,49.0,81.0,60.0,41.0,69.0,42.0,67.0,67.0,63.0,67.0,65.0,32.0,32.0,43.0,25.0,32.0,29.0,59.0,74.0,32.0,59.0,51.0,75.0,68.0,55.0,90.0,92.0,88.0,70.0,82.0,2,0,0,1,1,0,,,,,,2.0,,,,,,,,,,,,,,,,,,,,,,,,,,,,,,3.0,,,,,,,,,,,,,,,,,,,,,,,,,,,,,,,,,,,,,,,,,,,,,,,,,,,,,,,,,,,,,,,,,,,,,,,,,,,,,,,,
857,Chris Childs,,PG,,"6'3""",,-2.5,,,,,,,,,,,,,D<85 no S7-9 mins,,,,,,,,,,,,,,,,,,,,,,,,,,,,,,,,,,,,,,,,,,,,,,,,,71.0,68.0,36.0,71.0,10.0,,71.0,72.0,83.0,70.0,81.0,70.0,50.0,67.0,71.0,72.0,40.0,71.0,73.0,65.0,80.0,46.0,75.0,25.0,48.0,26.0,43.0,25.0,60.0,67.0,76.0,79.0,79.0,71.0,79.0,72.0,56.0,36.0,68.0,53.0,35.0,67.0,67.0,67.0,41.0,41.0,41.0,70.0,82.0,0,0,0,0,0,0,,,,,,,,,,,,,,,,,,,,,,,,,,,,,,,,,,,,,,,,,,,,,,,,,,,,,,,,,,,,,,,,,,,,,,,,,,,,,,,,,,,,,,,,,,,,,,,,,,,,,,,,,,,,,,,,,,,,
536,Dorian Finney-Smith,,PF,SF,"6'7""",2-Way Dual Finisher,-2.5,,,,,,,,,,,,,D<85 no S7-9 mins,,,,,,,,,,,,,,,,,,,,,,,,,,,,,,,,,,,,,,,,,,,,,,,,,75.0,83.0,72.0,67.0,10.0,,69.0,80.0,71.0,70.0,64.0,70.0,60.0,76.0,67.0,82.0,62.0,83.0,80.0,80.0,81.0,62.0,84.0,40.0,84.0,54.0,50.0,54.0,58.0,72.0,53.0,65.0,60.0,44.0,68.0,30.0,66.0,72.0,83.0,38.0,47.0,74.0,74.0,75.0,52.0,52.0,52.0,70.0,95.0,9,0,0,0,3,6,,,,2.0,,1.0,,,,1.0,,,,,,,,,,,,,,,,1.0,,1.0,,,2.0,1.0,,,,,,,2.0,1.0,,,,,,,,,,,,,,,,,,,,,,,,,,,,,,,,,,,,,,,,,,,,,,,,,,,,,,,,,,,,,,,,,,,,,,,,,,,,
535,Kevon Looney,,C,,"6'9""",Board-Hunting Stretch Five,-2.5,,,,,,,,,,,,,D<85 no S7-9 mins,,,,,,,,,,,,,,,,,,,,,,,,,,,,,,,,,,,,,,,,,,,,,,,,,74.0,46.0,72.0,58.0,95.0,,54.0,74.0,44.0,69.0,55.0,50.0,35.0,74.0,58.0,69.0,74.0,63.0,85.0,96.0,84.0,61.0,70.0,75.0,70.0,55.0,52.0,62.0,38.0,66.0,57.0,55.0,61.0,48.0,66.0,55.0,64.0,72.0,46.0,59.0,70.0,74.0,64.0,65.0,86.0,94.0,77.0,40.0,95.0,8,0,0,3,1,4,,,,,,1.0,,,,1.0,1.0,,,,,1.0,,,,,,,,,,,,,,,,,,,,3.0,3.0,2.0,,3.0,,,,,,,,,,,,,,,,,,,,,,,,,,,,,,,,,,,,,,,,,,,,,,,,,,,,,,,,,,,,,,,,,,,,,,,,,,,,
533,Charles Smith,,PF,C,"6'10""",,-2.5,,,,,,,,,,,,,D<85 no S7-9 mins,,,,,,,,,,,,,,,,,,,,,,,,,,,,,,,,,,,,,,,,,,,,,,,,,79.0,72.0,72.0,72.0,70.0,,78.0,84.0,82.0,62.0,79.0,78.0,80.0,73.0,72.0,67.0,69.0,73.0,88.0,66.0,78.0,72.0,83.0,80.0,75.0,63.0,63.0,64.0,79.0,69.0,62.0,64.0,70.0,68.0,71.0,38.0,71.0,72.0,72.0,65.0,72.0,74.0,70.0,70.0,67.0,65.0,69.0,90.0,89.0,0,0,0,0,0,0,,,,,,,,,,,,,,,,,,,,,,,,,,,,,,,,,,,,,,,,,,,,,,,,,,,,,,,,,,,,,,,,,,,,,,,,,,,,,,,,,,,,,,,,,,,,,,,,,,,,,,,,,,,,,,,,,,,,
531,Jaylin Williams,,C,,"6'9""",Stretch Five Cleaner,-2.5,,,,,,,,,,,,,D<85 no S7-9 mins,,,,,,,,,,,,,,,,,,,,,,,,,,,,,,,,,,,,,,,,,,,,,,,,,78.0,54.0,68.0,50.0,30.0,,82.0,88.0,84.0,77.0,79.0,85.0,80.0,66.0,50.0,57.0,60.0,62.0,78.0,90.0,80.0,66.0,77.0,75.0,75.0,62.0,61.0,62.0,40.0,75.0,61.0,70.0,59.0,38.0,74.0,63.0,60.0,68.0,54.0,42.0,74.0,67.0,57.0,55.0,62.0,38.0,85.0,85.0,95.0,9,0,0,1,4,4,,,,1.0,,2.0,,,,,1.0,,,,,,,,,,,,,,2.0,,,1.0,,,,,,,,2.0,3.0,1.0,,2.0,,,,,,,,,,,,,,,,,,,,,,,,,,,,,,,,,,,,,,,,,,,,,,,,,,,,,,,,,,,,,,,,,,,,,,,,,,,,
529,Matt Barnes,,SF,PF,"6'7""",,-2.5,,,,,,,,,,,,,D<85 no S7-9 mins,,,,,,,,,,,,,,,,,,,,,,,,,,,,,,,,,,,,,,,,,,,,,,,,,76.0,80.0,74.0,74.0,35.0,,63.0,87.0,52.0,77.0,73.0,60.0,30.0,81.0,74.0,81.0,69.0,85.0,94.0,85.0,77.0,57.0,72.0,40.0,68.0,52.0,52.0,42.0,45.0,81.0,59.0,62.0,60.0,58.0,56.0,61.0,68.0,74.0,80.0,60.0,52.0,75.0,68.0,70.0,62.0,47.0,76.0,98.0,85.0,1,0,0,0,0,1,,,,,,,,,,,,,,,,,,,,,,,,,1.0,,,,,,,,,,,,,,,,,,,,,,,,,,,,,,,,,,,,,,,,,,,,,,,,,,,,,,,,,,,,,,,,,,,,,,,,,,,,,,,,,,,,,,,,,,,
527,Luke Kornet,,C,,"7'1""",Shot-Erasing Post Crasher,-2.5,,,,,,,,,,,,,D<85 no S7-9 mins,,,,,,,,,,,,,,,,,,,,,,,,,,,,,,,,,,,,,,,,,,,,,,,,,78.0,32.0,74.0,38.0,95.0,,75.0,85.0,56.0,70.0,82.0,80.0,75.0,62.0,38.0,37.0,66.0,62.0,85.0,85.0,77.0,72.0,60.0,75.0,60.0,78.0,78.0,78.0,58.0,85.0,46.0,50.0,43.0,33.0,60.0,43.0,61.0,74.0,32.0,37.0,82.0,76.0,54.0,70.0,79.0,90.0,68.0,85.0,95.0,11,0,0,0,3,8,,,,1.0,,,,,,1.0,,,1.0,,1.0,1.0,,,,,,,,,,,,2.0,,,,,,,1.0,2.0,1.0,2.0,,1.0,,,,,,,,,,,,,,,,,,,,,,,,,,,,,,,,,,,,,,,,,,,,,,,,,,,,,,,,,,,,,,,,,,,,,,,,,,,,
526,Mason Plumlee,,C,,"6'10""",Break-Starting Paint Finisher,-2.5,,,,,,,,,,,,,D<85 no S7-9 mins,,,,,,,,,,,,,,,,,,,,,,,,,,,,,,,,,,,,,,,,,,,,,,,,,76.0,46.0,74.0,57.0,95.0,,66.0,85.0,60.0,58.0,65.0,70.0,55.0,72.0,57.0,48.0,80.0,75.0,78.0,92.0,83.0,73.0,81.0,85.0,80.0,75.0,70.0,70.0,40.0,81.0,60.0,75.0,37.0,50.0,72.0,66.0,62.0,74.0,46.0,40.0,75.0,72.0,68.0,60.0,80.0,71.0,89.0,35.0,95.0,6,0,0,0,0,6,,,,,,,,,,1.0,,,,,,,,,,1.0,,,,,,,,,,,,,,,,1.0,1.0,1.0,,1.0,,,,,,,,,,,,,,,,,,,,,,,,,,,,,,,,,,,,,,,,,,,,,,,,,,,,,,,,,,,,,,,,,,,,,,,,,,,,
568,Bill Bradley,,SF,SG,"6'5""",,-2.5,,,,,,,,,,,,,D<85 no S7-9 mins,,,,426.0,,,,,,,,,,,,,,,,,,,,,,,,,,,,,,,,,,,,,,,,,,,,,80.0,78.0,65.0,58.0,45.0,,85.0,87.0,86.0,80.0,85.0,85.0,85.0,75.0,58.0,82.0,64.0,65.0,88.0,85.0,86.0,60.0,64.0,30.0,52.0,66.0,60.0,60.0,74.0,75.0,71.0,75.0,76.0,52.0,75.0,78.0,65.0,65.0,78.0,60.0,31.0,74.0,65.0,85.0,34.0,31.0,37.0,85.0,92.0,0,0,0,0,0,0,,,,,,,,,,,,,,,,,,,,,,,,,,,,,,,,,,,,,,,,,,,,,,,,,,,,,,,,,,,,,,,,,,,,,,,,,,,,,,,,,,,,,,,,,,,,,,,,,,,,,,,,,,,,,,,,,,,,
569,Cameron Johnson,,SF,SG,"6'8""",Crafty 3-Level Scorer,-2.5,,,,,,,,,,,,,D<85 no S7-9 mins,,,,,,,,,,,,,,,,,,,,,,,,,,,,,,,,,,,,,,,,,,,,,,,,,79.0,69.0,65.0,70.0,0.0,,75.0,54.0,70.0,84.0,85.0,80.0,75.0,75.0,70.0,70.0,60.0,79.0,85.0,86.0,78.0,66.0,79.0,60.0,60.0,69.0,69.0,69.0,64.0,57.0,53.0,59.0,59.0,43.0,66.0,39.0,60.0,65.0,69.0,37.0,51.0,64.0,68.0,65.0,45.0,39.0,51.0,75.0,95.0,6,0,0,1,2,3,2.0,1.0,,3.0,1.0,,,,,,1.0,,,,,,,,,,,,,,,,,,,,,,,,,,,,2.0,,,,,,,,,,,,,,,,,,,,,,,,,,,,,,,,,,,,,,,,,,,,,,,,,,,,,,,,,,,,,,,,,,,,,,,,,,,,,
570,Jeremy Sochan,,PF,C,"6'8""",Crafty Laymaking Point Four,-2.5,,,,,,,,,,,,,D<85 no S7-9 mins,,,,,,,,,,,,,,,,,,,,,,,,,,,,,,,,,,,,,,,,,,,,,,,,,74.0,74.0,65.0,70.0,50.0,,62.0,92.0,45.0,70.0,68.0,60.0,40.0,76.0,70.0,74.0,60.0,74.0,90.0,85.0,80.0,66.0,84.0,60.0,80.0,48.0,52.0,53.0,79.0,70.0,71.0,79.0,79.0,65.0,82.0,52.0,62.0,65.0,74.0,40.0,52.0,69.0,68.0,65.0,65.0,67.0,63.0,70.0,95.0,8,0,0,0,3,5,,,,,,,1.0,,1.0,,2.0,,,,,,,,,,,,2.0,,,1.0,,1.0,,,1.0,,,,,,,,,2.0,,,,,,,,,,,,,,,,,,,,,,,,,,,,,,,,,,,,,,,,,,,,,,,,,,,,,,,,,,,,,,,,,,,,,,,,,,,,
605,Duncan Robinson,,SG,SF,"6'7""",Crafty Sharpshooter,-2.5,,,,,,,,,,,,,D<85 no S7-9 mins,,,,,,,,,,,,,,,,,,,,,,,,,,,,,,,,,,,,,,,,,,,,,,,,,79.0,67.0,50.0,59.0,0.0,,85.0,97.0,81.0,84.0,76.0,85.0,85.0,66.0,59.0,67.0,35.0,72.0,85.0,75.0,83.0,55.0,75.0,30.0,70.0,40.0,44.0,35.0,54.0,90.0,60.0,66.0,72.0,56.0,70.0,37.0,56.0,50.0,67.0,37.0,51.0,64.0,65.0,60.0,40.0,32.0,47.0,85.0,95.0,5,0,0,3,1,1,3.0,2.0,,3.0,1.0,,,,,,,,,,,,,,,,,,,,,,,,,,,,,,,,,,3.0,,,,,,,,,,,,,,,,,,,,,,,,,,,,,,,,,,,,,,,,,,,,,,,,,,,,,,,,,,,,,,,,,,,,,,,,,,,,,
603,Simone Fontecchio,,SF,PF,"6'7""",Crafty 3-Level Scorer,-2.5,,,,,,,,,,,,,D<85 no S7-9 mins,,,,,,,,,,,,,,,,,,,,,,,,,,,,,,,,,,,,,,,,,,,,,,,,,75.0,65.0,51.0,55.0,15.0,,74.0,73.0,83.0,80.0,83.0,75.0,50.0,69.0,55.0,66.0,62.0,55.0,80.0,95.0,80.0,59.0,79.0,40.0,65.0,50.0,50.0,50.0,67.0,69.0,54.0,55.0,58.0,52.0,60.0,44.0,51.0,51.0,65.0,42.0,42.0,64.0,47.0,45.0,55.0,47.0,63.0,80.0,95.0,2,0,0,0,2,0,,,,2.0,,,,,,,,,,,,,,,,,,,,,,,,,,,,,,,,,,,2.0,,,,,,,,,,,,,,,,,,,,,,,,,,,,,,,,,,,,,,,,,,,,,,,,,,,,,,,,,,,,,,,,,,,,,,,,,,,,,
602,Bogdan Bogdanovic,,SG,SF,"6'5""",Physical Sharpshooter,-2.5,,,,,,,,,,,,,D<85 no S7-9 mins,,,,,,,,,,,,,,,,,,,,,,,,,,,,,,,,,,,,,,,,,,,,,,,,,74.0,63.0,44.0,75.0,10.0,,71.0,73.0,80.0,77.0,83.0,70.0,45.0,74.0,75.0,75.0,63.0,78.0,89.0,67.0,77.0,63.0,75.0,50.0,65.0,62.0,57.0,57.0,50.0,85.0,71.0,71.0,76.0,73.0,70.0,65.0,48.0,44.0,63.0,46.0,37.0,57.0,52.0,40.0,46.0,33.0,58.0,50.0,95.0,9,0,0,2,4,3,2.0,,,3.0,2.0,,2.0,,1.0,,,,,,,,,2.0,1.0,,,,1.0,,,,,,,,,,,,,,,,3.0,,,,,,,,,,,,,,,,,,,,,,,,,,,,,,,,,,,,,,,,,,,,,,,,,,,,,,,,,,,,,,,,,,,,,,,,,,,,,
601,Naji Marshall,,PF,SF,"6'6""",Crafty Laymaker,-2.5,,,,,,,,,,,,,D<85 no S7-9 mins,,,,,,,,,,,,,,,,,,,,,,,,,,,,,,,,,,,,,,,,,,,,,,,,,81.0,60.0,52.0,62.0,60.0,,82.0,98.0,76.0,71.0,76.0,85.0,85.0,71.0,62.0,65.0,67.0,75.0,85.0,70.0,80.0,70.0,89.0,45.0,70.0,57.0,58.0,58.0,86.0,95.0,69.0,75.0,74.0,62.0,75.0,60.0,51.0,52.0,60.0,49.0,32.0,62.0,64.0,40.0,50.0,40.0,61.0,,95.0,8,0,0,2,5,1,,,,,,,2.0,,2.0,2.0,3.0,,,,,,,2.0,2.0,,,,3.0,,,,,1.0,,,,,,,,,,,,,,,,,,,,,,,,,,,,,,,,,,,,,,,,,,,,,,,,,,,,,,,,,,,,,,,,,,,,,,,,,,,,,,,,,,,,,,,,
600,Terance Mann,,SG,SF,"6'5""",Crafty Laymaking Combo Guard,-2.5,,,,,,,,,,,,,D<85 no S7-9 mins,,,,,,,,,,,,,,,,,,,,,,,,,,,,,,,,,,,,,,,,,,,,,,,,,75.0,66.0,54.0,71.0,60.0,,74.0,85.0,71.0,81.0,80.0,70.0,60.0,75.0,71.0,73.0,50.0,79.0,85.0,90.0,80.0,59.0,83.0,45.0,75.0,47.0,50.0,50.0,49.0,75.0,76.0,79.0,79.0,70.0,83.0,69.0,54.0,54.0,66.0,42.0,47.0,62.0,59.0,50.0,50.0,49.0,50.0,80.0,95.0,3,0,0,0,2,1,,,,2.0,,,,,,,,,,,,,,,,,,,,,,,,,,,1.0,,,,,,,,2.0,,,,,,,,,,,,,,,,,,,,,,,,,,,,,,,,,,,,,,,,,,,,,,,,,,,,,,,,,,,,,,,,,,,,,,,,,,,,,
597,Corey Kispert,,SF,PF,"6'6""",Crafty Sharpshooter,-2.5,,,,,,,,,,,,,D<85 no S7-9 mins,,,,,,,,,,,,,,,,,,,,,,,,,,,,,,,,,,,,,,,,,,,,,,,,,77.0,70.0,54.0,76.0,25.0,,79.0,92.0,89.0,83.0,84.0,75.0,50.0,74.0,76.0,76.0,60.0,69.0,84.0,80.0,80.0,50.0,70.0,40.0,60.0,38.0,39.0,39.0,42.0,75.0,63.0,66.0,71.0,66.0,69.0,43.0,58.0,54.0,70.0,35.0,45.0,69.0,67.0,65.0,44.0,36.0,52.0,45.0,95.0,5,0,0,1,3,1,2.0,2.0,,3.0,1.0,,,,,,,,,,,,,,,,,,,,,,,,,,,,,,,,,,2.0,,,,,,,,,,,,,,,,,,,,,,,,,,,,,,,,,,,,,,,,,,,,,,,,,,,,,,,,,,,,,,,,,,,,,,,,,,,,,
692,Brice Sensabaugh,,SG,SF,"6'5""",Mid-Paint Bully,-2.5,,,,,,,,,,,,,D<85 no S7-9 mins,,,,,,,,,,,,,,,,,,,,,,,,,,,,,,,,,,,,,,,,,,,,,,,,,79.0,55.0,50.0,65.0,20.0,,85.0,98.0,83.0,80.0,83.0,85.0,80.0,71.0,65.0,67.0,64.0,70.0,88.0,70.0,79.0,61.0,83.0,35.0,60.0,57.0,59.0,57.0,41.0,95.0,61.0,65.0,74.0,62.0,63.0,41.0,46.0,50.0,55.0,42.0,37.0,55.0,50.0,35.0,47.0,42.0,52.0,85.0,95.0,5,0,0,0,2,3,1.0,,,2.0,2.0,,1.0,,,,1.0,,,,,,,,,,,,,,,,,,,,,,,,,,,,,,,,,,,,,,,,,,,,,,,,,,,,,,,,,,,,,,,,,,,,,,,,,,,,,,,,,,,,,,,,,,,,,,,,,,,,,,,,,
688,Bill Cartwright,,C,PF,"7'1""",,-2.5,,,,,,,,,,,,,D<85 no S7-9 mins,,,373.0,,,,,,,,,,,,,,,,,,,,,,,,,,,,,,,,,,,,,,,,,,,,,,75.0,25.0,75.0,54.0,99.0,,65.0,74.0,52.0,25.0,76.0,85.0,80.0,58.0,54.0,25.0,75.0,35.0,78.0,60.0,79.0,64.0,32.0,70.0,40.0,65.0,74.0,74.0,72.0,85.0,35.0,40.0,26.0,40.0,40.0,30.0,62.0,75.0,25.0,45.0,51.0,83.0,75.0,80.0,66.0,63.0,69.0,90.0,85.0,5,0,0,2,3,0,,,,,,,,,,,,,,,,,,,,,,,,,,2.0,,,,,,,2.0,,,2.0,3.0,3.0,,,,,,,,,,,,,,,,,,,,,,,,,,,,,,,,,,,,,,,,,,,,,,,,,,,,,,,,,,,,,,,,,,,,,,,,,,,,,,
687,Anthony Black,,PG,SG,"6'7""",2-Way Crafty Laymaker,-2.5,,,,,,,,,,,,,D<85 no S7-9 mins,,,,334.0,,,,,,,,,,,,,,,,,,,,,,,,,,,,,,0.0,,0.0,0.0,0.0,0.0,,1.7,0.5,5.1,1.7,0.0,,6.0,3.5,82.0,84.0,63.0,75.0,65.0,,80.0,82.0,75.0,77.0,74.0,85.0,85.0,79.0,75.0,85.0,58.0,75.0,92.0,90.0,80.0,64.0,88.0,35.0,75.0,48.0,52.0,52.0,74.0,90.0,77.0,80.0,86.0,74.0,77.0,67.0,74.0,63.0,84.0,66.0,60.0,84.0,82.0,80.0,45.0,37.0,53.0,90.0,95.0,11,0,0,0,7,4,,,,1.0,,,2.0,,1.0,,2.0,,,,,,,,,,,,,,,2.0,2.0,2.0,2.0,1.0,2.0,1.0,,,,,,,,,,6.0,21.0,0.0,3.0,1.0,1.0,0.0,2.0,0.0,2.0,0.0,2.0,0.0,0.0,0.0,3.0,3.0,3.5,0.0,0.5,0.2,0.2,0.0,0.3,0.0,0.5,0.5,0.0,,0.0,,0.0,5.1,1.7,1.7,0.0,3.4,0.0,5.1,5.1,,,,,0.0,0.0,0.14,0.0,,,,,,,,,,,,,,,,,,,,,,,,,,,
686,Amir Coffey,,SF,SG,"6'7""",Crafty Mid-Range Menace,-2.5,,,,,,,,,,,,,D<85 no S7-9 mins,,,,,,,,,,,,,,,,,,,,,,,,,,,,,,,,,,,,,,,,,,,,,,,,,74.0,64.0,47.0,75.0,15.0,,72.0,71.0,94.0,73.0,86.0,60.0,50.0,71.0,75.0,75.0,52.0,75.0,80.0,70.0,79.0,57.0,84.0,25.0,75.0,38.0,53.0,54.0,49.0,81.0,66.0,72.0,75.0,75.0,74.0,34.0,54.0,47.0,64.0,36.0,51.0,68.0,64.0,50.0,44.0,41.0,46.0,50.0,95.0,0,0,0,0,0,0,,,,,,,,,,,,,,,,,,,,,,,,,,,,,,,,,,,,,,,,,,,,,,,,,,,,,,,,,,,,,,,,,,,,,,,,,,,,,,,,,,,,,,,,,,,,,,,,,,,,,,,,,,,,,,,,,,,,
682,AJ Green,,SF,PF,"6'4""",Iso Sniper,-2.5,,,,,,,,,,,,,D<85 no S7-9 mins,,,,,,,,,,,,,,,,,,,,,,,,,,,,,,,,,,,,,,,,,,,,,,,,,77.0,63.0,40.0,69.0,0.0,,79.0,85.0,80.0,87.0,82.0,70.0,70.0,68.0,69.0,69.0,42.0,75.0,80.0,70.0,80.0,47.0,74.0,40.0,40.0,34.0,34.0,34.0,40.0,80.0,63.0,69.0,73.0,68.0,69.0,37.0,47.0,40.0,63.0,36.0,32.0,50.0,60.0,45.0,38.0,30.0,46.0,75.0,95.0,5,0,0,4,0,1,3.0,1.0,,3.0,,,,,,,,,,,,,,3.0,,,,,,,,,,,,,,,,,,,,,3.0,,,,,,,,,,,,,,,,,,,,,,,,,,,,,,,,,,,,,,,,,,,,,,,,,,,,,,,,,,,,,,,,,,,,,,,,,,,,,
551,Caleb Martin,,SF,PF,"6'5""",Crafty Stretch Ball Hawk,-2.5,,,,,,,,,,,,,D<85 no S7-9 mins,,,,,,,,,,,,,,,,,,,,,,,,,,,,,,,,,,,,,,,,,,,,,,,,,74.0,75.0,68.0,68.0,10.0,,64.0,64.0,47.0,83.0,62.0,80.0,45.0,75.0,68.0,74.0,58.0,74.0,85.0,90.0,80.0,58.0,84.0,25.0,70.0,55.0,54.0,54.0,48.0,75.0,62.0,62.0,69.0,59.0,69.0,52.0,69.0,68.0,75.0,76.0,51.0,74.0,72.0,70.0,52.0,42.0,61.0,,95.0,4,0,0,0,3,1,1.0,,,2.0,2.0,,,,,,,,,,,,,,,,,,,,,,,,,,,,,,,,,,2.0,,,,,,,,,,,,,,,,,,,,,,,,,,,,,,,,,,,,,,,,,,,,,,,,,,,,,,,,,,,,,,,,,,,,,,,,,,,,,
550,Zach Collins,,C,,"6'11""",Post-Scoring Stretch,-2.5,,,,,,,,,,,,,D<85 no S7-9 mins,,,,,,,,,,,,,,,,,,,,,,,,,,,,,,,,,,,,,,,,,,,,,,,,,77.0,45.0,68.0,66.0,50.0,,73.0,89.0,79.0,80.0,70.0,70.0,50.0,70.0,66.0,65.0,60.0,79.0,75.0,75.0,80.0,72.0,70.0,70.0,65.0,84.0,78.0,83.0,50.0,75.0,36.0,30.0,40.0,38.0,30.0,44.0,53.0,68.0,45.0,31.0,58.0,67.0,65.0,40.0,75.0,68.0,82.0,75.0,95.0,6,0,0,0,2,4,,,,,,,,2.0,,2.0,1.0,1.0,,,1.0,,,,,,,,,,,,,,,,,,,,,,,1.0,,,,,,,,,,,,,,,,,,,,,,,,,,,,,,,,,,,,,,,,,,,,,,,,,,,,,,,,,,,,,,,,,,,,,,,,,,,,,,
545,Patrick Williams,,PF,SF,"6'7""",2-Way Stretch Four,-2.5,,,,,,,,,,,,,D<85 no S7-9 mins,,,,,,,,,,,,,,,,,,,,,,,,,,,,,,,,,,,,,,,,,,,,,,,,,75.0,76.0,70.0,70.0,10.0,,68.0,59.0,81.0,82.0,70.0,60.0,55.0,75.0,70.0,74.0,64.0,77.0,88.0,75.0,81.0,56.0,68.0,60.0,65.0,44.0,42.0,40.0,45.0,80.0,59.0,60.0,70.0,64.0,62.0,38.0,64.0,70.0,76.0,43.0,52.0,80.0,65.0,65.0,50.0,46.0,54.0,70.0,95.0,4,0,0,1,1,2,1.0,,,3.0,2.0,,,,,,,,,,,,,,,,,,,,,,,,,,,,,,,,,,1.0,,,,,,,,,,,,,,,,,,,,,,,,,,,,,,,,,,,,,,,,,,,,,,,,,,,,,,,,,,,,,,,,,,,,,,,,,,,,,
432,Isaiah Hartenstein,,C,,"7'0""",Mid-Paint Board Enforcer,-2.5,,,,,,,,,,,,,D<85 no S7-9 mins,,356.0,289.0,268.0,,,,,,,,,,,,,,,,,,,,,,,,,,,,,,7.9,,0.87,0.0,,0.83,0.5,1.2,3.0,13.2,0.0,0.8,0.0,11.0,7.9,83.0,41.0,83.0,62.0,95.0,,72.0,97.0,85.0,55.0,61.0,75.0,60.0,76.0,62.0,62.0,84.0,70.0,80.0,95.0,77.0,75.0,77.0,90.0,80.0,74.0,64.0,70.0,72.0,75.0,55.0,50.0,56.0,42.0,60.0,68.0,66.0,83.0,41.0,56.0,71.0,80.0,54.0,80.0,89.0,90.0,88.0,65.0,95.0,11,0,0,5,2,4,,,,,,1.0,,1.0,,3.0,2.0,,1.0,,,3.0,,,,,,,,,,,,,,,,,,,1.0,3.0,3.0,3.0,,2.0,,11.0,87.0,19.0,32.0,3.0,0.0,2.0,1.0,9.0,10.0,0.0,0.0,1.0,2.0,7.0,25.0,3.0,7.9,1.7,2.9,0.3,0.0,0.2,0.1,0.6,2.3,0.3,0.9,0.9,,0.5,7.9,13.2,1.2,0.0,0.8,0.4,2.9,10.3,1.2,,,,,0.9,0.87,0.37,0.22,,,,,,,,,,,,,,,,,,,,,,,,,,,
544,Marvin Bagley III,,C,PF,"6'10""",Possession Extender,-2.5,,,,,,,,,,,,,D<85 no S7-9 mins,,,,,,,,,,,,,,,,,,,,,,,,,,,,,,,,,,,,,,,,,,,,,,,,,79.0,49.0,58.0,73.0,85.0,,78.0,93.0,79.0,77.0,67.0,75.0,75.0,80.0,73.0,74.0,80.0,86.0,85.0,80.0,87.0,72.0,78.0,70.0,75.0,78.0,78.0,78.0,50.0,70.0,55.0,47.0,62.0,64.0,60.0,41.0,55.0,58.0,49.0,40.0,72.0,60.0,65.0,40.0,81.0,90.0,72.0,70.0,95.0,5,0,0,0,1,4,,,,,,2.0,,1.0,,1.0,,,1.0,,,,,,,,,,,,,,,,,,,,,,,,,1.0,,,,,,,,,,,,,,,,,,,,,,,,,,,,,,,,,,,,,,,,,,,,,,,,,,,,,,,,,,,,,,,,,,,,,,,,,,,,,,
542,Isaiah Jackson,,C,PF,"6'9""",Putback Pro,-2.5,,,,,,,,,,,,,D<85 no S7-9 mins,,,,,,,,,,,,,,,,,,,,,,,,,,,,,,,,,,,,,,,,,,,,,,,,,76.0,54.0,70.0,73.0,0.0,,66.0,92.0,69.0,59.0,68.0,60.0,45.0,77.0,73.0,73.0,65.0,81.0,82.0,90.0,80.0,64.0,70.0,75.0,70.0,59.0,48.0,55.0,59.0,80.0,46.0,40.0,59.0,54.0,44.0,32.0,62.0,70.0,54.0,63.0,77.0,66.0,49.0,55.0,82.0,88.0,77.0,60.0,95.0,6,0,0,1,1,4,,,,,,1.0,,,,,,,,,,,,,,,,,,,,,,1.0,,,,,,,,1.0,3.0,1.0,,2.0,,,,,,,,,,,,,,,,,,,,,,,,,,,,,,,,,,,,,,,,,,,,,,,,,,,,,,,,,,,,,,,,,,,,,,,,,,,,
541,Jalen Smith,,C,PF,"6'9""",Stretch Lob Threat Cleaner,-2.5,,,,,,,,,,,,,D<85 no S7-9 mins,,,,,,,,,,,,,,,,,,,,,,,,,,,,,,,,,,,,,,,,,,,,,,,,,79.0,48.0,70.0,69.0,20.0,,78.0,79.0,72.0,82.0,73.0,85.0,80.0,73.0,69.0,68.0,65.0,86.0,82.0,70.0,80.0,73.0,69.0,85.0,80.0,72.0,71.0,71.0,57.0,80.0,39.0,29.0,38.0,49.0,40.0,37.0,56.0,70.0,48.0,37.0,76.0,73.0,44.0,45.0,78.0,69.0,87.0,85.0,95.0,5,0,0,0,2,3,,,,,,,,,,2.0,1.0,,,,,,,,,,,,,,,,,,,,,,,,,2.0,1.0,,,1.0,,,,,,,,,,,,,,,,,,,,,,,,,,,,,,,,,,,,,,,,,,,,,,,,,,,,,,,,,,,,,,,,,,,,,,,,,,,,
540,Kelly Olynyk,,C,PF,"6'11""",Crafty Stretch Five Dimer,-2.5,,,,,,,,,,,,,D<85 no S7-9 mins,,,,,,,,,,,,,,,,,,,,,,,,,,,,,,,,,,,,,,,,,,,,,,,,,75.0,50.0,70.0,31.0,25.0,,73.0,93.0,70.0,74.0,67.0,70.0,65.0,62.0,31.0,35.0,70.0,55.0,89.0,90.0,82.0,71.0,75.0,70.0,60.0,79.0,79.0,79.0,49.0,78.0,57.0,70.0,42.0,25.0,76.0,70.0,58.0,70.0,50.0,53.0,60.0,66.0,45.0,65.0,68.0,66.0,71.0,40.0,95.0,7,0,0,1,2,4,1.0,,,2.0,,,,,,3.0,1.0,,1.0,,2.0,,,,,,,,,,,,,,,,,,,,,,,1.0,,,,,,,,,,,,,,,,,,,,,,,,,,,,,,,,,,,,,,,,,,,,,,,,,,,,,,,,,,,,,,,,,,,,,,,,,,,,,,
538,Jerami Grant,,PF,SF,"6'7""",Crafty Inside-Out Scorer,-2.5,,,,,,,,,,,,,D<85 no S7-9 mins,,,315.0,407.0,,,,,,,,,,,,,,,,,,,,,,,,,,,,,,0.0,,,0.0,,0.0,,0.0,,0.0,0.0,0.0,,1.0,2.0,82.0,69.0,70.0,77.0,45.0,,79.0,78.0,53.0,81.0,83.0,95.0,85.0,82.0,77.0,77.0,69.0,78.0,95.0,94.0,82.0,77.0,89.0,80.0,85.0,62.0,59.0,69.0,75.0,95.0,66.0,69.0,76.0,72.0,70.0,44.0,66.0,70.0,69.0,38.0,58.0,77.0,72.0,75.0,44.0,41.0,48.0,95.0,95.0,10,0,0,0,5,5,,,,2.0,,2.0,1.0,,2.0,,1.0,,,1.0,,,,,,,,,2.0,,,,,1.0,,,,,,,,,,,2.0,1.0,,1.0,2.0,0.0,0.0,0.0,0.0,0.0,0.0,0.0,0.0,0.0,0.0,0.0,0.0,0.0,0.0,0.0,2.0,0.0,0.0,0.0,0.0,0.0,0.0,0.0,0.0,0.0,,,,,0.0,0.0,0.0,0.0,0.0,0.0,0.0,0.0,0.0,,,,,,,0.0,0.0,,,,,,,,,,,,,,,,,,,,,,,,,,,
548,Paul Reed,,C,PF,"6'9""",Ball-Snatching Middy Scorer,-2.5,,,,,,,,,,,,,D<85 no S7-9 mins,,,,,,,,,,,,,,,,,,,,,,,,,,,,,,,,,,,,,,,,,,,,,,,,,76.0,43.0,69.0,49.0,70.0,,70.0,97.0,83.0,77.0,63.0,60.0,40.0,68.0,49.0,52.0,84.0,65.0,80.0,80.0,80.0,72.0,69.0,80.0,75.0,70.0,70.0,70.0,64.0,75.0,46.0,48.0,52.0,41.0,44.0,47.0,65.0,69.0,43.0,89.0,88.0,66.0,58.0,40.0,85.0,93.0,77.0,50.0,95.0,8,0,0,0,1,7,,,,,,,,,,1.0,1.0,,1.0,1.0,,,,,,,,,,,,,,,1.0,,,,,,,1.0,2.0,,,1.0,,,,,,,,,,,,,,,,,,,,,,,,,,,,,,,,,,,,,,,,,,,,,,,,,,,,,,,,,,,,,,,,,,,,,,,,,,,,
565,Obi Toppin,,PF,C,"6'9""",Inside-Out Rim Wrecker,-2.5,,,,,,,,,,,,,D<85 no S7-9 mins,,,,,,,,,,,,,,,,,,,,,,,,,,,,,,,,,,,,,,,,,,,,,,,,,80.0,48.0,66.0,70.0,35.0,,73.0,98.0,53.0,80.0,79.0,70.0,60.0,77.0,70.0,69.0,74.0,90.0,88.0,70.0,88.0,77.0,88.0,85.0,90.0,67.0,67.0,69.0,60.0,90.0,55.0,55.0,60.0,56.0,59.0,44.0,52.0,66.0,48.0,42.0,56.0,62.0,47.0,40.0,58.0,45.0,72.0,95.0,95.0,13,0,0,4,6,3,1.0,,,2.0,,3.0,,,,,3.0,,,2.0,,1.0,,2.0,3.0,,,,2.0,,,,,2.0,,,,,,,,,1.0,,2.0,3.0,,,,,,,,,,,,,,,,,,,,,,,,,,,,,,,,,,,,,,,,,,,,,,,,,,,,,,,,,,,,,,,,,,,,,,,,,,,,
564,Kyle Kuzma,,PF,SF,"6'9""",2-Way Skilled Stretch,-2.5,,,,,,,,,,,,,D<85 no S7-9 mins,,,418.0,,,,,,,,,,,,,,,,,,,,,,,,,,,,,,,,,,,,,,,,,,,,,,79.0,75.0,66.0,74.0,20.0,,74.0,80.0,77.0,77.0,72.0,70.0,70.0,80.0,74.0,74.0,74.0,75.0,85.0,95.0,83.0,71.0,75.0,75.0,75.0,66.0,65.0,66.0,50.0,95.0,69.0,66.0,77.0,67.0,78.0,56.0,64.0,66.0,75.0,38.0,53.0,74.0,72.0,70.0,55.0,43.0,67.0,50.0,95.0,14,0,0,1,6,7,1.0,,,2.0,,,2.0,,2.0,1.0,2.0,,,1.0,,,,1.0,2.0,,,,1.0,,,,,,,,1.0,,,,,,1.0,,2.0,3.0,,,,,,,,,,,,,,,,,,,,,,,,,,,,,,,,,,,,,,,,,,,,,,,,,,,,,,,,,,,,,,,,,,,,,,,,,,,,
561,Keldon Johnson,,SF,PF,"6'5""",3PT-Sniping Layup Bully,-2.5,,,,,,,,,,,,,D<85 no S7-9 mins,,,,,,,,,,,,,,,,,,,,,,,,,,,,,,,,,,,,,,,,,,,,,,,,,79.0,73.0,67.0,76.0,40.0,,78.0,98.0,83.0,81.0,78.0,60.0,70.0,80.0,76.0,78.0,70.0,71.0,90.0,95.0,80.0,71.0,87.0,65.0,75.0,59.0,62.0,62.0,61.0,95.0,67.0,74.0,79.0,73.0,74.0,36.0,59.0,67.0,73.0,41.0,37.0,69.0,64.0,65.0,66.0,65.0,68.0,70.0,95.0,8,0,0,2,3,3,1.0,,,1.0,,,,,,,2.0,,,,,,,,,,,,,,,,,2.0,,,1.0,,,,,,3.0,,2.0,3.0,,,,,,,,,,,,,,,,,,,,,,,,,,,,,,,,,,,,,,,,,,,,,,,,,,,,,,,,,,,,,,,,,,,,,,,,,,,,
560,Darryl Dawkins,,C,,"6'11""",,-2.5,,,,,,,,,,,,,D<85 no S7-9 mins,,,,,,,,,,,,,,,,,,,,,,,,,,,,,,,,,,,,,,,,,,,,,,,,,74.0,44.0,68.0,72.0,99.0,,54.0,67.0,55.0,25.0,70.0,50.0,55.0,72.0,72.0,45.0,80.0,90.0,75.0,70.0,75.0,75.0,64.0,98.0,85.0,70.0,65.0,64.0,70.0,80.0,38.0,34.0,45.0,47.0,30.0,33.0,56.0,68.0,44.0,57.0,76.0,52.0,48.0,45.0,73.0,60.0,86.0,70.0,92.0,4,0,0,3,0,1,,,,,,3.0,,,,,,,,,,3.0,,,,,,,,,,,,,,,,,,,,1.0,,3.0,,,,,,,,,,,,,,,,,,,,,,,,,,,,,,,,,,,,,,,,,,,,,,,,,,,,,,,,,,,,,,,,,,,,,,,,,,,,,,
558,Royce O'Neale,,PF,SF,"6'6""",2-Way Stretch Four,-2.5,,,,,,,,,,,,,D<85 no S7-9 mins,,,,,,,,,,,,,,,,,,,,,,,,,,,,,,,,,,,,,,,,,,,,,,,,,77.0,80.0,68.0,62.0,15.0,,74.0,76.0,70.0,84.0,70.0,75.0,70.0,73.0,62.0,83.0,67.0,65.0,80.0,80.0,82.0,63.0,80.0,55.0,70.0,54.0,52.0,59.0,59.0,75.0,61.0,60.0,68.0,62.0,63.0,50.0,68.0,68.0,80.0,56.0,51.0,80.0,68.0,75.0,52.0,40.0,65.0,70.0,95.0,6,0,0,0,4,2,,,,2.0,,,,,,,,,,,,,,,2.0,,,,,,,1.0,,,,,2.0,,,,,,,,1.0,2.0,,,,,,,,,,,,,,,,,,,,,,,,,,,,,,,,,,,,,,,,,,,,,,,,,,,,,,,,,,,,,,,,,,,,,,,,,,,,
557,Gary Harris,,SF,SG,"6'4""",3 & D Dime Dropper,-2.5,,,,,,,,,,,,,D<85 no S7-9 mins,,,,,,,,,,,,,,,,,,,,,,,,,,,,,,,,,,,,,,,,,,,,,,,,,73.0,80.0,68.0,75.0,20.0,,71.0,85.0,79.0,87.0,79.0,60.0,35.0,75.0,75.0,80.0,53.0,78.0,85.0,80.0,83.0,54.0,78.0,40.0,50.0,28.0,51.0,47.0,60.0,75.0,67.0,75.0,76.0,70.0,75.0,37.0,67.0,68.0,80.0,59.0,50.0,80.0,55.0,80.0,42.0,38.0,46.0,30.0,95.0,4,0,0,0,1,3,1.0,,,2.0,,,,,,,,,,,,,,,,,,,,,,,,,,,1.0,,,,,,,,1.0,,,,,,,,,,,,,,,,,,,,,,,,,,,,,,,,,,,,,,,,,,,,,,,,,,,,,,,,,,,,,,,,,,,,,,,,,,,,,
556,Taylor Hendricks,,PF,SF,"6'9""",Crafty 3-Level Scorer,-2.5,,,,,,,,,,,,,D<85 no S7-9 mins,,,,,,,,,,,,,,,,,,,,,,,,,,,,,,,,,,,,,,,,,,,,,,,,,75.0,68.0,68.0,72.0,40.0,,73.0,87.0,78.0,81.0,63.0,70.0,60.0,77.0,72.0,75.0,62.0,78.0,92.0,85.0,80.0,63.0,82.0,60.0,75.0,54.0,54.0,54.0,42.0,85.0,58.0,55.0,69.0,69.0,62.0,33.0,60.0,68.0,68.0,46.0,56.0,67.0,62.0,50.0,61.0,56.0,66.0,40.0,95.0,1,0,0,0,0,1,,,,1.0,,,,,,,,,,,,,,,,,,,,,,,,,,,,,,,,,,,,,,,,,,,,,,,,,,,,,,,,,,,,,,,,,,,,,,,,,,,,,,,,,,,,,,,,,,,,,,,,,,,,,,,,,,,,,,,,
555,Moses Moody,,SF,SG,"6'5""",Crafty 3PT-Sniping Creator,-2.5,,,,,,,,,,,,,D<85 no S7-9 mins,,,,,,,,,,,,,,,,,,,,,,,,,,,,,,,,,,,,,,,,,,,,,,,,,79.0,71.0,68.0,73.0,20.0,,76.0,82.0,72.0,86.0,77.0,70.0,70.0,76.0,73.0,77.0,68.0,70.0,88.0,80.0,80.0,61.0,84.0,40.0,70.0,44.0,48.0,49.0,70.0,80.0,62.0,65.0,74.0,70.0,64.0,37.0,64.0,68.0,71.0,53.0,60.0,69.0,60.0,65.0,47.0,42.0,52.0,85.0,95.0,3,0,0,1,0,2,,,,3.0,,,,,,,1.0,,,,,,,,,,,,,,,,,,,,,,,,,,,,1.0,,,,,,,,,,,,,,,,,,,,,,,,,,,,,,,,,,,,,,,,,,,,,,,,,,,,,,,,,,,,,,,,,,,,,,,,,,,,,
554,James Posey,,SF,PF,"6'8""",,-2.5,,,,,,,,,,,,,D<85 no S7-9 mins,,,,,,,,,,,,,,,,,,,,,,,,,,,,,,,,,,0.0,,,0.0,,0.0,,9.0,,0.0,0.0,0.0,,1.0,4.0,76.0,81.0,68.0,72.0,30.0,,73.0,75.0,78.0,83.0,81.0,78.0,45.0,77.0,72.0,85.0,70.0,80.0,85.0,70.0,77.0,56.0,74.0,40.0,65.0,47.0,55.0,48.0,40.0,80.0,62.0,62.0,73.0,66.0,61.0,48.0,73.0,68.0,81.0,67.0,57.0,78.0,78.0,80.0,52.0,57.0,46.0,60.0,89.0,0,0,0,0,0,0,,,,,,,,,,,,,,,,,,,,,,,,,,,,,,,,,,,,,,,,,,1.0,4.0,0.0,0.0,1.0,0.0,0.0,0.0,0.0,0.0,0.0,0.0,0.0,0.0,0.0,0.0,0.0,4.0,0.0,0.0,1.0,0.0,0.0,0.0,0.0,0.0,0.0,,,,,0.0,0.0,9.0,0.0,0.0,0.0,0.0,0.0,0.0,,,,,,,0.0,0.0,,,,,,,,,,,,,,,,,,,,,,,,,,,
553,Isaac Okoro,,SF,SG,"6'5""",2-Way 3PT Sniper,-2.5,,,,,,,,,,,,,D<85 no S7-9 mins,,,,,,,,,,,,,,,,,,,,,,,,,,,,,,,,,,,,,,,,,,,,,,,,,77.0,84.0,68.0,77.0,50.0,,67.0,68.0,60.0,77.0,79.0,75.0,45.0,81.0,77.0,85.0,67.0,80.0,89.0,90.0,82.0,60.0,80.0,45.0,75.0,47.0,49.0,47.0,54.0,80.0,62.0,65.0,71.0,73.0,67.0,34.0,70.0,68.0,84.0,40.0,55.0,80.0,82.0,80.0,44.0,48.0,41.0,80.0,95.0,5,0,0,0,2,3,,,,,,,,,,,,,,,,,,,,,,,,,,2.0,,,,,1.0,2.0,,1.0,,,,,,1.0,,,,,,,,,,,,,,,,,,,,,,,,,,,,,,,,,,,,,,,,,,,,,,,,,,,,,,,,,,,,,,,,,,,,,,,,,,,,
552,Grant Williams,,PF,C,"6'6""",Stretch Four Dimer,-2.5,,,,,,,,,,,,,D<85 no S7-9 mins,,,,,,,,,,,,,,,,,,,,,,,,,,,,,,,,,,,,,,,,,,,,,,,,,76.0,68.0,68.0,58.0,40.0,,75.0,88.0,77.0,78.0,83.0,70.0,55.0,72.0,58.0,70.0,73.0,66.0,88.0,80.0,80.0,61.0,77.0,50.0,60.0,59.0,58.0,66.0,37.0,80.0,61.0,69.0,66.0,54.0,72.0,44.0,60.0,68.0,68.0,36.0,56.0,69.0,60.0,60.0,65.0,65.0,65.0,60.0,95.0,6,0,0,0,3,3,,,,2.0,,,,,,,1.0,,,,,,,,1.0,,,,,,,,,,,,1.0,,,,,,2.0,,,2.0,,,,,,,,,,,,,,,,,,,,,,,,,,,,,,,,,,,,,,,,,,,,,,,,,,,,,,,,,,,,,,,,,,,,,,,,,,,,
697,Day'Ron Sharpe,,C,,"6'9""",Ball Snatcher,-2.5,,,,,,,,,,,,,D<85 no S7-9 mins,,,,,,,,,,,,,,,,,,,,,,,,,,,,,,,,,,,,,,,,,,,,,,,,,78.0,60.0,69.0,61.0,99.0,,72.0,89.0,74.0,60.0,68.0,75.0,65.0,75.0,61.0,61.0,79.0,73.0,80.0,95.0,80.0,58.0,76.0,75.0,70.0,48.0,35.0,48.0,44.0,70.0,59.0,62.0,58.0,38.0,66.0,70.0,66.0,69.0,60.0,88.0,61.0,69.0,55.0,60.0,90.0,92.0,87.0,60.0,95.0,7,0,0,2,2,3,,,,,,2.0,,,,,,,,,,1.0,,,,,,,,,,,,1.0,,,,,,,,3.0,3.0,2.0,,1.0,,,,,,,,,,,,,,,,,,,,,,,,,,,,,,,,,,,,,,,,,,,,,,,,,,,,,,,,,,,,,,,,,,,,,,,,,,,,
695,Chris Boucher,,C,PF,"6'9""",Stretch Lob Threat,-2.5,,,,,,,,,,,,,D<85 no S7-9 mins,,,,,,,,,,,,,,,,,,,,,,,,,,,,,,,,,,,,,,,,,,,,,,,,,73.0,37.0,76.0,57.0,65.0,,70.0,90.0,81.0,79.0,78.0,60.0,30.0,73.0,57.0,55.0,80.0,74.0,89.0,80.0,77.0,73.0,74.0,85.0,80.0,72.0,64.0,72.0,50.0,85.0,38.0,33.0,41.0,25.0,59.0,30.0,59.0,76.0,37.0,43.0,72.0,78.0,50.0,60.0,72.0,67.0,76.0,35.0,85.0,6,0,0,0,3,3,,,,,,1.0,,,,,,,,,,1.0,,,,,,,,,,,,2.0,,,,,,,,1.0,2.0,,,2.0,,,,,,,,,,,,,,,,,,,,,,,,,,,,,,,,,,,,,,,,,,,,,,,,,,,,,,,,,,,,,,,,,,,,,,,,,,,,
871,Corie Blount,,PF,C,"6'9""",,-2.5,,,,,,,,,,,,,D<85 no S7-9 mins,,,,,,,,,,,,,,,,,,,,,,,,,,,,,,,,,,,,,,,,,,,,,,,,,70.0,36.0,70.0,35.0,75.0,,59.0,70.0,59.0,32.0,70.0,90.0,35.0,58.0,35.0,36.0,68.0,60.0,65.0,60.0,81.0,54.0,43.0,83.0,43.0,50.0,40.0,35.0,70.0,68.0,35.0,47.0,28.0,25.0,44.0,30.0,58.0,70.0,36.0,61.0,56.0,58.0,71.0,55.0,80.0,84.0,75.0,85.0,82.0,1,0,0,0,1,0,,,,,,,,,,,,,,,,,,,,,,,,,,,,,,,,,,,,2.0,,,,,,,,,,,,,,,,,,,,,,,,,,,,,,,,,,,,,,,,,,,,,,,,,,,,,,,,,,,,,,,,,,,,,,,,,,,,,,,,
868,Colin Castleton,,PF,C,"6'10""",Stretch Four Crasher,-2.5,,,,,,,,,,,,,D<85 no S7-9 mins,,,,,,,,,,,,,,,,,,,,,,,,,,,,,,,,,,,,,,,,,,,,,,,,,70.0,32.0,62.0,58.0,80.0,,66.0,78.0,70.0,69.0,83.0,50.0,45.0,67.0,58.0,54.0,63.0,63.0,80.0,85.0,80.0,64.0,64.0,65.0,65.0,67.0,67.0,67.0,38.0,80.0,47.0,50.0,57.0,33.0,60.0,37.0,52.0,62.0,32.0,37.0,65.0,62.0,54.0,50.0,74.0,80.0,69.0,55.0,95.0,3,0,0,0,2,1,,,,,,,,,,1.0,,,,,,,,,,,,,,,,,,,,,,,,,,2.0,2.0,,,,,,,,,,,,,,,,,,,,,,,,,,,,,,,,,,,,,,,,,,,,,,,,,,,,,,,,,,,,,,,,,,,,,,,,,,,,,,,
866,Cliff Levingston,,PF,SF,"6'8""",,-2.5,,,,,,,,,,,,,D<85 no S7-9 mins,,,,,,,,,,,,,,,,,,,,,,,,,,,,,,,,,,,,,,,,,,,,,,,,,76.0,45.0,72.0,55.0,75.0,,67.0,79.0,67.0,38.0,67.0,82.0,70.0,70.0,55.0,45.0,66.0,70.0,84.0,88.0,84.0,67.0,57.0,76.0,62.0,71.0,69.0,72.0,71.0,60.0,37.0,44.0,46.0,25.0,42.0,30.0,59.0,72.0,45.0,64.0,51.0,64.0,54.0,60.0,78.0,77.0,79.0,98.0,89.0,1,0,0,1,0,0,,,,,,3.0,,,,,,,,,,,,,,,,,,,,,,,,,,,,,,,,,,,,,,,,,,,,,,,,,,,,,,,,,,,,,,,,,,,,,,,,,,,,,,,,,,,,,,,,,,,,,,,,,,,,,,,,,,,,,,
865,Chucky Hepburn,,PG,,"6'2""",Clamp Thief,-2.5,,,,,,,,,,,,,D<85 no S7-9 mins,,,,,,,,,,,,,,,,,,,,,,,,,,,,,,,,,,,,,,,,,,,,,,,,,68.0,79.0,30.0,76.0,0.0,,61.0,70.0,71.0,73.0,81.0,30.0,40.0,74.0,76.0,90.0,43.0,62.0,85.0,87.0,80.0,46.0,72.0,25.0,40.0,28.0,30.0,30.0,74.0,70.0,76.0,77.0,76.0,76.0,76.0,73.0,64.0,30.0,79.0,84.0,32.0,78.0,78.0,70.0,40.0,36.0,43.0,25.0,95.0,2,0,0,0,0,2,,,,,,,,,,,,,,,,,,,,,,,,,,,1.0,,,,,,,1.0,,,,,,,,,,,,,,,,,,,,,,,,,,,,,,,,,,,,,,,,,,,,,,,,,,,,,,,,,,,,,,,,,,,,,,,,,,,,,,,,,,
864,Chucky Brown,,SF,PF,"6'9""",,-2.5,,,,,,,,,,,,,D<85 no S7-9 mins,,,,,,,,,,,,,,,,,,,,,,,,,,,,,,,,,,,,,,,,,,,,,,,,,71.0,48.0,71.0,62.0,85.0,,72.0,82.0,75.0,54.0,76.0,80.0,65.0,72.0,62.0,48.0,76.0,57.0,79.0,93.0,92.0,53.0,39.0,70.0,45.0,61.0,33.0,59.0,51.0,62.0,49.0,66.0,35.0,51.0,64.0,28.0,61.0,71.0,48.0,56.0,80.0,75.0,45.0,50.0,73.0,70.0,75.0,90.0,82.0,0,0,0,0,0,0,,,,,,,,,,,,,,,,,,,,,,,,,,,,,,,,,,,,,,,,,,,,,,,,,,,,,,,,,,,,,,,,,,,,,,,,,,,,,,,,,,,,,,,,,,,,,,,,,,,,,,,,,,,,,,,,,,,,
861,Chris Morris,,SF,,"6'8""",,-2.5,,,,,,,,,,,,,D<85 no S7-9 mins,,,,,,,,,,,,,,,,,,,,,,,,,,,,,,,,,,,,,,,,,,,,,,,,,72.0,63.0,52.0,62.0,50.0,,73.0,68.0,71.0,74.0,72.0,90.0,60.0,66.0,62.0,56.0,69.0,63.0,77.0,60.0,78.0,58.0,66.0,55.0,60.0,49.0,50.0,62.0,40.0,79.0,51.0,52.0,65.0,55.0,51.0,30.0,52.0,52.0,63.0,40.0,40.0,69.0,63.0,40.0,41.0,32.0,50.0,98.0,92.0,0,0,0,0,0,0,,,,,,,,,,,,,,,,,,,,,,,,,,,,,,,,,,,,,,,,,,,,,,,,,,,,,,,,,,,,,,,,,,,,,,,,,,,,,,,,,,,,,,,,,,,,,,,,,,,,,,,,,,,,,,,,,,,,
337,Anderson Varejao,,C,PF,"6'11""",,-2.5,,,,,,,,,,,,,D<85 no S7-9 mins,,334.0,263.0,,,,,,,,,,,,,,,,,,,,,,,,,,,,,,,,,,,,,,,,,,,,,,76.0,41.0,73.0,46.0,90.0,,66.0,68.0,89.0,28.0,61.0,88.0,60.0,65.0,46.0,41.0,65.0,58.0,80.0,97.0,70.0,65.0,68.0,65.0,52.0,63.0,57.0,55.0,73.0,85.0,43.0,58.0,35.0,25.0,64.0,31.0,65.0,73.0,41.0,67.0,61.0,84.0,60.0,70.0,78.0,76.0,80.0,65.0,89.0,5,0,0,3,1,1,,,,,,2.0,,,,,,,,,,,,,,,,,,,,3.0,,,,,,,,,,3.0,3.0,1.0,,,,,,,,,,,,,,,,,,,,,,,,,,,,,,,,,,,,,,,,,,,,,,,,,,,,,,,,,,,,,,,,,,,,,,,,,,,,,,
331,Wally Szczerbiak,,SF,SG,"6'7""",,-2.5,,,,,,,,,,,,,D<85 no S7-9 mins,,378.0,,435.0,,,,,,,,,,,,,,,,,,,,,,,,,,,,,,4.6,,0.2,0.0,0.0,0.0,,4.6,,3.5,2.3,0.0,0.0,2.0,15.5,85.0,63.0,45.0,76.0,25.0,,91.0,88.0,90.0,90.0,86.0,98.0,95.0,70.0,76.0,63.0,27.0,78.0,95.0,74.0,77.0,55.0,84.0,25.0,50.0,50.0,50.0,25.0,68.0,86.0,73.0,74.0,84.0,75.0,95.0,37.0,60.0,45.0,63.0,58.0,27.0,77.0,72.0,75.0,50.0,48.0,52.0,98.0,92.0,4,0,0,3,0,1,,3.0,,,3.0,,,,,,,,,,,,,,,,,,,,,,,,,,,,,1.0,,,,,3.0,,,2.0,31.0,4.0,3.0,4.0,2.0,0.0,0.0,2.0,10.0,0.0,6.0,0.0,0.0,0.0,3.0,1.0,15.5,2.0,1.5,2.0,1.0,0.0,0.0,0.0,1.5,0.5,0.2,0.5,0.0,,4.6,3.5,4.6,2.3,0.0,0.0,0.0,3.5,1.2,,,,,0.2,0.2,0.1,0.13,,,,,,,,,,,,,,,,,,,,,,,,,,,
329,Hot Rod Williams,Cavaliers,PF,C,"6'11""",,-2.5,,,,,,,,,,,,,D<85 no S7-9 mins,,341.0,295.0,,,,,,,,,,,,,,,,,,,,,,,,,,,,,,,,,,,,,,,,,,,,,,82.0,45.0,69.0,48.0,85.0,,69.0,84.0,44.0,25.0,74.0,98.0,90.0,72.0,48.0,45.0,78.0,75.0,85.0,90.0,85.0,75.0,49.0,95.0,60.0,80.0,80.0,86.0,76.0,72.0,48.0,50.0,36.0,38.0,49.0,68.0,63.0,69.0,45.0,62.0,45.0,77.0,62.0,80.0,83.0,84.0,82.0,85.0,89.0,7,0,0,6,1,0,,,,3.0,,3.0,,,,2.0,,3.0,,,3.0,,,,,,,,,,,,,,,,,,,,,3.0,3.0,,,,,,,,,,,,,,,,,,,,,,,,,,,,,,,,,,,,,,,,,,,,,,,,,,,,,,,,,,,,,,,,,,,,,,,,,,,,,,,
673,Antawn Jamison,Wizards,PF,SF,"6'8""",,-2.5,,,,,,,,,,,,,D<85 no S7-9 mins,,,310.0,348.0,,,,,,,,,,,,,,,,,,,,,,,,,,,,,,12.0,-0.48,0.63,2.2,0.43,0.83,0.5,1.5,3.67,6.4,0.8,0.0,0.0,18.0,14.4,87.0,66.0,78.0,73.0,50.0,,85.0,86.0,84.0,80.0,76.0,95.0,90.0,80.0,73.0,66.0,82.0,71.0,98.0,95.0,75.0,80.0,78.0,80.0,70.0,83.0,84.0,82.0,72.0,90.0,61.0,64.0,64.0,60.0,65.0,50.0,68.0,78.0,66.0,50.0,67.0,75.0,78.0,65.0,81.0,80.0,82.0,75.0,92.0,9,0,0,8,1,0,,,,3.0,,3.0,,,,3.0,2.0,3.0,,,3.0,3.0,,,,,,,,,,,,3.0,,,,,,,,,,3.0,,,,18.0,260.0,87.0,46.0,11.0,6.0,0.0,3.0,34.0,66.0,16.0,37.0,3.0,6.0,3.0,43.0,10.0,14.4,4.8,2.6,0.6,0.3,0.0,0.2,0.2,2.4,0.6,0.52,0.62,0.43,0.5,12.0,6.4,1.5,0.8,0.0,0.4,0.4,6.0,1.4,,,,,0.64,0.63,0.18,0.33,,,,,,,,,,,,,,,,,,,,,,,,,,,
671,Domantas Sabonis,Kings,C,C,"6'10""",Crafty Mid-Post Break Starter,-2.5,,,,,,,,,,,,,D<85 no S7-9 mins,,,279.0,323.0,,,,,,,,,,,,,,,,,,,,,,,,,,,,,,10.3,,0.6,0.0,0.0,2.94,1.0,0.7,,8.1,2.2,0.0,,13.0,3.8,88.0,49.0,70.0,48.0,85.0,,86.0,97.0,81.0,81.0,73.0,85.0,98.0,73.0,48.0,49.0,82.0,54.0,95.0,98.0,86.0,88.0,84.0,75.0,75.0,93.0,93.0,93.0,90.0,98.0,71.0,82.0,60.0,43.0,85.0,85.0,55.0,70.0,49.0,40.0,55.0,69.0,45.0,60.0,89.0,84.0,94.0,75.0,92.0,16,0,0,5,8,3,,,,,,,2.0,3.0,2.0,3.0,1.0,2.0,2.0,,2.0,1.0,,1.0,2.0,3.0,,,,,3.0,,,,,,,,,,,3.0,2.0,2.0,,,,13.0,49.0,14.0,11.0,1.0,3.0,0.0,0.0,5.0,10.0,0.0,1.0,4.0,4.0,1.0,10.0,2.0,3.8,1.1,0.8,0.1,0.2,0.0,0.0,0.1,0.8,0.2,0.5,0.56,0.0,1.0,10.3,8.1,0.7,2.2,0.0,0.0,0.7,7.3,1.5,,,,,0.5,0.6,0.22,0.29,,,,,,,,,,,,,,,,,,,,,,,,,,,
854,Charles Davis,,SF,PF,"6'7""",,-2.5,,,,,,,,,,,,,D<85 no S7-9 mins,,,,,,,,,,,,,,,,,,,,,,,,,,,,,,,,,,,,,,,,,,,,,,,,,73.0,59.0,60.0,48.0,50.0,,75.0,74.0,79.0,62.0,82.0,85.0,65.0,66.0,48.0,67.0,73.0,62.0,70.0,64.0,75.0,57.0,66.0,50.0,65.0,40.0,55.0,55.0,61.0,62.0,46.0,45.0,50.0,40.0,58.0,38.0,57.0,60.0,59.0,61.0,35.0,60.0,62.0,60.0,63.0,66.0,59.0,85.0,82.0,0,0,0,0,0,0,,,,,,,,,,,,,,,,,,,,,,,,,,,,,,,,,,,,,,,,,,,,,,,,,,,,,,,,,,,,,,,,,,,,,,,,,,,,,,,,,,,,,,,,,,,,,,,,,,,,,,,,,,,,,,,,,,,,
853,Channing Frye,,C,,"7'0""",,-2.5,,,,,,,,,,,,,D<85 no S7-9 mins,,,,,,,,,,,,,,,,,,,,,,,,,,,,,,,,,,,,,,,,,,,,,,,,,74.0,45.0,67.0,48.0,25.0,,75.0,70.0,82.0,84.0,79.0,82.0,50.0,62.0,48.0,45.0,68.0,60.0,75.0,58.0,83.0,62.0,70.0,60.0,59.0,72.0,69.0,68.0,47.0,48.0,39.0,28.0,37.0,25.0,70.0,37.0,53.0,67.0,45.0,36.0,53.0,70.0,57.0,45.0,49.0,32.0,66.0,75.0,85.0,3,0,0,0,2,1,2.0,,,2.0,,,,,,,,,1.0,,,,,,,,,,,,,,,,,,,,,,,,,,,,,,,,,,,,,,,,,,,,,,,,,,,,,,,,,,,,,,,,,,,,,,,,,,,,,,,,,,,,,,,,,,,,,,,,,,,,,,,
850,Cam Spencer,,PG,SG,"6'4""",Crafty Sharpshooter,-2.5,,,,,,,,,,,,,D<85 no S7-9 mins,,,,,,,,,,,,,,,,,,,,,,,,,,,,,,,,,,,,,,,,,,,,,,,,,79.0,59.0,44.0,73.0,5.0,,86.0,97.0,93.0,88.0,94.0,75.0,70.0,70.0,73.0,73.0,45.0,53.0,85.0,90.0,80.0,49.0,69.0,30.0,55.0,36.0,37.0,30.0,52.0,85.0,79.0,84.0,77.0,70.0,84.0,80.0,47.0,44.0,59.0,42.0,35.0,50.0,52.0,45.0,42.0,36.0,48.0,85.0,95.0,9,0,0,3,4,2,2.0,1.0,2.0,3.0,1.0,,,,,,,,,,,,,3.0,2.0,,,,,,2.0,,,,,,,,,,,,,,3.0,,,,,,,,,,,,,,,,,,,,,,,,,,,,,,,,,,,,,,,,,,,,,,,,,,,,,,,,,,,,,,,,,,,,,,,,,,,,,
877,Dalen Terry,,SG,SF,"6'7""",Slashing Combo Guard,-2.5,,,,,,,,,,,,,D<85 no S7-9 mins,,,,,,,,,,,,,,,,,,,,,,,,,,,,,,,,,,,,,,,,,,,,,,,,,72.0,69.0,43.0,76.0,0.0,,68.0,71.0,72.0,78.0,69.0,65.0,55.0,75.0,76.0,76.0,58.0,69.0,85.0,85.0,80.0,56.0,77.0,25.0,80.0,40.0,46.0,42.0,54.0,85.0,71.0,76.0,80.0,74.0,78.0,49.0,62.0,43.0,69.0,63.0,53.0,69.0,70.0,65.0,52.0,53.0,52.0,70.0,95.0,0,0,0,0,0,0,,,,,,,,,,,,,,,,,,,,,,,,,,,,,,,,,,,,,,,,,,,,,,,,,,,,,,,,,,,,,,,,,,,,,,,,,,,,,,,,,,,,,,,,,,,,,,,,,,,,,,,,,,,,,,,,,,,,
323,Toni Kukoc,Bulls,SF,PF,"6'11""",,-2.5,,,,,,,,,,,,,D<85 no S7-9 mins,,371.0,363.0,358.0,,,,,,,,,,,,,,,,,,,,,,,,,,,,,,7.0,-1.23,0.55,1.7,0.43,0.18,1.0,2.9,8.0,4.2,1.1,0.0,0.0,12.0,16.3,85.0,77.0,64.0,61.0,30.0,,85.0,82.0,84.0,84.0,77.0,98.0,85.0,72.0,61.0,70.0,60.0,50.0,90.0,95.0,79.0,70.0,78.0,60.0,57.0,62.0,72.0,69.0,85.0,79.0,69.0,65.0,61.0,55.0,95.0,70.0,72.0,64.0,77.0,62.0,50.0,79.0,84.0,85.0,55.0,57.0,53.0,83.0,92.0,4,0,0,2,2,0,,2.0,,3.0,,,,,,,2.0,,,,,,,,,,,,,,,,,,,,,,,,,,,,3.0,,,12.0,196.0,38.0,23.0,16.0,6.0,0.0,2.0,14.0,34.0,9.0,21.0,1.0,1.0,1.0,22.0,11.0,16.3,3.2,1.9,1.3,0.5,0.0,0.2,0.1,1.8,0.9,0.41,0.38,0.43,1.0,7.0,4.2,2.9,1.1,0.0,0.4,0.2,4.0,2.0,,,,,0.54,0.55,0.12,0.19,,,,,,,,,,,,,,,,,,,,,,,,,,,
355,Desmond Bane,,SG,SF,"6'5""",2-Way 3PT-Sniping Layup Artist,-2.5,,,,,,,,,,,,,D<85 no S7-9 mins,,307.0,271.0,274.0,,,,,,,,,,,,,,,,,,,,,,,,,,,,,,12.0,,0.59,1.9,0.33,4.42,0.86,1.3,2.0,1.9,0.0,0.0,,6.0,9.5,85.0,79.0,59.0,74.0,0.0,,88.0,94.0,84.0,86.0,91.0,80.0,95.0,78.0,74.0,80.0,56.0,78.0,92.0,85.0,78.0,62.0,89.0,35.0,75.0,49.0,61.0,56.0,43.0,84.0,73.0,74.0,80.0,70.0,74.0,68.0,65.0,59.0,79.0,42.0,52.0,78.0,78.0,70.0,46.0,45.0,48.0,75.0,95.0,9,0,0,2,3,4,2.0,2.0,,3.0,2.0,,1.0,,1.0,,1.0,,,,,,,,,,,,,,,,,,,,1.0,,,,,,,,3.0,,,6.0,57.0,19.0,3.0,2.0,0.0,0.0,1.0,5.0,13.0,3.0,9.0,6.0,7.0,0.0,3.0,4.0,9.5,3.2,0.5,0.3,0.0,0.0,0.2,0.0,0.5,0.7,0.38,0.5,0.33,0.86,12.0,1.9,1.3,0.0,0.0,0.6,0.0,1.9,2.5,,,,,0.5,0.59,0.05,0.33,,,,,,,,,,,,,,,,,,,,,,,,,,,
349,Swen Nater,,C,PF,"6'11""",,-2.5,,,,,,,,,,,,,D<85 no S7-9 mins,277.0,215.0,224.0,295.0,,,,,,,,,,,,,,,,,,,,,,,,,,,,,,12.1,-0.46,0.78,0.0,0.0,2.51,0.68,1.1,11.0,10.7,0.3,1.2,0.0,29.0,12.4,84.0,37.0,84.0,52.0,90.0,,71.0,91.0,79.0,50.0,78.0,50.0,80.0,77.0,52.0,59.0,90.0,84.0,85.0,85.0,82.0,77.0,69.0,85.0,75.0,85.0,85.0,91.0,65.0,60.0,47.0,44.0,50.0,47.0,61.0,33.0,75.0,84.0,37.0,60.0,88.0,84.0,84.0,85.0,93.0,93.0,93.0,70.0,89.0,11,0,0,7,4,0,,,,,,3.0,,,,2.0,3.0,2.0,3.0,,2.0,,,,,,,,,,,,,,,,,,2.0,,,3.0,3.0,3.0,,3.0,,29.0,359.0,121.0,107.0,11.0,3.0,12.0,1.0,52.0,67.0,0.0,2.0,17.0,25.0,23.0,84.0,17.0,12.4,4.2,3.7,0.4,0.1,0.4,0.0,0.8,2.9,0.6,0.78,0.8,0.0,0.68,12.1,10.7,1.1,0.3,1.2,0.1,2.3,8.4,1.7,,,,,0.78,0.78,0.3,0.34,,,,,,,,,,,,,,,,,,,,,,,,,,,
346,Dennis Scott,Magic,SF,SG,"6'8""",,-2.5,,,,,,,,,,,,,D<85 no S7-9 mins,,329.0,330.0,307.0,,,,,,,,,,,,,,,,,,,,,,,,,,,,,,10.8,,0.55,1.8,0.4,1.8,1.0,4.5,5.0,5.4,1.8,0.0,,6.0,6.7,84.0,72.0,55.0,68.0,0.0,,90.0,88.0,91.0,94.0,75.0,97.0,95.0,74.0,68.0,74.0,67.0,65.0,84.0,70.0,88.0,62.0,79.0,50.0,62.0,30.0,63.0,44.0,74.0,90.0,58.0,55.0,72.0,58.0,57.0,49.0,66.0,55.0,72.0,72.0,40.0,76.0,72.0,75.0,41.0,35.0,47.0,98.0,89.0,2,0,0,2,0,0,,3.0,,,,,,,,,,,,,,,,,,,,,,,,,,,,,,,,,,,,,3.0,,,6.0,40.0,12.0,6.0,5.0,2.0,0.0,1.0,4.0,10.0,2.0,5.0,2.0,2.0,0.0,6.0,0.0,6.7,2.0,1.0,0.8,0.3,0.0,0.2,0.0,1.0,0.0,0.4,0.4,0.4,1.0,10.8,5.4,4.5,1.8,0.0,0.9,0.0,5.4,0.0,,,,,0.5,0.55,0.15,0.3,,,,,,,,,,,,,,,,,,,,,,,,,,,
345,Jim Chones,,C,PF,"6'11""",,-2.5,,,,,,,,,,,,,D<85 no S7-9 mins,,,,397.0,,,,,,,,,,,,,,,,,,,,,,,,,,,,,,0.0,,,0.0,,0.0,,0.0,,0.0,0.0,0.0,,1.0,1.0,84.0,25.0,80.0,44.0,75.0,,74.0,84.0,74.0,30.0,74.0,98.0,85.0,64.0,44.0,32.0,89.0,68.0,90.0,42.0,80.0,85.0,79.0,85.0,80.0,88.0,84.0,88.0,84.0,88.0,41.0,39.0,34.0,35.0,68.0,31.0,69.0,80.0,25.0,57.0,70.0,88.0,75.0,90.0,86.0,86.0,85.0,70.0,92.0,9,0,0,3,4,2,,,,,,2.0,,,,,2.0,2.0,3.0,,2.0,,,,,,,,,,,,,,,,,,1.0,,1.0,3.0,,3.0,,,,1.0,1.0,0.0,0.0,0.0,0.0,0.0,0.0,0.0,0.0,0.0,0.0,0.0,0.0,0.0,0.0,0.0,1.0,0.0,0.0,0.0,0.0,0.0,0.0,0.0,0.0,0.0,,,,,0.0,0.0,0.0,0.0,0.0,0.0,0.0,0.0,0.0,,,,,,,0.0,0.0,,,,,,,,,,,,,,,,,,,,,,,,,,,
343,Bryant Reeves,,C,,"7'0""",,-2.5,,,,,,,,,,,,,D<85 no S7-9 mins,,402.0,343.0,447.0,,,,,,,,,,,,,,,,,,,,,,,,,,,,,,3.1,,0.26,0.0,,3.13,0.0,4.7,,9.4,0.0,1.6,0.0,4.0,5.8,84.0,33.0,78.0,60.0,95.0,,79.0,84.0,83.0,55.0,76.0,90.0,85.0,74.0,60.0,33.0,93.0,68.0,89.0,95.0,83.0,77.0,75.0,75.0,60.0,80.0,83.0,84.0,70.0,85.0,59.0,60.0,62.0,30.0,74.0,68.0,65.0,78.0,33.0,63.0,61.0,79.0,70.0,70.0,74.0,70.0,78.0,50.0,95.0,13,0,0,8,3,2,,,,3.0,,3.0,,,,2.0,3.0,2.0,3.0,,2.0,,,,3.0,1.0,,,,,1.0,,,,,,,,,,,3.0,3.0,3.0,,,,4.0,23.0,2.0,6.0,3.0,0.0,1.0,0.0,1.0,3.0,0.0,0.0,0.0,2.0,0.0,6.0,3.0,5.8,0.5,1.5,0.8,0.0,0.3,0.0,0.0,1.5,0.8,0.33,0.33,,0.0,3.1,9.4,4.7,0.0,1.6,0.0,0.0,9.4,4.7,,,,,0.33,0.26,0.26,0.09,,,,,,,,,,,,,,,,,,,,,,,,,,,
862,Chris Youngblood,,SG,SF,"6'4""",Sharpshooting Cleaner,-2.5,,,,,,,,,,,,,D<85 no S7-9 mins,,,,,,,,,,,,,,,,,,,,,,,,,,,,,,,,,,,,,,,,,,,,,,,,,68.0,64.0,42.0,72.0,0.0,,69.0,67.0,74.0,80.0,80.0,70.0,45.0,71.0,72.0,73.0,52.0,70.0,80.0,80.0,87.0,53.0,69.0,40.0,60.0,35.0,38.0,35.0,65.0,85.0,55.0,57.0,68.0,63.0,58.0,30.0,47.0,42.0,64.0,47.0,32.0,60.0,40.0,45.0,54.0,42.0,65.0,50.0,95.0,0,0,0,0,0,0,,,,,,,,,,,,,,,,,,,,,,,,,,,,,,,,,,,,,,,,,,,,,,,,,,,,,,,,,,,,,,,,,,,,,,,,,,,,,,,,,,,,,,,,,,,,,,,,,,,,,,,,,,,,,,,,,,,,
876,Dahntay Jones,,SF,,"6'6""",,-2.5,,,,,,,,,,,,,D<85 no S7-9 mins,,,,,,,,,,,,,,,,,,,,,,,,,,,,,,,,,,,,,,,,,,,,,,,,,72.0,78.0,48.0,73.0,25.0,,71.0,62.0,73.0,75.0,81.0,98.0,35.0,73.0,73.0,70.0,60.0,70.0,80.0,85.0,70.0,53.0,64.0,50.0,50.0,45.0,40.0,35.0,67.0,72.0,52.0,60.0,65.0,50.0,51.0,35.0,53.0,48.0,78.0,59.0,25.0,70.0,48.0,40.0,39.0,30.0,47.0,80.0,82.0,0,0,0,0,0,0,,,,,,,,,,,,,,,,,,,,,,,,,,,,,,,,,,,,,,,,,,,,,,,,,,,,,,,,,,,,,,,,,,,,,,,,,,,,,,,,,,,,,,,,,,,,,,,,,,,,,,,,,,,,,,,,,,,,
874,Curtis Jones,,SG,PG,"6'4""",Iso Sniper,-2.5,,,,,,,,,,,,,D<85 no S7-9 mins,,,,,,,,,,,,,,,,,,,,,,,,,,,,,,,,,,,,,,,,,,,,,,,,,68.0,60.0,25.0,76.0,35.0,,69.0,76.0,77.0,79.0,84.0,50.0,50.0,74.0,76.0,80.0,49.0,75.0,85.0,81.0,80.0,50.0,76.0,35.0,70.0,30.0,38.0,26.0,50.0,76.0,64.0,69.0,70.0,74.0,67.0,40.0,48.0,25.0,60.0,52.0,32.0,57.0,60.0,50.0,42.0,32.0,52.0,50.0,95.0,0,0,0,0,0,0,,,,,,,,,,,,,,,,,,,,,,,,,,,,,,,,,,,,,,,,,,,,,,,,,,,,,,,,,,,,,,,,,,,,,,,,,,,,,,,,,,,,,,,,,,,,,,,,,,,,,,,,,,,,,,,,,,,,
834,Bismack Biyombo,,C,,"6'8""",2-Way Crafty Finisher,-2.5,,,,,,,,,,,,,D<85 no S7-9 mins,,,,,,,,,,,,,,,,,,,,,,,,,,,,,,,,,,,,,,,,,,,,,,,,,70.0,50.0,82.0,48.0,99.0,,50.0,92.0,62.0,25.0,51.0,40.0,30.0,70.0,48.0,55.0,80.0,63.0,79.0,95.0,83.0,59.0,60.0,80.0,68.0,48.0,45.0,54.0,39.0,75.0,39.0,25.0,35.0,25.0,74.0,35.0,67.0,82.0,50.0,46.0,82.0,85.0,54.0,70.0,73.0,65.0,81.0,37.0,95.0,3,0,0,0,1,2,,,,,,,,,,,,,1.0,,,,,,,,,,,,,,,,,,,,,,,,,2.0,,1.0,,,,,,,,,,,,,,,,,,,,,,,,,,,,,,,,,,,,,,,,,,,,,,,,,,,,,,,,,,,,,,,,,,,,,,,,,,,,
819,Amari Williams,,C,PF,"6'10""",Slashing Point Center,-2.5,,,,,,,,,,,,,D<85 no S7-9 mins,,,,,,,,,,,,,,,,,,,,,,,,,,,,,,,,,,,,,,,,,,,,,,,,,69.0,60.0,70.0,66.0,0.0,,56.0,67.0,60.0,55.0,62.0,50.0,40.0,75.0,66.0,68.0,69.0,75.0,85.0,85.0,80.0,65.0,67.0,75.0,80.0,62.0,50.0,60.0,54.0,70.0,63.0,66.0,64.0,62.0,69.0,56.0,60.0,70.0,60.0,47.0,68.0,72.0,50.0,55.0,60.0,60.0,60.0,40.0,95.0,0,0,0,0,0,0,,,,,,,,,,,,,,,,,,,,,,,,,,,,,,,,,,,,,,,,,,,,,,,,,,,,,,,,,,,,,,,,,,,,,,,,,,,,,,,,,,,,,,,,,,,,,,,,,,,,,,,,,,,,,,,,,,,,
393,Jamal Crawford,,SG,SF,"6'5""",,-2.5,,,,,,,,,,,,,D<85 no S7-9 mins,,,,,,,,,,,,,,,,,,,,,,,,,,,,,,,,,,,,,,,,,,,,,,,,,81.0,61.0,43.0,71.0,15.0,,88.0,93.0,93.0,80.0,87.0,88.0,85.0,66.0,71.0,68.0,40.0,75.0,82.0,51.0,77.0,55.0,84.0,25.0,50.0,25.0,57.0,50.0,68.0,78.0,75.0,75.0,97.0,79.0,64.0,60.0,54.0,43.0,61.0,61.0,37.0,60.0,68.0,45.0,34.0,29.0,39.0,98.0,89.0,9,0,0,2,3,4,,,1.0,,,,1.0,,2.0,,,,,,,,3.0,1.0,,,3.0,1.0,2.0,2.0,,,,,,,,,,,,,,,,,,,,,,,,,,,,,,,,,,,,,,,,,,,,,,,,,,,,,,,,,,,,,,,,,,,,,,,,,,,,,,,,,,,,,,,,,,,,
371,Jonas Valanciunas,Grizzlies,C,,"6'11""",,-2.5,,,,,,,,,,,,,D<85 no S7-9 mins,,375.0,,432.0,,,,,,,,,,,,,,,,,,,,,,,,,,,,,,,,,,,,,,,,,,,,,82.0,43.0,75.0,62.0,75.0,,82.0,96.0,85.0,77.0,77.0,75.0,80.0,73.0,62.0,48.0,89.0,54.0,90.0,90.0,81.0,77.0,59.0,80.0,65.0,87.0,64.0,88.0,76.0,95.0,42.0,36.0,35.0,33.0,65.0,40.0,60.0,75.0,43.0,37.0,68.0,80.0,54.0,60.0,92.0,91.0,93.0,25.0,89.0,11,0,0,4,6,1,,,,1.0,,2.0,,2.0,,2.0,3.0,3.0,3.0,,3.0,2.0,,,,,,,,,,,,,,,,,,,,2.0,,2.0,,,,,,,,,,,,,,,,,,,,,,,,,,,,,,,,,,,,,,,,,,,,,,,,,,,,,,,,,,,,,,,,,,,,,,,,,,,,,,
370,Stephen Jackson,,SF,,"6'8""",,-2.5,,,,,,,,,,,,,D<85 no S7-9 mins,,,,,,,,,,,,,,,,,,,,,,,,,,,,,,,,,,,,,,,,,,,,,,,,,83.0,77.0,63.0,69.0,30.0,,84.0,80.0,82.0,78.0,81.0,98.0,85.0,73.0,69.0,77.0,43.0,81.0,90.0,73.0,76.0,67.0,82.0,45.0,70.0,60.0,75.0,66.0,65.0,76.0,77.0,75.0,78.0,68.0,90.0,75.0,64.0,63.0,77.0,65.0,56.0,74.0,51.0,65.0,57.0,48.0,65.0,83.0,89.0,3,0,0,2,0,1,,,,,,3.0,,,,,3.0,,,,,,,,,,,,,,,,,,,,,,,1.0,,,,,,,,,,,,,,,,,,,,,,,,,,,,,,,,,,,,,,,,,,,,,,,,,,,,,,,,,,,,,,,,,,,,,,,,,,,,,,,,,,
368,JJ Redick,Clippers,SG,,"6'4""",,-2.5,,,,,,,,,,,,,D<85 no S7-9 mins,,391.0,346.0,401.0,,,,,,,,,,,,,,,,,,,,,,,,,,,,,,9.0,,0.17,0.0,0.0,0.0,,0.0,,0.0,0.0,0.0,,4.0,2.0,83.0,79.0,35.0,60.0,0.0,,95.0,89.0,93.0,96.0,93.0,98.0,98.0,73.0,60.0,75.0,39.0,63.0,98.0,98.0,81.0,49.0,78.0,25.0,25.0,25.0,50.0,25.0,65.0,98.0,70.0,79.0,76.0,43.0,84.0,70.0,63.0,35.0,79.0,60.0,37.0,70.0,75.0,85.0,44.0,43.0,44.0,53.0,89.0,3,0,1,2,0,0,,4.0,,,3.0,,,,,,,,,,,,,,,,,,,,,,,,,,,,,,,,,,3.0,,,4.0,8.0,2.0,0.0,0.0,0.0,0.0,0.0,1.0,6.0,0.0,5.0,0.0,0.0,0.0,0.0,0.0,2.0,0.5,0.0,0.0,0.0,0.0,0.0,0.0,0.0,0.0,0.17,1.0,0.0,,9.0,0.0,0.0,0.0,0.0,0.0,0.0,0.0,0.0,,,,,0.17,0.17,0.0,0.25,,,,,,,,,,,,,,,,,,,,,,,,,,,
365,Rudy Gay,,SF,,"6'8""",,-2.5,,,,,,,,,,,,,D<85 no S7-9 mins,,403.0,410.0,425.0,,,,,,,,,,,,,,,,,,,,,,,,,,,,,,0.0,,0.0,0.0,,0.0,,0.0,,0.0,0.0,0.0,,2.0,2.0,83.0,71.0,63.0,61.0,25.0,,84.0,82.0,85.0,80.0,78.0,95.0,85.0,71.0,61.0,71.0,43.0,81.0,95.0,73.0,76.0,72.0,80.0,55.0,88.0,60.0,75.0,66.0,77.0,76.0,66.0,57.0,78.0,68.0,90.0,35.0,58.0,63.0,71.0,65.0,56.0,66.0,51.0,35.0,57.0,48.0,65.0,68.0,89.0,9,0,0,6,0,3,,,,,1.0,3.0,1.0,,1.0,,3.0,,,3.0,,,,,,,,3.0,3.0,,,,,,,,,,,3.0,,,,,,,,2.0,4.0,0.0,0.0,0.0,0.0,0.0,0.0,0.0,1.0,0.0,0.0,0.0,0.0,0.0,0.0,1.0,2.0,0.0,0.0,0.0,0.0,0.0,0.0,0.0,0.0,0.5,0.0,0.0,,,0.0,0.0,0.0,0.0,0.0,0.0,0.0,0.0,9.0,,,,,0.0,0.0,0.0,0.0,,,,,,,,,,,,,,,,,,,,,,,,,,,
364,Greg Oden,,C,,"7'0""",,-2.5,,,,,,,,,,,,,D<85 no S7-9 mins,,297.0,316.0,364.0,,,,,,,,,,,,,,,,,,,,,,,,,,,,,,10.6,,0.76,0.0,,1.18,1.0,0.6,0.33,7.7,0.6,2.4,0.0,21.0,2.9,83.0,38.0,82.0,37.0,95.0,,66.0,89.0,54.0,25.0,77.0,98.0,55.0,64.0,37.0,38.0,87.0,70.0,85.0,72.0,62.0,73.0,70.0,85.0,75.0,84.0,70.0,72.0,78.0,48.0,30.0,30.0,35.0,29.0,28.0,27.0,62.0,82.0,38.0,37.0,94.0,80.0,44.0,80.0,92.0,94.0,90.0,98.0,83.0,6,0,0,3,3,0,,,,,,2.0,,,,,,,,,,3.0,,,,,,,,,,,,,,,,,,,,3.0,3.0,2.0,,2.0,,21.0,61.0,18.0,13.0,1.0,1.0,4.0,3.0,8.0,11.0,0.0,0.0,2.0,2.0,4.0,9.0,8.0,2.9,0.9,0.6,0.0,0.0,0.2,0.1,0.2,0.4,0.4,0.73,0.73,,1.0,10.6,7.7,0.6,0.6,2.4,1.8,2.4,5.3,4.7,,,,,0.73,0.76,0.21,0.3,,,,,,,,,,,,,,,,,,,,,,,,,,,
394,Larry Hughes,,SG,PG,"6'5""",,-2.5,,,,,,,,,,,,,D<85 no S7-9 mins,,306.0,351.0,402.0,,,,,,,,,,,,,,,,,,,,,,,,,,,,,,,,,,,,,,,,,,,,,80.0,84.0,34.0,74.0,25.0,,78.0,83.0,82.0,85.0,75.0,73.0,70.0,79.0,74.0,85.0,49.0,68.0,98.0,98.0,79.0,57.0,87.0,25.0,40.0,30.0,72.0,40.0,70.0,95.0,80.0,80.0,88.0,79.0,90.0,63.0,70.0,34.0,84.0,84.0,45.0,83.0,80.0,80.0,50.0,49.0,51.0,40.0,89.0,13,0,0,5,4,4,,,,,1.0,,,,,,,,,,,,1.0,3.0,1.0,,,3.0,,,2.0,3.0,3.0,,3.0,2.0,,2.0,,1.0,,,,,,2.0,,,,,,,,,,,,,,,,,,,,,,,,,,,,,,,,,,,,,,,,,,,,,,,,,,,,,,,,,,,,,,,,,,,,,,,,,,,,
395,Jusuf Nurkic,,C,,"7'0""",Ball-Snatching Popper,-2.5,,,,,,,,,,,,,D<85 no S7-9 mins,,383.0,,409.0,,,,,,,,,,,,,,,,,,,,,,,,,,,,,,0.0,,,0.0,,0.0,,0.0,,18.0,0.0,0.0,,1.0,2.0,82.0,45.0,71.0,51.0,85.0,,78.0,97.0,88.0,79.0,55.0,75.0,75.0,67.0,51.0,49.0,90.0,50.0,86.0,75.0,72.0,74.0,68.0,75.0,65.0,77.0,72.0,77.0,70.0,85.0,58.0,70.0,40.0,25.0,82.0,73.0,65.0,71.0,45.0,73.0,56.0,79.0,60.0,70.0,83.0,73.0,93.0,85.0,95.0,9,0,0,1,4,4,,,,,,,,2.0,,2.0,,1.0,3.0,,1.0,,,,1.0,1.0,,,,,,,,,,,,,,,,2.0,,2.0,,,,1.0,2.0,0.0,1.0,0.0,0.0,0.0,0.0,0.0,0.0,0.0,0.0,0.0,0.0,0.0,1.0,0.0,2.0,0.0,1.0,0.0,0.0,0.0,0.0,0.0,1.0,0.0,,,,,0.0,18.0,0.0,0.0,0.0,0.0,0.0,18.0,0.0,,,,,,,0.5,0.0,,,,,,,,,,,,,,,,,,,,,,,,,,,
828,Asa Newell,,PF,C,"6'11""",Stretch Rim Wrecker,-2.5,,,,,,,,,,,,,D<85 no S7-9 mins,,,,,,,,,,,,,,,,,,,,,,,,,,,,,,,,,,,,,,,,,,,,,,,,,75.0,66.0,70.0,75.0,80.0,,72.0,91.0,67.0,86.0,56.0,70.0,60.0,78.0,75.0,70.0,67.0,78.0,85.0,90.0,80.0,68.0,73.0,80.0,85.0,60.0,60.0,60.0,51.0,75.0,56.0,54.0,69.0,69.0,55.0,33.0,63.0,70.0,66.0,46.0,63.0,67.0,69.0,60.0,60.0,66.0,53.0,70.0,95.0,1,0,0,0,0,1,,,,,,1.0,,,,,,,,,,,,,,,,,,,,,,,,,,,,,,,,,,,,,,,,,,,,,,,,,,,,,,,,,,,,,,,,,,,,,,,,,,,,,,,,,,,,,,,,,,,,,,,,,,,,,,,,,,,,,,
840,Brian Cook,,C,,"6'9""",,-2.5,,,,,,,,,,,,,D<85 no S7-9 mins,,,,,,,,,,,,,,,,,,,,,,,,,,,,,,,,,,,,,,,,,,,,,,,,,74.0,46.0,64.0,46.0,50.0,,81.0,74.0,79.0,84.0,83.0,98.0,69.0,53.0,46.0,41.0,57.0,42.0,70.0,54.0,63.0,54.0,48.0,63.0,54.0,54.0,54.0,52.0,25.0,85.0,45.0,46.0,43.0,46.0,45.0,46.0,60.0,64.0,46.0,70.0,69.0,57.0,63.0,49.0,72.0,66.0,77.0,98.0,82.0,0,0,0,0,0,0,,,,,,,,,,,,,,,,,,,,,,,,,,,,,,,,,,,,,,,,,,,,,,,,,,,,,,,,,,,,,,,,,,,,,,,,,,,,,,,,,,,,,,,,,,,,,,,,,,,,,,,,,,,,,,,,,,,,
841,Brian Scalabrine,,PF,SF,"6'9""",,-2.5,,,,,,,,,,,,,D<85 no S7-9 mins,,,,,,,,,,,,,,,,,,,,,,,,,,,,,,,,,,,,,,,,,,,,,,,,,74.0,39.0,42.0,45.0,50.0,,83.0,77.0,84.0,89.0,78.0,98.0,70.0,59.0,45.0,39.0,59.0,55.0,85.0,45.0,83.0,50.0,48.0,25.0,38.0,45.0,62.0,56.0,44.0,82.0,48.0,53.0,35.0,25.0,84.0,42.0,45.0,42.0,39.0,57.0,52.0,44.0,45.0,35.0,54.0,52.0,56.0,90.0,85.0,2,0,0,1,1,0,,2.0,,3.0,,,,,,,,,,,,,,,,,,,,,,,,,,,,,,,,,,,,,,,,,,,,,,,,,,,,,,,,,,,,,,,,,,,,,,,,,,,,,,,,,,,,,,,,,,,,,,,,,,,,,,,,,,,,,,,,
815,Adam Keefe,,SF,PF,"6'9""",,-2.5,,,,,,,,,,,,,D<85 no S7-9 mins,,,,,,,,,,,,,,,,,,,,,,,,,,,,,,,,,,,,,,,,,,,,,,,,,76.0,70.0,74.0,59.0,85.0,,65.0,78.0,70.0,32.0,81.0,61.0,70.0,73.0,59.0,65.0,69.0,65.0,80.0,92.0,80.0,68.0,55.0,65.0,65.0,69.0,69.0,69.0,74.0,78.0,56.0,64.0,62.0,52.0,68.0,32.0,68.0,74.0,70.0,61.0,47.0,74.0,72.0,75.0,76.0,78.0,74.0,98.0,85.0,0,0,0,0,0,0,,,,,,,,,,,,,,,,,,,,,,,,,,,,,,,,,,,,,,,,,,,,,,,,,,,,,,,,,,,,,,,,,,,,,,,,,,,,,,,,,,,,,,,,,,,,,,,,,,,,,,,,,,,,,,,,,,,,
839,Brian Cardinal,,PF,,"6'10""",,-2.5,,,,,,,,,,,,,D<85 no S7-9 mins,,,,,,,,,,,,,,,,,,,,,,,,,,,,,,,,,,,,,,,,,,,,,,,,,72.0,36.0,55.0,31.0,30.0,,76.0,67.0,70.0,88.0,70.0,98.0,65.0,56.0,31.0,36.0,52.0,55.0,77.0,62.0,81.0,57.0,57.0,45.0,45.0,52.0,56.0,55.0,50.0,95.0,38.0,35.0,44.0,31.0,35.0,44.0,50.0,55.0,36.0,48.0,55.0,68.0,55.0,30.0,60.0,62.0,58.0,98.0,82.0,1,0,0,0,0,1,,1.0,,,,,,,,,,,,,,,,,,,,,,,,,,,,,,,,,,,,,,,,,,,,,,,,,,,,,,,,,,,,,,,,,,,,,,,,,,,,,,,,,,,,,,,,,,,,,,,,,,,,,,,,,,,,,,,,,,
824,Antoine Carr,,PF,C,"6'9""",,-2.5,,,,,,,,,,,,,D<85 no S7-9 mins,,,,,,,,,,,,,,,,,,,,,,,,,,,,,,,,,,,,,,,,,,,,,,,,,70.0,36.0,70.0,36.0,65.0,,67.0,80.0,72.0,32.0,77.0,74.0,65.0,56.0,36.0,36.0,75.0,50.0,69.0,45.0,80.0,62.0,46.0,75.0,40.0,58.0,66.0,68.0,66.0,77.0,38.0,45.0,46.0,25.0,40.0,33.0,63.0,70.0,36.0,50.0,76.0,73.0,73.0,65.0,49.0,50.0,48.0,80.0,92.0,0,0,0,0,0,0,,,,,,,,,,,,,,,,,,,,,,,,,,,,,,,,,,,,,,,,,,,,,,,,,,,,,,,,,,,,,,,,,,,,,,,,,,,,,,,,,,,,,,,,,,,,,,,,,,,,,,,,,,,,,,,,,,,,
1177,Yanic Konan Niederhauser,,C,PF,"6'11""",Shot-Erasing Lob Threat,-2.5,,,,,,,,,,,,,D<85 no S7-9 mins,,,,,,,,,,,,,,,,,,,,,,,,,,,,,,,,,,,,,,,,,,,,,,,,,75.0,48.0,70.0,73.0,99.0,,66.0,95.0,62.0,40.0,74.0,65.0,60.0,77.0,73.0,64.0,64.0,90.0,85.0,85.0,80.0,66.0,70.0,85.0,80.0,55.0,54.0,55.0,47.0,80.0,37.0,29.0,44.0,41.0,40.0,29.0,57.0,70.0,48.0,30.0,87.0,69.0,45.0,50.0,74.0,72.0,76.0,65.0,95.0,1,0,0,0,0,1,,,,,,1.0,,,,,,,,,,,,,,,,,,,,,,,,,,,,,,,,,,,,,,,,,,,,,,,,,,,,,,,,,,,,,,,,,,,,,,,,,,,,,,,,,,,,,,,,,,,,,,,,,,,,,,,,,,,,,,
1005,Kam Jones,,SG,PG,"6'4""",Point-Fading Wizard,-2.5,,,,,,,,,,,,,D<85 no S7-9 mins,,,,,,,,,,,,,,,,,,,,,,,,,,,,,,,,,,,,,,,,,,,,,,,,,74.0,60.0,30.0,76.0,50.0,,74.0,91.0,79.0,73.0,66.0,70.0,65.0,73.0,76.0,75.0,52.0,60.0,88.0,85.0,80.0,54.0,79.0,30.0,60.0,40.0,40.0,40.0,54.0,89.0,77.0,79.0,82.0,76.0,79.0,70.0,44.0,30.0,60.0,41.0,25.0,58.0,57.0,40.0,40.0,36.0,44.0,40.0,95.0,2,0,0,0,0,2,,,,,,,1.0,,,,,,,,,,,,,,,,,,1.0,,,,,,,,,,,,,,,,,,,,,,,,,,,,,,,,,,,,,,,,,,,,,,,,,,,,,,,,,,,,,,,,,,,,,,,,,,,,,,,,,,,,,,,,,,,
1004,Jumaine Jones,,SF,,"6'8""",,-2.5,,,,,,,,,,,,,D<85 no S7-9 mins,,,,,,,,,,,,,,,,,,,,,,,,,,,,,,,,,,,,,,,,,,,,,,,,,71.0,62.0,60.0,72.0,30.0,,62.0,69.0,63.0,60.0,75.0,62.0,45.0,71.0,72.0,69.0,55.0,65.0,75.0,77.0,85.0,59.0,62.0,55.0,66.0,44.0,61.0,62.0,53.0,70.0,44.0,33.0,64.0,59.0,33.0,32.0,59.0,60.0,62.0,63.0,52.0,61.0,60.0,55.0,66.0,66.0,66.0,98.0,82.0,0,0,0,0,0,0,,,,,,,,,,,,,,,,,,,,,,,,,,,,,,,,,,,,,,,,,,,,,,,,,,,,,,,,,,,,,,,,,,,,,,,,,,,,,,,,,,,,,,,,,,,,,,,,,,,,,,,,,,,,,,,,,,,,
1003,Julian Phillips,,SF,PF,"6'8""",High-Flying 3PT Sniper,-2.5,,,,,,,,,,,,,D<85 no S7-9 mins,,,,,,,,,,,,,,,,,,,,,,,,,,,,,,,,,,,,,,,,,,,,,,,,,72.0,68.0,55.0,73.0,50.0,,70.0,81.0,68.0,75.0,77.0,70.0,50.0,74.0,73.0,78.0,40.0,80.0,85.0,85.0,80.0,62.0,70.0,45.0,80.0,54.0,57.0,55.0,55.0,80.0,56.0,60.0,66.0,67.0,57.0,29.0,61.0,55.0,68.0,46.0,55.0,67.0,68.0,65.0,52.0,63.0,41.0,50.0,95.0,0,0,0,0,0,0,,,,,,,,,,,,,,,,,,,,,,,,,,,,,,,,,,,,,,,,,,,,,,,,,,,,,,,,,,,,,,,,,,,,,,,,,,,,,,,,,,,,,,,,,,,,,,,,,,,,,,,,,,,,,,,,,,,,
1002,Jud Buechler,,SF,SG,"6'6""",,-2.5,,,,,,,,,,,,,D<85 no S7-9 mins,,,,,,,,,,,,,,,,,,,,,,,,,,,,,,,,,,,,,,,,,,,,,,,,,70.0,50.0,45.0,55.0,30.0,,73.0,64.0,66.0,88.0,63.0,74.0,85.0,65.0,55.0,60.0,45.0,60.0,75.0,80.0,80.0,42.0,62.0,35.0,66.0,25.0,36.0,25.0,25.0,63.0,56.0,60.0,59.0,51.0,68.0,42.0,55.0,45.0,50.0,73.0,42.0,62.0,56.0,55.0,56.0,60.0,51.0,60.0,82.0,1,0,0,0,0,1,,1.0,,,,,,,,,,,,,,,,,,,,,,,,,,,,,,,,,,,,,,,,,,,,,,,,,,,,,,,,,,,,,,,,,,,,,,,,,,,,,,,,,,,,,,,,,,,,,,,,,,,,,,,,,,,,,,,,,,
1001,Josh Minott,,PF,C,"6'8""",Rim-Rocking Stretch Four,-2.5,,,,,,,,,,,,,D<85 no S7-9 mins,,,,,,,,,,,,,,,,,,,,,,,,,,,,,,,,,,,,,,,,,,,,,,,,,74.0,67.0,59.0,72.0,50.0,,73.0,69.0,85.0,85.0,74.0,70.0,55.0,78.0,72.0,76.0,62.0,80.0,90.0,85.0,80.0,65.0,75.0,65.0,80.0,51.0,55.0,52.0,59.0,85.0,58.0,62.0,63.0,68.0,60.0,37.0,66.0,59.0,67.0,63.0,63.0,67.0,79.0,65.0,68.0,67.0,68.0,70.0,95.0,4,0,0,0,0,4,,,,,,,,,,,,,,,,,,,,,,,,,,,1.0,1.0,1.0,,,,,,,,1.0,,,,,,,,,,,,,,,,,,,,,,,,,,,,,,,,,,,,,,,,,,,,,,,,,,,,,,,,,,,,,,,,,,,,,,,,,,,,,,,
999,Jordan McRae,,SG,SF,"6'5""",,-2.5,,,,,,,,,,,,,D<85 no S7-9 mins,,,,,,,,,,,,,,,,,,,,,,,,,,,,,,,,,,,,,,,,,,,,,,,,,69.0,51.0,50.0,77.0,10.0,,67.0,71.0,70.0,83.0,69.0,48.0,60.0,76.0,77.0,68.0,58.0,67.0,90.0,84.0,90.0,62.0,82.0,40.0,80.0,33.0,56.0,45.0,78.0,79.0,55.0,60.0,72.0,67.0,42.0,35.0,49.0,50.0,51.0,56.0,58.0,45.0,60.0,25.0,44.0,35.0,53.0,68.0,82.0,1,0,0,0,0,1,,,,,,,,,,,,,,,,,,1.0,,,,,,,,,,,,,,,,,,,,,,,,,,,,,,,,,,,,,,,,,,,,,,,,,,,,,,,,,,,,,,,,,,,,,,,,,,,,,,,,,,,,,,,,,,,,,,,,,,
997,Jon McGlocklin,,SG,PF,"6'5""",,-2.5,,,,,,,,,,,,,D<85 no S7-9 mins,,,,,,,,,,,,,,,,,,,,,,,,,,,,,,,,,,,,,,,,,,,,,,,,,74.0,65.0,34.0,60.0,40.0,,84.0,82.0,89.0,87.0,86.0,80.0,80.0,66.0,60.0,68.0,53.0,30.0,83.0,85.0,85.0,44.0,57.0,25.0,47.0,25.0,51.0,25.0,53.0,72.0,64.0,65.0,67.0,62.0,64.0,63.0,53.0,34.0,65.0,50.0,25.0,63.0,58.0,75.0,37.0,39.0,35.0,80.0,92.0,1,0,0,0,1,0,,2.0,,,,,,,,,,,,,,,,,,,,,,,,,,,,,,,,,,,,,,,,,,,,,,,,,,,,,,,,,,,,,,,,,,,,,,,,,,,,,,,,,,,,,,,,,,,,,,,,,,,,,,,,,,,,,,,,,,
391,Mitchell Robinson,,C,,"7'0""",Lob Threat Board Enforcer,-2.5,,,,,,,,,,,,,D<85 no S7-9 mins,,352.0,239.0,359.0,,,,,,,,,,,,,,,,,,,,,,,,,,,,,,8.6,-0.99,0.81,0.0,,0.71,0.0,1.4,2.0,13.9,0.0,1.8,0.0,10.0,10.1,79.0,49.0,83.0,48.0,99.0,,53.0,75.0,68.0,32.0,39.0,70.0,35.0,73.0,48.0,65.0,84.0,76.0,80.0,85.0,80.0,65.0,66.0,85.0,80.0,65.0,52.0,50.0,41.0,80.0,44.0,70.0,40.0,25.0,54.0,32.0,73.0,83.0,49.0,59.0,88.0,87.0,65.0,80.0,92.0,98.0,85.0,50.0,95.0,8,0,0,3,3,2,,,,,,1.0,,,,,,,,,,1.0,,,,,,,,,,,,3.0,,,,,2.0,,2.0,,3.0,3.0,,2.0,,10.0,101.0,24.0,39.0,4.0,0.0,5.0,2.0,12.0,14.0,0.0,0.0,0.0,2.0,5.0,34.0,2.0,10.1,2.4,3.9,0.4,0.0,0.5,0.2,0.5,3.4,0.2,0.86,0.86,,0.0,8.6,13.9,1.4,0.0,1.8,0.7,1.8,12.1,0.7,,,,,0.86,0.81,0.39,0.24,,,,,,,,,,,,,,,,,,,,,,,,,,,
384,Bobby Portis Jr.,,C,PF,"6'10""",3-Level Scoring Cleaner,-2.5,,,,,,,,,,,,,D<85 no S7-9 mins,,,,367.0,,,,,,,,,,,,,,,,,,,,,,,,,,,,,,,,,,,,,,,,,,,,,81.0,40.0,78.0,65.0,20.0,,79.0,96.0,83.0,89.0,73.0,75.0,60.0,75.0,65.0,64.0,83.0,64.0,85.0,90.0,84.0,78.0,74.0,75.0,70.0,83.0,83.0,83.0,74.0,85.0,52.0,55.0,52.0,59.0,52.0,40.0,58.0,78.0,40.0,38.0,42.0,75.0,65.0,65.0,70.0,56.0,84.0,70.0,95.0,10,0,0,1,1,8,,,,1.0,,,,1.0,,1.0,,1.0,1.0,,1.0,1.0,,,,,,,,,,,,,,,,,,,,3.0,1.0,2.0,,,,,,,,,,,,,,,,,,,,,,,,,,,,,,,,,,,,,,,,,,,,,,,,,,,,,,,,,,,,,,,,,,,,,,,,,,,,,,
380,Al Harrington,,PF,SF,"6'9""",,-2.5,,,,,,,,,,,,,D<85 no S7-9 mins,,,,404.0,,,,,,,,,,,,,,,,,,,,,,,,,,,,,,,,,,,,,,,,,,,,,83.0,58.0,74.0,69.0,50.0,,82.0,73.0,81.0,89.0,69.0,95.0,85.0,76.0,69.0,58.0,68.0,85.0,95.0,80.0,80.0,71.0,70.0,45.0,85.0,78.0,80.0,76.0,48.0,85.0,64.0,62.0,70.0,62.0,72.0,54.0,69.0,74.0,58.0,74.0,65.0,74.0,74.0,65.0,73.0,70.0,75.0,75.0,89.0,3,0,0,2,0,1,,1.0,,3.0,3.0,,,,,,,,,,,,,,,,,,,,,,,,,,,,,,,,,,,,,,,,,,,,,,,,,,,,,,,,,,,,,,,,,,,,,,,,,,,,,,,,,,,,,,,,,,,,,,,,,,,,,,,,,,,,,,,
378,Clint Capela,,C,,"6'10""",Rim-Protecting Crasher,-2.5,,,,,,,,,,,,,D<85 no S7-9 mins,,338.0,276.0,,,,,,,,,,,,,,,,,,,,,,,,,,,,,,,,,,,,,,,,,,,,,,77.0,47.0,83.0,58.0,99.0,,50.0,66.0,50.0,25.0,62.0,70.0,30.0,69.0,58.0,51.0,82.0,68.0,78.0,75.0,83.0,63.0,70.0,80.0,75.0,64.0,48.0,64.0,34.0,70.0,36.0,34.0,48.0,30.0,35.0,32.0,74.0,83.0,47.0,59.0,89.0,86.0,74.0,80.0,88.0,97.0,80.0,40.0,95.0,12,0,0,2,7,3,,,,,,1.0,,,,1.0,,,1.0,,,2.0,,,,,,,,,,,,2.0,,2.0,,,2.0,,3.0,2.0,3.0,2.0,,2.0,,,,,,,,,,,,,,,,,,,,,,,,,,,,,,,,,,,,,,,,,,,,,,,,,,,,,,,,,,,,,,,,,,,,,,,,,,,,
832,Bill Wennington,,C,PF,"7'0""",,-2.5,,,,,,,,,,,,,D<85 no S7-9 mins,,,,,,,,,,,,,,,,,,,,,,,,,,,,,,,,,,,,,,,,,,,,,,,,,67.0,30.0,74.0,30.0,75.0,,70.0,72.0,72.0,37.0,86.0,75.0,75.0,51.0,30.0,30.0,70.0,30.0,65.0,55.0,77.0,52.0,31.0,50.0,40.0,58.0,63.0,66.0,45.0,66.0,35.0,34.0,45.0,25.0,39.0,32.0,63.0,74.0,30.0,58.0,51.0,77.0,76.0,75.0,57.0,57.0,57.0,60.0,79.0,0,0,0,0,0,0,,,,,,,,,,,,,,,,,,,,,,,,,,,,,,,,,,,,,,,,,,,,,,,,,,,,,,,,,,,,,,,,,,,,,,,,,,,,,,,,,,,,,,,,,,,,,,,,,,,,,,,,,,,,,,,,,,,,
827,Ariel Hukporti,,C,PF,"6'11""",Putback Rim-Rocking Eraser,-2.5,,,,,,,,,,,,,D<85 no S7-9 mins,,,,,,,,,,,,,,,,,,,,,,,,,,,,,,,,,,,,,,,,,,,,,,,,,72.0,37.0,74.0,47.0,99.0,,55.0,45.0,57.0,47.0,75.0,70.0,35.0,66.0,47.0,37.0,68.0,68.0,80.0,95.0,82.0,61.0,59.0,75.0,75.0,54.0,50.0,52.0,50.0,75.0,42.0,43.0,45.0,40.0,44.0,36.0,54.0,74.0,37.0,38.0,90.0,57.0,40.0,45.0,81.0,87.0,75.0,75.0,95.0,2,0,0,0,2,0,,,,,,,,,,,,,,,,,,,,,,,,,,,,,,,,,,,,2.0,2.0,,,,,,,,,,,,,,,,,,,,,,,,,,,,,,,,,,,,,,,,,,,,,,,,,,,,,,,,,,,,,,,,,,,,,,,,,,,,,,,
822,Anthony Gill,,C,PF,"6'8""",Crafty Rim-Rocking Stretch,-2.5,,,,,,,,,,,,,D<85 no S7-9 mins,,,,,,,,,,,,,,,,,,,,,,,,,,,,,,,,,,,,,,,,,,,,,,,,,73.0,60.0,66.0,69.0,45.0,,72.0,89.0,72.0,72.0,61.0,70.0,70.0,74.0,69.0,67.0,60.0,79.0,80.0,88.0,80.0,68.0,70.0,75.0,75.0,69.0,69.0,69.0,40.0,74.0,48.0,38.0,54.0,53.0,55.0,41.0,57.0,66.0,60.0,49.0,65.0,50.0,58.0,50.0,61.0,62.0,60.0,75.0,95.0,0,0,0,0,0,0,,,,,,,,,,,,,,,,,,,,,,,,,,,,,,,,,,,,,,,,,,,,,,,,,,,,,,,,,,,,,,,,,,,,,,,,,,,,,,,,,,,,,,,,,,,,,,,,,,,,,,,,,,,,,,,,,,,,
837,Brad Sellers,,SF,PF,"7'0""",,-2.5,,,,,,,,,,,,,D<85 no S7-9 mins,,,,,,,,,,,,,,,,,,,,,,,,,,,,,,,,,,,,,,,,,,,,,,,,,70.0,56.0,64.0,51.0,50.0,,68.0,73.0,65.0,66.0,85.0,57.0,60.0,62.0,51.0,65.0,45.0,60.0,70.0,65.0,80.0,55.0,48.0,77.0,52.0,48.0,50.0,42.0,53.0,70.0,41.0,50.0,38.0,36.0,48.0,34.0,59.0,64.0,56.0,58.0,63.0,62.0,52.0,60.0,51.0,54.0,47.0,98.0,82.0,0,0,0,0,0,0,,,,,,,,,,,,,,,,,,,,,,,,,,,,,,,,,,,,,,,,,,,,,,,,,,,,,,,,,,,,,,,,,,,,,,,,,,,,,,,,,,,,,,,,,,,,,,,,,,,,,,,,,,,,,,,,,,,,
332,Muggsy Bogues,Hornets,PG,SG,"5'3""",,-3.1,,,,,,,,,,,,,D<85 <6'2 no S7-9 mins,,395.0,405.0,,,,,,,,,,,,,,,,,,,,,,,,,1,,,,,,,,,,,,,,,,,,,,,85.0,66.0,25.0,95.0,10.0,,90.0,90.0,93.0,84.0,88.0,95.0,90.0,80.0,95.0,73.0,25.0,95.0,92.0,90.0,90.0,47.0,77.0,25.0,25.0,25.0,40.0,25.0,75.0,82.0,94.0,95.0,95.0,95.0,92.0,92.0,52.0,25.0,66.0,79.0,27.0,60.0,45.0,60.0,41.0,35.0,47.0,40.0,92.0,11,0,0,8,2,1,,,1.0,,,2.0,,,,,,,,,,,2.0,,,3.0,3.0,3.0,3.0,3.0,3.0,,3.0,,,,,,,3.0,,,,,,,,,,,,,,,,,,,,,,,,,,,,,,,,,,,,,,,,,,,,,,,,,,,,,,,,,,,,,,,,,,,,,,,,,,,,,,,,,,
863,Chucky Atkins,,PG,,"5'11""",,-3.1,,,,,,,,,,,,,D<85 <6'2 no S7-9 mins,,,,,,,,,,,,,,,,,,,,,,,,,,,,1,,,,,,,,,,,,,,,,,,,,,75.0,59.0,36.0,88.0,0.0,,79.0,64.0,81.0,80.0,81.0,98.0,70.0,75.0,88.0,74.0,37.0,77.0,84.0,80.0,84.0,48.0,74.0,25.0,48.0,26.0,43.0,25.0,47.0,95.0,76.0,74.0,72.0,88.0,74.0,71.0,45.0,36.0,59.0,38.0,30.0,55.0,49.0,45.0,38.0,34.0,41.0,88.0,85.0,4,0,0,0,1,3,,,1.0,1.0,,,,,,,,,,,,,,,,,,1.0,,,2.0,,,,,,,,,,,,,,,,,,,,,,,,,,,,,,,,,,,,,,,,,,,,,,,,,,,,,,,,,,,,,,,,,,,,,,,,,,,,,,,,,,,,,,,,,,,
663,Bobby Jackson,,PG,,"6'1""",,-3.1,,,,,,,,,,,,,D<85 <6'2 no S7-9 mins,,,,,,,,,,,,,,,,,,,,,,,,,,,,1,,,,,,,,,,,,,,,,,,,,,77.0,62.0,25.0,91.0,10.0,,79.0,79.0,83.0,80.0,81.0,70.0,80.0,73.0,91.0,73.0,43.0,77.0,85.0,63.0,81.0,45.0,80.0,25.0,25.0,27.0,40.0,28.0,64.0,72.0,81.0,84.0,84.0,91.0,85.0,62.0,48.0,25.0,62.0,63.0,32.0,60.0,51.0,40.0,47.0,38.0,56.0,70.0,85.0,7,0,0,6,0,1,,,,1.0,,,,,3.0,,,,,,,,,3.0,,,,3.0,3.0,3.0,3.0,,,,,,,,,,,,,,,,,,,,,,,,,,,,,,,,,,,,,,,,,,,,,,,,,,,,,,,,,,,,,,,,,,,,,,,,,,,,,,,,,,,,,,,,,,,
296,Damon Stoudamire,Raptors,PG,,"5'10""",,-3.1,,,,,,,,,,,,,D<85 <6'2 no S7-9 mins,,390.0,420.0,,,,,,,,,,,,,,,,,,,,,,,,,1,,,,,,,,,,,,,,,,,,,,,86.0,66.0,27.0,94.0,10.0,,89.0,88.0,85.0,89.0,84.0,95.0,90.0,78.0,94.0,74.0,51.0,84.0,98.0,71.0,72.0,47.0,88.0,25.0,25.0,25.0,40.0,25.0,80.0,70.0,92.0,93.0,89.0,95.0,94.0,90.0,49.0,27.0,66.0,63.0,25.0,74.0,47.0,40.0,44.0,41.0,46.0,75.0,92.0,13,0,0,9,1,3,2.0,,3.0,,3.0,,3.0,,3.0,,,,,,,,1.0,3.0,,1.0,3.0,3.0,3.0,3.0,1.0,,,,,,,,,,,,,,,,,,,,,,,,,,,,,,,,,,,,,,,,,,,,,,,,,,,,,,,,,,,,,,,,,,,,,,,,,,,,,,,,,,,,,,,,,,,
652,Darren Collison,,PG,,"6'0""",,-3.1,,,,,,,,,,,,,D<85 <6'2 no S7-9 mins,,,,,,,,,,,,,,,,,,,,,,,,,,,,1,,,,,,,,,,,,,,,,,,,,,78.0,80.0,34.0,88.0,0.0,,77.0,57.0,88.0,84.0,83.0,85.0,65.0,77.0,88.0,80.0,49.0,72.0,85.0,80.0,84.0,49.0,82.0,25.0,45.0,25.0,45.0,32.0,50.0,86.0,82.0,80.0,86.0,88.0,80.0,74.0,59.0,34.0,80.0,76.0,35.0,70.0,65.0,55.0,42.0,34.0,49.0,65.0,85.0,6,0,0,1,2,3,,,,2.0,2.0,,,,,,,,,,,,,1.0,,1.0,,3.0,,,1.0,,,,,,,,,,,,,,,,,,,,,,,,,,,,,,,,,,,,,,,,,,,,,,,,,,,,,,,,,,,,,,,,,,,,,,,,,,,,,,,,,,,,,,,,,,,
656,Darrell Armstrong,,PG,,"6'0""",,-3.1,,,,,,,,,,,,,D<85 <6'2 no S7-9 mins,,,,,,,,,,,,,,,,,,,,,,,,,,,,1,,,,,,,,,,,,,,,,,,,,,83.0,74.0,32.0,85.0,5.0,,83.0,80.0,86.0,79.0,79.0,94.0,80.0,76.0,85.0,80.0,44.0,75.0,84.0,84.0,80.0,53.0,84.0,25.0,80.0,25.0,29.0,25.0,76.0,80.0,85.0,84.0,85.0,88.0,88.0,82.0,58.0,32.0,74.0,81.0,40.0,68.0,42.0,70.0,35.0,29.0,41.0,80.0,89.0,9,0,0,7,0,2,,,1.0,,,,3.0,,3.0,,,,,,,,1.0,3.0,,,3.0,3.0,3.0,3.0,,,,,,,,,,,,,,,,,,,,,,,,,,,,,,,,,,,,,,,,,,,,,,,,,,,,,,,,,,,,,,,,,,,,,,,,,,,,,,,,,,,,,,,,,,,,
456,Jameer Nelson,,PG,,"6'0""",,-3.1,,,,,,,,,,,,,D<85 <6'2 no S7-9 mins,,,,,,,,,,,,,,,,,,,,,,,,,,,,1,,,,,,0.0,,,0.0,,0.0,,0.0,,0.0,0.0,0.0,,1.0,1.0,83.0,76.0,33.0,86.0,10.0,,89.0,80.0,88.0,93.0,89.0,96.0,90.0,80.0,86.0,72.0,74.0,78.0,94.0,73.0,80.0,47.0,86.0,25.0,25.0,25.0,46.0,27.0,72.0,72.0,85.0,89.0,84.0,88.0,90.0,73.0,63.0,33.0,76.0,59.0,35.0,82.0,74.0,80.0,43.0,35.0,51.0,60.0,92.0,7,0,0,4,2,1,,,,,,,,,,,3.0,,,,,,2.0,,,3.0,,1.0,3.0,2.0,3.0,,,,,,,,,,,,,,,,,1.0,1.0,0.0,0.0,0.0,0.0,0.0,0.0,0.0,0.0,0.0,0.0,0.0,0.0,0.0,0.0,0.0,1.0,0.0,0.0,0.0,0.0,0.0,0.0,0.0,0.0,0.0,,,,,0.0,0.0,0.0,0.0,0.0,0.0,0.0,0.0,0.0,,,,,,,0.0,0.0,,,,,,,,,,,,,,,,,,,,,,,,,,,
642,Miles McBride,,SG,PG,"6'1""",2-Way Iso Sniper,-3.1,,,,,,,,,,,,,D<85 <6'2 no S7-9 mins,,,,,,,,,,,,,,,,,,,,,,,,,,,,1,,,,,,,,,,,,,,,,,,,,,79.0,81.0,40.0,86.0,35.0,,80.0,58.0,97.0,86.0,81.0,80.0,75.0,78.0,86.0,86.0,44.0,80.0,85.0,85.0,80.0,54.0,80.0,25.0,65.0,25.0,58.0,48.0,55.0,80.0,73.0,72.0,88.0,80.0,72.0,52.0,61.0,40.0,81.0,42.0,40.0,78.0,74.0,75.0,40.0,37.0,44.0,90.0,95.0,8,0,0,1,2,5,,,,,,,1.0,,,,,,,,,,,,,,,,,1.0,,2.0,,,,1.0,1.0,1.0,,3.0,,,,,,2.0,,,,,,,,,,,,,,,,,,,,,,,,,,,,,,,,,,,,,,,,,,,,,,,,,,,,,,,,,,,,,,,,,,,,,,,,,,,,
714,Jamal Shead,,PG,SG,"6'1""",Speedy Blow-By Ace,-3.1,,,,,,,,,,,,,D<85 <6'2 no S7-9 mins,,,,,,,,,,,,,,,,,,,,,,,,,,,,1,,,,,,,,,,,,,,,,,,,,,76.0,77.0,34.0,97.0,0.0,,68.0,74.0,59.0,76.0,77.0,60.0,60.0,83.0,97.0,94.0,49.0,74.0,88.0,95.0,80.0,45.0,74.0,25.0,50.0,30.0,31.0,30.0,40.0,80.0,83.0,80.0,86.0,95.0,80.0,76.0,57.0,34.0,77.0,66.0,42.0,67.0,60.0,50.0,39.0,33.0,45.0,80.0,95.0,5,0,0,0,1,4,,,,,,,,,,,,,,,,,,1.0,1.0,,,2.0,,1.0,1.0,,,,,,,,,,,,,,,,,,,,,,,,,,,,,,,,,,,,,,,,,,,,,,,,,,,,,,,,,,,,,,,,,,,,,,,,,,,,,,,,,,,,,,,,,,,
951,Isaiah Stevens,,PG,SG,"6'0""",Speedy Blow-By Ace,-3.1,,,,,,,,,,,,,D<85 <6'2 no S7-9 mins,,,,,,,,,,,,,,,,,,,,,,,,,,,,1,,,,,,,,,,,,,,,,,,,,,68.0,58.0,44.0,88.0,0.0,,67.0,70.0,74.0,74.0,84.0,60.0,40.0,75.0,88.0,87.0,48.0,72.0,80.0,76.0,79.0,42.0,72.0,25.0,35.0,25.0,31.0,30.0,45.0,70.0,80.0,78.0,79.0,88.0,78.0,78.0,44.0,44.0,58.0,36.0,25.0,52.0,50.0,40.0,34.0,30.0,39.0,40.0,95.0,0,0,0,0,0,0,,,,,,,,,,,,,,,,,,,,,,,,,,,,,,,,,,,,,,,,,,,,,,,,,,,,,,,,,,,,,,,,,,,,,,,,,,,,,,,,,,,,,,,,,,,,,,,,,,,,,,,,,,,,,,,,,,,,
359,Nick Van Exel,,PG,SG,"6'1""",,-3.1,,,,,,,,,,,,,D<85 <6'2 no S7-9 mins,,416.0,,,,,,,,,,,,,,,,,,,,,,,,,,1,,,,,,,,,,,,,,,,,,,,,82.0,64.0,25.0,93.0,0.0,,82.0,78.0,86.0,86.0,76.0,74.0,90.0,81.0,93.0,78.0,45.0,81.0,95.0,89.0,84.0,48.0,84.0,25.0,27.0,25.0,40.0,25.0,60.0,94.0,85.0,83.0,86.0,93.0,84.0,79.0,52.0,25.0,64.0,58.0,27.0,62.0,72.0,55.0,41.0,34.0,48.0,50.0,92.0,13,0,0,10,2,1,,,3.0,3.0,3.0,,,,3.0,,2.0,,,,,,1.0,3.0,,,3.0,3.0,3.0,3.0,2.0,,,,,,,,,,,,,,3.0,,,,,,,,,,,,,,,,,,,,,,,,,,,,,,,,,,,,,,,,,,,,,,,,,,,,,,,,,,,,,,,,,,,,,,,,,,,,,
278,Darius Garland,,PG,SG,"6'1""",,-3.1,,,,,,,,,,,,,D<85 <6'2 no S7-9 mins,,319.0,342.0,357.0,,,,,,,,,,,,,,,,,,,,,,,,1,,,,,,45.0,,1.25,9.0,1.0,0.0,,9.0,1.0,0.0,0.0,0.0,,3.0,1.3,87.0,71.0,31.0,88.0,50.0,,85.0,96.0,85.0,86.0,88.0,75.0,80.0,81.0,88.0,88.0,40.0,84.0,95.0,95.0,80.0,54.0,90.0,25.0,40.0,32.0,37.0,42.0,74.0,90.0,88.0,92.0,89.0,88.0,95.0,76.0,54.0,31.0,71.0,56.0,35.0,69.0,66.0,50.0,40.0,36.0,44.0,80.0,92.0,15,0,0,9,4,2,3.0,2.0,3.0,3.0,3.0,,3.0,,2.0,,1.0,,,,,,3.0,1.0,,3.0,2.0,3.0,,2.0,3.0,,,,,,,,,,,,,,,,,3.0,4.0,5.0,0.0,1.0,0.0,0.0,1.0,2.0,2.0,1.0,1.0,0.0,0.0,0.0,0.0,0.0,1.3,1.7,0.0,0.3,0.0,0.0,0.3,0.0,0.0,0.0,1.0,1.0,1.0,,45.0,0.0,9.0,0.0,0.0,9.0,0.0,0.0,0.0,,,,,1.25,1.25,0.0,1.25,,,,,,,,,,,,,,,,,,,,,,,,,,,
1128,Sharife Cooper,,PG,,"6'1""",Speedy Blow-By Ace,-3.1,,,,,,,,,,,,,D<85 <6'2 no S7-9 mins,,,,,,,,,,,,,,,,,,,,,,,,,,,,1,,,,,,,,,,,,,,,,,,,,,72.0,70.0,25.0,88.0,0.0,,73.0,86.0,77.0,77.0,83.0,65.0,50.0,76.0,88.0,88.0,39.0,80.0,80.0,78.0,80.0,47.0,79.0,25.0,40.0,25.0,32.0,25.0,72.0,81.0,80.0,75.0,86.0,88.0,79.0,70.0,48.0,25.0,70.0,38.0,40.0,64.0,52.0,50.0,46.0,39.0,54.0,40.0,95.0,0,0,0,0,0,0,,,,,,,,,,,,,,,,,,,,,,,,,,,,,,,,,,,,,,,,,,,,,,,,,,,,,,,,,,,,,,,,,,,,,,,,,,,,,,,,,,,,,,,,,,,,,,,,,,,,,,,,,,,,,,,,,,,,
1132,Speedy Claxton,,PG,,"5'11""",,-3.1,,,,,,,,,,,,,D<85 <6'2 no S7-9 mins,,,,,,,,,,,,,,,,,,,,,,,,,,,,1,,,,,,,,,,,,,,,,,,,,,74.0,69.0,25.0,90.0,15.0,,68.0,67.0,71.0,41.0,76.0,80.0,75.0,74.0,90.0,79.0,35.0,84.0,85.0,63.0,81.0,43.0,75.0,25.0,25.0,27.0,25.0,25.0,56.0,85.0,81.0,80.0,80.0,90.0,80.0,73.0,60.0,25.0,69.0,76.0,50.0,65.0,67.0,65.0,49.0,53.0,45.0,80.0,85.0,2,0,0,1,0,1,,,3.0,,,,,,,,,,,,,,,,,,,1.0,,,,,,,,,,,,,,,,,,,,,,,,,,,,,,,,,,,,,,,,,,,,,,,,,,,,,,,,,,,,,,,,,,,,,,,,,,,,,,,,,,,,,,,,,,,,,,
114,Calvin Murphy,,PG,SG,"5'9""",,-3.1,,,,,,,,,,,,,D<85 <6'2 no S7-9 mins,272.0,247.0,288.0,272.0,,,,,,,,,,,,,,,,,,,,,,,,1,,,,,,17.4,0.33,0.5,0.3,0.21,5.8,0.98,6.3,3.89,1.5,0.5,0.1,0.0,28.0,14.2,91.0,80.0,54.0,96.0,0.0,,92.0,97.0,95.0,74.0,96.0,97.0,95.0,85.0,96.0,89.0,50.0,85.0,98.0,95.0,85.0,56.0,93.0,25.0,30.0,30.0,58.0,38.0,75.0,98.0,92.0,94.0,95.0,96.0,95.0,80.0,70.0,54.0,80.0,80.0,35.0,80.0,84.0,75.0,37.0,30.0,44.0,45.0,95.0,15,1,2,10,1,1,,,2.0,,,,3.0,,3.0,,1.0,,,,,,3.0,3.0,3.0,3.0,3.0,4.0,4.0,5.0,3.0,,3.0,,,,,,,3.0,,,,,,,,28.0,397.0,192.0,16.0,70.0,6.0,1.0,18.0,63.0,162.0,3.0,14.0,63.0,64.0,1.0,15.0,19.0,14.2,6.9,0.6,2.5,0.2,0.0,0.6,0.0,0.5,0.7,0.39,0.4,0.21,0.98,17.4,1.5,6.3,0.5,0.1,1.6,0.1,1.4,1.7,,,,,0.4,0.5,0.04,0.48,,,,,,,,,,,,,,,,,,,,,,,,,,,
1134,Spud Webb,,PG,SG,"5'7""",,-3.1,,,,,,,,,,,,,D<85 <6'2 no S7-9 mins,,,,,,,,,,,,,,,,,,,,,,,,,,,,1,,,,,,,,,,,,,,,,,,,,,77.0,48.0,25.0,90.0,15.0,,69.0,78.0,76.0,60.0,78.0,55.0,65.0,77.0,90.0,68.0,25.0,98.0,92.0,84.0,83.0,56.0,86.0,25.0,94.0,25.0,36.0,25.0,85.0,70.0,86.0,85.0,82.0,90.0,88.0,85.0,47.0,25.0,48.0,87.0,30.0,48.0,48.0,40.0,41.0,36.0,46.0,60.0,85.0,8,0,0,6,1,1,,,,,,,,,1.0,,,,,,,,2.0,3.0,,,3.0,3.0,3.0,3.0,3.0,,,,,,,,,,,,,,,,,,,,,,,,,,,,,,,,,,,,,,,,,,,,,,,,,,,,,,,,,,,,,,,,,,,,,,,,,,,,,,,,,,,,,,,,,,,
254,Terrell Brandon,Cavaliers,PG,,"5'11""",,-3.1,,,,,,,,,,,,,D<85 <6'2 no S7-9 mins,,337.0,391.0,347.0,,,,,,,,,,,,,,,,,,,,,,,,1,,,,,,,,,,,,,,,,,,,,,87.0,70.0,44.0,90.0,0.0,,88.0,80.0,87.0,85.0,90.0,93.0,90.0,86.0,90.0,87.0,58.0,90.0,98.0,85.0,93.0,55.0,91.0,30.0,35.0,44.0,42.0,40.0,70.0,85.0,86.0,84.0,88.0,93.0,88.0,79.0,66.0,44.0,70.0,89.0,50.0,75.0,74.0,60.0,53.0,51.0,54.0,90.0,92.0,12,0,0,9,1,2,,,,3.0,3.0,,3.0,,3.0,,,,,,,,,3.0,,1.0,2.0,3.0,3.0,3.0,1.0,,3.0,,,,,,,,,,,,,,,,,,,,,,,,,,,,,,,,,,,,,,,,,,,,,,,,,,,,,,,,,,,,,,,,,,,,,,,,,,,,,,,,,,,,,,,,,
973,JD Davison,,PG,SG,"6'1""",Blow-By High Flyer,-3.1,,,,,,,,,,,,,D<85 <6'2 no S7-9 mins,,,,,,,,,,,,,,,,,,,,,,,,,,,,1,,,,,,,,,,,,,,,,,,,,,69.0,56.0,25.0,85.0,50.0,,64.0,70.0,73.0,71.0,73.0,50.0,50.0,74.0,85.0,85.0,54.0,84.0,88.0,45.0,80.0,50.0,72.0,25.0,85.0,30.0,31.0,38.0,40.0,80.0,78.0,72.0,86.0,84.0,75.0,72.0,52.0,25.0,56.0,69.0,61.0,55.0,54.0,45.0,46.0,36.0,55.0,60.0,95.0,0,0,0,0,0,0,,,,,,,,,,,,,,,,,,,,,,,,,,,,,,,,,,,,,,,,,,,,,,,,,,,,,,,,,,,,,,,,,,,,,,,,,,,,,,,,,,,,,,,,,,,,,,,,,,,,,,,,,,,,,,,,,,,,
144,Freddie Lewis,,PG,SG,"6'0""",,-3.1,,,,,,,,,,,,,D<85 <6'2 no S7-9 mins,,299.0,333.0,366.0,,,,,,,,,,,,,,,,,,,,,,,,1,,,,,,15.6,0.06,0.58,2.4,0.35,1.38,1.0,7.3,10.5,2.8,0.3,0.0,,22.0,4.7,89.0,84.0,30.0,92.0,10.0,,89.0,88.0,89.0,77.0,86.0,95.0,98.0,85.0,92.0,87.0,50.0,85.0,98.0,90.0,92.0,59.0,89.0,25.0,35.0,40.0,54.0,50.0,85.0,90.0,88.0,88.0,88.0,90.0,88.0,84.0,68.0,30.0,84.0,80.0,40.0,82.0,80.0,80.0,30.0,30.0,30.0,98.0,95.0,11,0,0,8,3,0,,,3.0,,,,3.0,,3.0,,2.0,,,,,,3.0,3.0,,,3.0,,,,2.0,,3.0,,3.0,,,,,2.0,,,,,,,,22.0,104.0,45.0,8.0,21.0,1.0,0.0,2.0,17.0,37.0,7.0,20.0,4.0,4.0,0.0,8.0,4.0,4.7,2.0,0.4,1.0,0.0,0.0,0.1,0.0,0.4,0.2,0.46,0.59,0.35,1.0,15.6,2.8,7.3,0.3,0.0,0.7,0.0,2.8,1.4,,,,,0.55,0.58,0.08,0.43,,,,,,,,,,,,,,,,,,,,,,,,,,,
154,Kemba Walker,,PG,,"6'1""",,-3.1,,,,,,,,,,,,,D<85 <6'2 no S7-9 mins,,273.0,361.0,352.0,,,,,,,,,,,,,,,,,,,,,,,,1,,,,,,31.5,,0.6,3.0,0.29,12.0,0.88,1.5,,4.5,0.0,0.0,,13.0,1.8,89.0,75.0,32.0,85.0,20.0,,89.0,71.0,91.0,90.0,84.0,98.0,98.0,80.0,85.0,77.0,50.0,81.0,93.0,90.0,86.0,54.0,87.0,25.0,30.0,28.0,60.0,35.0,81.0,88.0,88.0,87.0,96.0,85.0,88.0,84.0,59.0,32.0,75.0,49.0,50.0,72.0,77.0,60.0,44.0,34.0,54.0,98.0,92.0,15,0,0,7,6,2,3.0,2.0,3.0,2.0,3.0,,2.0,,2.0,,,,,,,,3.0,3.0,,1.0,3.0,3.0,2.0,2.0,1.0,,,,,,,,,,,,,,,,,13.0,24.0,21.0,3.0,1.0,0.0,0.0,0.0,6.0,14.0,2.0,7.0,7.0,8.0,0.0,3.0,2.0,1.8,1.6,0.2,0.1,0.0,0.0,0.0,0.0,0.2,0.2,0.43,0.57,0.29,0.88,31.5,4.5,1.5,0.0,0.0,0.0,0.0,4.5,3.0,,,,,0.5,0.6,0.12,0.88,,,,,,,,,,,,,,,,,,,,,,,,,,,
203,Kenny Anderson,,PG,,"6'0""",,-3.1,,,,,,,,,,,,,D<85 <6'2 no S7-9 mins,,370.0,353.0,384.0,,,,,,,,,,,,,,,,,,,,,,,,1,,,,,,,,,,,,,,,,,,,,,88.0,75.0,30.0,85.0,25.0,,88.0,85.0,86.0,84.0,84.0,96.0,95.0,74.0,85.0,84.0,35.0,65.0,94.0,70.0,88.0,59.0,91.0,25.0,40.0,47.0,63.0,41.0,79.0,89.0,93.0,95.0,95.0,93.0,94.0,90.0,62.0,30.0,75.0,78.0,29.0,76.0,78.0,70.0,36.0,37.0,34.0,50.0,92.0,14,0,0,10,2,2,,,3.0,,3.0,,3.0,,3.0,,,,,,,,3.0,3.0,,1.0,3.0,3.0,3.0,3.0,1.0,2.0,,,,,2.0,,,,,,,,,,,,,,,,,,,,,,,,,,,,,,,,,,,,,,,,,,,,,,,,,,,,,,,,,,,,,,,,,,,,,,,,,,,,,,,,,,,,,
177,Kevin Johnson,,PG,,"6'1""",,-3.1,,,,,,,,,,,,,D<85 <6'2 no S7-9 mins,233.0,264.0,328.0,312.0,,,,,,,,,,,,,,,,,,,,,,,,1,,,,,,9.8,,0.42,0.0,0.0,8.18,0.8,4.9,,1.6,1.6,0.0,,5.0,4.4,89.0,76.0,45.0,91.0,25.0,,88.0,84.0,86.0,81.0,85.0,97.0,95.0,81.0,91.0,86.0,48.0,80.0,94.0,85.0,85.0,67.0,92.0,40.0,80.0,40.0,58.0,45.0,85.0,98.0,89.0,80.0,89.0,91.0,95.0,92.0,69.0,45.0,76.0,79.0,54.0,79.0,78.0,75.0,49.0,53.0,44.0,55.0,,14,0,0,11,1,2,,,,,1.0,,3.0,,3.0,,,,,3.0,,,3.0,,3.0,3.0,3.0,3.0,3.0,3.0,3.0,,1.0,,,,,,,2.0,,,,,,,,5.0,22.0,6.0,1.0,3.0,1.0,0.0,0.0,1.0,5.0,0.0,1.0,4.0,5.0,0.0,1.0,0.0,4.4,1.2,0.2,0.6,0.2,0.0,0.0,0.0,0.2,0.0,0.2,0.25,0.0,0.8,9.8,1.6,4.9,1.6,0.0,0.0,0.0,1.6,0.0,,,,,0.2,0.42,0.05,0.27,,,,,,,,,,,,,,,,,,,,,,,,,,,
149,Mahmoud Abdul-Rauf,Nuggets,PG,SG,"6'1""",,-3.1,,,,,,,,,,,,,D<85 <6'2 no S7-9 mins,,317.0,332.0,298.0,,,,,,,,,,,,,,,,,,,,,,,,1,,,,,,18.0,0.42,0.46,3.1,0.29,1.15,1.0,4.0,3.5,2.9,0.0,0.2,0.0,18.0,10.4,89.0,71.0,25.0,85.0,20.0,,92.0,89.0,88.0,88.0,96.0,98.0,90.0,78.0,85.0,78.0,32.0,87.0,94.0,78.0,92.0,61.0,89.0,25.0,80.0,25.0,81.0,30.0,76.0,85.0,82.0,82.0,80.0,85.0,80.0,81.0,54.0,25.0,71.0,62.0,30.0,73.0,48.0,70.0,35.0,31.0,39.0,98.0,92.0,13,0,0,11,1,1,3.0,3.0,3.0,3.0,3.0,,3.0,,3.0,,,,,,,,1.0,,,3.0,,,3.0,3.0,3.0,,,,,,,,,2.0,,,,,,,,18.0,188.0,94.0,15.0,21.0,0.0,1.0,6.0,36.0,100.0,16.0,55.0,6.0,6.0,2.0,13.0,5.0,10.4,5.2,0.8,1.2,0.0,0.1,0.3,0.1,0.7,0.3,0.36,0.44,0.29,1.0,18.0,2.9,4.0,0.0,0.2,1.1,0.4,2.5,1.0,,,,,0.44,0.46,0.08,0.5,,,,,,,,,,,,,,,,,,,,,,,,,,,
759,Seth Curry,,SG,PG,"6'1""",Crafty 3-Level Scorer,-3.3,,,,,,,,,,,,,D<85 <6'2 no S7-9 mins,,,,,,,,,,,,,,,,,,,,,,,,,,,,2,,,,,,,,,,,,,,,,,,,,,74.0,57.0,25.0,78.0,0.0,,79.0,70.0,95.0,89.0,80.0,70.0,70.0,72.0,78.0,78.0,41.0,68.0,89.0,80.0,80.0,43.0,85.0,25.0,36.0,27.0,35.0,30.0,35.0,69.0,68.0,75.0,78.0,77.0,75.0,37.0,44.0,25.0,57.0,40.0,42.0,54.0,55.0,35.0,42.0,37.0,48.0,50.0,95.0,7,0,0,1,2,4,1.0,1.0,,3.0,2.0,,,,,,,,,,,,,1.0,,,,1.0,,,,,,,,,,,,,,,,,2.0,,,,,,,,,,,,,,,,,,,,,,,,,,,,,,,,,,,,,,,,,,,,,,,,,,,,,,,,,,,,,,,,,,,,,,,,,,,,,
911,Eddie House,,PG,,"6'1""",,-3.3,,,,,,,,,,,,,D<85 <6'2 no S7-9 mins,,,,,,,,,,,,,,,,,,,,,,,,,,,,2,,,,,,,,,,,,,,,,,,,,,74.0,62.0,26.0,78.0,0.0,,80.0,74.0,80.0,84.0,86.0,80.0,75.0,70.0,78.0,65.0,54.0,69.0,84.0,63.0,79.0,52.0,72.0,25.0,53.0,40.0,45.0,27.0,60.0,92.0,69.0,68.0,69.0,78.0,68.0,64.0,50.0,26.0,62.0,70.0,27.0,62.0,60.0,45.0,42.0,34.0,49.0,70.0,82.0,4,0,0,0,3,1,,2.0,,2.0,1.0,,,,,,,,,,,,,,,,,,,,,,,,,,,,,,,,,,2.0,,,,,,,,,,,,,,,,,,,,,,,,,,,,,,,,,,,,,,,,,,,,,,,,,,,,,,,,,,,,,,,,,,,,,,,,,,,,,
869,Collin Gillespie,,PG,,"6'1""",3PT-Sniping Creator,-3.3,,,,,,,,,,,,,D<85 <6'2 no S7-9 mins,,,,,,,,,,,,,,,,,,,,,,,,,,,,2,,,,,,,,,,,,,,,,,,,,,81.0,62.0,33.0,82.0,0.0,,86.0,91.0,74.0,86.0,85.0,90.0,90.0,72.0,82.0,82.0,33.0,72.0,85.0,80.0,80.0,54.0,83.0,40.0,54.0,31.0,46.0,40.0,67.0,75.0,80.0,82.0,79.0,82.0,84.0,71.0,54.0,33.0,62.0,70.0,42.0,60.0,58.0,55.0,49.0,43.0,55.0,90.0,95.0,9,0,0,0,5,4,,,2.0,2.0,1.0,,2.0,,,,,,,,,,,1.0,1.0,,,,1.0,2.0,2.0,,,,,,,,,,,,,,,,,,,,,,,,,,,,,,,,,,,,,,,,,,,,,,,,,,,,,,,,,,,,,,,,,,,,,,,,,,,,,,,,,,,,,,,,,,,
590,Terry Rozier III,,PG,SG,"6'1""",Physical Tempo Pusher,-3.3,,,,,,,,,,,,,D<85 <6'2 no S7-9 mins,,,,,,,,,,,,,,,,,,,,,,,,,,,,2,,,,,,,,,,,,,,,,,,,,,74.0,75.0,55.0,82.0,0.0,,70.0,85.0,80.0,72.0,86.0,50.0,50.0,83.0,82.0,82.0,62.0,84.0,98.0,92.0,82.0,66.0,84.0,40.0,75.0,45.0,53.0,48.0,85.0,98.0,77.0,75.0,88.0,82.0,78.0,61.0,56.0,55.0,75.0,37.0,51.0,59.0,65.0,50.0,48.0,40.0,57.0,50.0,95.0,4,0,0,0,0,4,,,1.0,,1.0,,,,1.0,,,,,,,,,,,,,1.0,,,,,,,,,,,,,,,,,,,,,,,,,,,,,,,,,,,,,,,,,,,,,,,,,,,,,,,,,,,,,,,,,,,,,,,,,,,,,,,,,,,,,,,,,,,,,,
294,James Silas,,SG,,"6'1""",,-3.3,,,,,,,,,,,,,D<85 <6'2 no S7-9 mins,,401.0,419.0,,,,,,,,,,,,,,,,,,,,,,,,,2,,,,,,,,,,,,,,,,,,,,,86.0,79.0,30.0,84.0,0.0,,91.0,88.0,92.0,82.0,89.0,98.0,95.0,80.0,84.0,73.0,44.0,84.0,98.0,98.0,77.0,59.0,86.0,25.0,30.0,39.0,66.0,38.0,89.0,98.0,84.0,82.0,86.0,84.0,82.0,87.0,64.0,30.0,79.0,60.0,40.0,83.0,69.0,85.0,60.0,59.0,61.0,53.0,92.0,7,0,0,5,2,0,2.0,,,2.0,,,3.0,,3.0,,3.0,,,,,,,3.0,,,,3.0,,,,,,,,,,,,,,,,,,,,,,,,,,,,,,,,,,,,,,,,,,,,,,,,,,,,,,,,,,,,,,,,,,,,,,,,,,,,,,,,,,,,,,,,,,,,,,
691,Brandon Williams,,PG,SG,"6'1""",Physical Mid-Range Menace,-3.3,,,,,,,,,,,,,D<85 <6'2 no S7-9 mins,,,,,,,,,,,,,,,,,,,,,,,,,,,,2,,,,,,,,,,,,,,,,,,,,,80.0,62.0,33.0,79.0,50.0,,82.0,88.0,97.0,65.0,77.0,80.0,85.0,74.0,79.0,79.0,62.0,68.0,89.0,70.0,81.0,58.0,88.0,25.0,50.0,27.0,46.0,50.0,84.0,90.0,78.0,80.0,82.0,77.0,80.0,73.0,51.0,33.0,62.0,63.0,47.0,57.0,52.0,45.0,44.0,36.0,52.0,95.0,95.0,4,0,0,0,0,4,,,1.0,,1.0,,1.0,,1.0,,,,,,,,,,,,,,,,,,,,,,,,,,,,,,,,,,,,,,,,,,,,,,,,,,,,,,,,,,,,,,,,,,,,,,,,,,,,,,,,,,,,,,,,,,,,,,,,,,,,,,,,,,,
336,Scott Skiles,,PG,,"6'1""",,-3.3,,,,,,,,,,,,,D<85 <6'2 no S7-9 mins,,313.0,339.0,381.0,,,,,,,,,,,,,,,,,,,,,,,,2,,,,,,0.0,,0.0,0.0,0.0,0.0,,12.0,3.0,0.0,0.0,0.0,,3.0,3.0,84.0,75.0,65.0,81.0,0.0,,85.0,84.0,83.0,90.0,91.0,84.0,80.0,76.0,81.0,81.0,48.0,70.0,90.0,85.0,77.0,52.0,80.0,25.0,25.0,38.0,49.0,48.0,62.0,85.0,88.0,89.0,86.0,81.0,90.0,93.0,64.0,65.0,75.0,64.0,32.0,74.0,75.0,60.0,41.0,35.0,47.0,50.0,95.0,11,0,2,6,2,1,,,,,3.0,,2.0,,2.0,,,,,,,,3.0,,3.0,4.0,3.0,1.0,,,4.0,,3.0,,,,,,,3.0,,,,,,,,3.0,9.0,0.0,0.0,3.0,0.0,0.0,1.0,0.0,2.0,0.0,2.0,0.0,0.0,0.0,0.0,0.0,3.0,0.0,0.0,1.0,0.0,0.0,0.3,0.0,0.0,0.0,0.0,,0.0,,0.0,0.0,12.0,0.0,0.0,4.0,0.0,0.0,0.0,,,,,0.0,0.0,0.0,0.0,,,,,,,,,,,,,,,,,,,,,,,,,,,
873,Craig Porter Jr.,,PG,,"6'1""",Chaos Trigger,-3.3,,,,,,,,,,,,,D<85 <6'2 no S7-9 mins,,,,,,,,,,,,,,,,,,,,,,,,,,,,2,,,,,,,,,,,,,,,,,,,,,74.0,73.0,44.0,79.0,50.0,,72.0,73.0,78.0,79.0,56.0,80.0,65.0,76.0,79.0,79.0,48.0,72.0,88.0,90.0,80.0,56.0,79.0,30.0,50.0,44.0,48.0,49.0,60.0,85.0,75.0,75.0,73.0,79.0,75.0,71.0,69.0,44.0,73.0,83.0,71.0,60.0,84.0,65.0,60.0,64.0,55.0,90.0,95.0,2,0,0,0,0,2,,,,,,,,,,,,,,,,,,,,,,,,,,,1.0,,1.0,,,,,,,,,,,,,,,,,,,,,,,,,,,,,,,,,,,,,,,,,,,,,,,,,,,,,,,,,,,,,,,,,,,,,,,,,,,,,,,,,,,,,,,
191,Mike Bibby,Kings,PG,,"6'1""",,-3.3,,,,,,,,,,,,,D<85 <6'2 no S7-9 mins,,283.0,371.0,417.0,,,,,,,,,,,,,,,,,,,,,,,,2,,,,,,,,,,,,,,,,,,,,,88.0,78.0,32.0,83.0,15.0,,90.0,94.0,94.0,84.0,78.0,95.0,95.0,74.0,83.0,80.0,38.0,72.0,85.0,74.0,84.0,56.0,90.0,25.0,45.0,25.0,60.0,39.0,72.0,95.0,88.0,89.0,93.0,83.0,88.0,88.0,64.0,32.0,78.0,70.0,43.0,74.0,78.0,75.0,45.0,46.0,44.0,65.0,92.0,13,0,0,11,2,0,,2.0,,,3.0,,3.0,,3.0,,,,,,,,3.0,,3.0,3.0,3.0,2.0,3.0,3.0,3.0,,3.0,,,,,,,,,,,,,,,,,,,,,,,,,,,,,,,,,,,,,,,,,,,,,,,,,,,,,,,,,,,,,,,,,,,,,,,,,,,,,,,,,,,,,,,,,
788,Trae Young,,PG,,"6'1""",Crafty Offensive Engine,-3.3,,,,,,,,,,,,,D<85 <6'2 no S7-9 mins,263.0,,,239.0,,,,,,,,,,,,,,,,,,,,,,,,2,,,,,,22.5,1.09,0.58,3.3,0.34,2.61,1.0,6.2,2.36,1.9,0.5,0.0,0.0,12.0,12.7,88.0,55.0,31.0,84.0,0.0,,85.0,90.0,87.0,83.0,86.0,70.0,95.0,78.0,84.0,84.0,50.0,78.0,95.0,75.0,86.0,56.0,94.0,25.0,30.0,28.0,60.0,34.0,94.0,80.0,91.0,92.0,96.0,84.0,92.0,92.0,46.0,31.0,55.0,49.0,32.0,58.0,70.0,30.0,32.0,25.0,39.0,75.0,95.0,16,0,2,9,4,1,3.0,3.0,2.0,2.0,3.0,,3.0,,3.0,,2.0,,,,,,3.0,3.0,2.0,4.0,3.0,3.0,,1.0,4.0,,,,,,,,,,,,,,,,,12.0,152.0,95.0,8.0,26.0,2.0,0.0,11.0,35.0,77.0,14.0,41.0,11.0,11.0,1.0,7.0,7.0,12.7,7.9,0.7,2.2,0.2,0.0,0.9,0.1,0.6,0.6,0.46,0.58,0.34,1.0,22.5,1.9,6.2,0.5,0.0,2.6,0.2,1.7,1.7,,,,,0.55,0.58,0.05,0.62,,,,,,,,,,,,,,,,,,,,,,,,,,,
952,Jacque Vaughn,,PG,,"6'1""",,-3.3,,,,,,,,,,,,,D<85 <6'2 no S7-9 mins,,,,,,,,,,,,,,,,,,,,,,,,,,,,2,,,,,,,,,,,,,,,,,,,,,69.0,60.0,32.0,81.0,0.0,,70.0,62.0,74.0,80.0,72.0,67.0,65.0,75.0,81.0,70.0,48.0,76.0,85.0,84.0,80.0,41.0,70.0,25.0,25.0,25.0,29.0,25.0,50.0,80.0,78.0,74.0,80.0,80.0,76.0,79.0,45.0,32.0,60.0,42.0,40.0,55.0,42.0,45.0,35.0,29.0,41.0,60.0,89.0,1,0,0,0,0,1,,,,1.0,,,,,,,,,,,,,,,,,,,,,,,,,,,,,,,,,,,,,,,,,,,,,,,,,,,,,,,,,,,,,,,,,,,,,,,,,,,,,,,,,,,,,,,,,,,,,,,,,,,,,,,,,,,,,,,,
955,Jahmir Young,,PG,,"6'1""",Mid-Range Menace,-3.3,,,,,,,,,,,,,D<85 <6'2 no S7-9 mins,,,,,,,,,,,,,,,,,,,,,,,,,,,,2,,,,,,,,,,,,,,,,,,,,,67.0,64.0,27.0,80.0,0.0,,68.0,74.0,81.0,72.0,83.0,50.0,50.0,73.0,80.0,78.0,51.0,75.0,84.0,71.0,80.0,43.0,76.0,25.0,25.0,25.0,40.0,25.0,50.0,75.0,77.0,75.0,80.0,80.0,75.0,74.0,51.0,27.0,64.0,60.0,50.0,58.0,57.0,40.0,47.0,38.0,56.0,40.0,95.0,0,0,0,0,0,0,,,,,,,,,,,,,,,,,,,,,,,,,,,,,,,,,,,,,,,,,,,,,,,,,,,,,,,,,,,,,,,,,,,,,,,,,,,,,,,,,,,,,,,,,,,,,,,,,,,,,,,,,,,,,,,,,,,,
1118,Ryan Nembhard,,PG,,"6'0""",Point-Fading Wizard,-3.3,,,,,,,,,,,,,D<85 <6'2 no S7-9 mins,,,,,,,,,,,,,,,,,,,,,,,,,,,,2,,,,,,,,,,,,,,,,,,,,,75.0,66.0,31.0,80.0,25.0,,75.0,80.0,83.0,81.0,77.0,70.0,60.0,72.0,80.0,79.0,37.0,68.0,85.0,85.0,80.0,44.0,79.0,25.0,30.0,35.0,30.0,30.0,35.0,85.0,85.0,89.0,86.0,80.0,89.0,81.0,47.0,31.0,66.0,32.0,25.0,57.0,75.0,45.0,38.0,31.0,46.0,,95.0,8,0,0,1,2,5,,,1.0,1.0,,,1.0,,,,,,,,,,,1.0,2.0,2.0,,,,1.0,3.0,,,,,,,,,,,,,,,,,,,,,,,,,,,,,,,,,,,,,,,,,,,,,,,,,,,,,,,,,,,,,,,,,,,,,,,,,,,,,,,,,,,,,,,,,,,
1168,Wes Matthews,,PG,,"6'1""",,-3.3,,,,,,,,,,,,,D<85 <6'2 no S7-9 mins,,,,,,,,,,,,,,,,,,,,,,,,,,,,2,,,,,,,,,,,,,,,,,,,,,74.0,74.0,35.0,84.0,15.0,,72.0,68.0,74.0,50.0,81.0,90.0,70.0,81.0,84.0,79.0,60.0,85.0,89.0,85.0,82.0,45.0,75.0,25.0,35.0,28.0,32.0,30.0,42.0,90.0,78.0,82.0,83.0,84.0,80.0,62.0,65.0,35.0,74.0,61.0,50.0,75.0,78.0,80.0,44.0,48.0,39.0,65.0,85.0,1,0,0,0,1,0,,,,,,,,,,,,,,,,,,,,,,,,,2.0,,,,,,,,,,,,,,,,,,,,,,,,,,,,,,,,,,,,,,,,,,,,,,,,,,,,,,,,,,,,,,,,,,,,,,,,,,,,,,,,,,,,,,,,,,,
1041,LJ Cryer,,PG,,"6'0""",Iso Sniper,-3.3,,,,,,,,,,,,,D<85 <6'2 no S7-9 mins,,,,,,,,,,,,,,,,,,,,,,,,,,,,2,,,,,,,,,,,,,,,,,,,,,68.0,57.0,25.0,84.0,0.0,,71.0,80.0,79.0,81.0,85.0,50.0,50.0,71.0,84.0,82.0,32.0,70.0,80.0,78.0,83.0,42.0,70.0,25.0,30.0,25.0,32.0,25.0,44.0,81.0,76.0,77.0,79.0,84.0,77.0,65.0,45.0,25.0,57.0,37.0,35.0,57.0,57.0,45.0,42.0,35.0,49.0,40.0,95.0,1,0,0,0,0,1,,,1.0,,,,,,,,,,,,,,,,,,,,,,,,,,,,,,,,,,,,,,,,,,,,,,,,,,,,,,,,,,,,,,,,,,,,,,,,,,,,,,,,,,,,,,,,,,,,,,,,,,,,,,,,,,,,,,,,,
1064,Mo Williams,,PG,,"6'1""",,-3.3,,,,,,,,,,,,,D<85 <6'2 no S7-9 mins,,,,,,,,,,,,,,,,,,,,,,,,,,,,2,,,,,,,,,,,,,,,,,,,,,75.0,71.0,32.0,80.0,15.0,,82.0,75.0,80.0,81.0,90.0,79.0,85.0,73.0,80.0,79.0,38.0,72.0,81.0,74.0,84.0,50.0,81.0,25.0,25.0,25.0,60.0,39.0,60.0,86.0,79.0,81.0,81.0,80.0,83.0,70.0,59.0,32.0,71.0,51.0,43.0,74.0,70.0,70.0,45.0,46.0,44.0,25.0,92.0,8,0,0,0,1,7,,,,1.0,1.0,,,,2.0,,,,,,,,,1.0,,,1.0,,1.0,1.0,1.0,,,,,,,,,,,,,,,,,,,,,,,,,,,,,,,,,,,,,,,,,,,,,,,,,,,,,,,,,,,,,,,,,,,,,,,,,,,,,,,,,,,,,,,,,,,
653,Tre Jones,,PG,,"6'1""",Crafty Mid-Range Menace,-3.3,,,,,,,,,,,,,D<85 <6'2 no S7-9 mins,,,,,,,,,,,,,,,,,,,,,,,,,,,,2,,,,,,,,,,,,,,,,,,,,,80.0,73.0,34.0,80.0,90.0,,82.0,82.0,85.0,74.0,83.0,80.0,85.0,75.0,80.0,80.0,60.0,71.0,85.0,75.0,81.0,51.0,86.0,25.0,35.0,32.0,34.0,30.0,86.0,80.0,81.0,83.0,84.0,80.0,83.0,75.0,59.0,34.0,73.0,66.0,42.0,70.0,67.0,60.0,42.0,36.0,47.0,85.0,95.0,7,0,0,2,2,3,,,,,1.0,,3.0,,1.0,,,,,,,,,,2.0,2.0,,1.0,,,3.0,,,,,,,,,,,,,,,,,,,,,,,,,,,,,,,,,,,,,,,,,,,,,,,,,,,,,,,,,,,,,,,,,,,,,,,,,,,,,,,,,,,,,,,,,,,
479,Fred VanVleet,Raptors,PG,,"6'0""",,-3.3,,,,,,,,,,,,,D<85 <6'2 no S7-9 mins,,,415.0,351.0,,,,,,,,,,,,,,,,,,,,,,,,2,,,,,,0.0,,0.0,0.0,0.0,0.0,,0.0,,0.0,0.0,0.0,,1.0,3.0,83.0,83.0,27.0,83.0,0.0,,85.0,74.0,77.0,82.0,89.0,95.0,90.0,79.0,83.0,83.0,42.0,75.0,95.0,94.0,82.0,51.0,76.0,25.0,35.0,30.0,32.0,28.0,82.0,98.0,86.0,89.0,86.0,83.0,92.0,79.0,67.0,27.0,83.0,69.0,60.0,79.0,74.0,80.0,44.0,34.0,53.0,60.0,89.0,15,0,0,2,8,5,,2.0,2.0,,2.0,,1.0,,1.0,,,,,,,,,2.0,,1.0,,2.0,3.0,3.0,1.0,1.0,,,2.0,,2.0,,,2.0,,,,,,,,1.0,3.0,0.0,0.0,0.0,0.0,0.0,0.0,0.0,2.0,0.0,2.0,0.0,0.0,0.0,0.0,0.0,3.0,0.0,0.0,0.0,0.0,0.0,0.0,0.0,0.0,0.0,0.0,,0.0,,0.0,0.0,0.0,0.0,0.0,0.0,0.0,0.0,0.0,,,,,0.0,0.0,0.0,0.0,,,,,,,,,,,,,,,,,,,,,,,,,,,
619,Derek Fisher,,PG,SG,"6'1""",,-3.3,,,,,,,,,,,,,D<85 <6'2 no S7-9 mins,,,,,,,,,,,,,,,,,,,,,,,,,,,,2,,,,,,,,,,,,,,,,,,,,,77.0,77.0,47.0,84.0,0.0,,77.0,65.0,86.0,88.0,81.0,84.0,60.0,72.0,84.0,86.0,30.0,66.0,90.0,68.0,78.0,42.0,73.0,25.0,25.0,25.0,35.0,26.0,50.0,76.0,79.0,86.0,81.0,84.0,87.0,55.0,56.0,47.0,77.0,58.0,30.0,73.0,49.0,60.0,48.0,40.0,55.0,70.0,85.0,7,0,0,2,1,4,1.0,,3.0,3.0,1.0,,,,,,,,,,,,,2.0,,1.0,,1.0,,,,,,,,,,,,,,,,,,,,,,,,,,,,,,,,,,,,,,,,,,,,,,,,,,,,,,,,,,,,,,,,,,,,,,,,,,,,,,,,,,,,,,,,,,,,,,
1050,Mark Sears,,PG,,"6'1""",Iso Sniper,-3.3,,,,,,,,,,,,,D<85 <6'2 no S7-9 mins,,,,,,,,,,,,,,,,,,,,,,,,,,,,2,,,,,,,,,,,,,,,,,,,,,68.0,60.0,31.0,79.0,0.0,,72.0,78.0,83.0,79.0,84.0,50.0,55.0,73.0,79.0,79.0,40.0,70.0,85.0,80.0,80.0,44.0,76.0,25.0,30.0,25.0,40.0,29.0,45.0,80.0,77.0,76.0,83.0,79.0,76.0,72.0,46.0,31.0,60.0,50.0,30.0,60.0,52.0,40.0,34.0,30.0,37.0,40.0,89.0,0,0,0,0,0,0,,,,,,,,,,,,,,,,,,,,,,,,,,,,,,,,,,,,,,,,,,,,,,,,,,,,,,,,,,,,,,,,,,,,,,,,,,,,,,,,,,,,,,,,,,,,,,,,,,,,,,,,,,,,,,,,,,,,
480,David Wesley,,SG,,"6'0""",,-3.3,,,,,,,,,,,,,D<85 <6'2 no S7-9 mins,,,,,,,,,,,,,,,,,,,,,,,,,,,,2,,,,,,,,,,,,,,,,,,,,,84.0,79.0,44.0,83.0,0.0,,89.0,92.0,85.0,90.0,83.0,90.0,95.0,79.0,83.0,75.0,42.0,80.0,98.0,98.0,74.0,56.0,84.0,25.0,45.0,30.0,59.0,30.0,74.0,98.0,79.0,82.0,76.0,78.0,82.0,77.0,65.0,44.0,79.0,63.0,47.0,73.0,69.0,80.0,54.0,49.0,59.0,53.0,89.0,4,0,0,4,0,0,3.0,3.0,,,3.0,,,,,,,,,,,,,,,,,,,,,,,,,,,,,,,,,,3.0,,,,,,,,,,,,,,,,,,,,,,,,,,,,,,,,,,,,,,,,,,,,,,,,,,,,,,,,,,,,,,,,,,,,,,,,,,,,,
758,Scotty Pippen Jr.,,PG,SG,"6'1""",Ball-Hawking 3PT Shot Hunter,-3.3,,,,,,,,,,,,,D<85 <6'2 no S7-9 mins,,,,,,,,,,,,,,,,,,,,,,,,,,,,2,,,,,,,,,,,,,,,,,,,,,77.0,62.0,31.0,82.0,0.0,,76.0,75.0,73.0,79.0,71.0,80.0,75.0,73.0,82.0,82.0,39.0,79.0,82.0,75.0,80.0,48.0,82.0,25.0,65.0,25.0,36.0,31.0,50.0,72.0,84.0,85.0,86.0,82.0,85.0,82.0,58.0,31.0,62.0,93.0,62.0,54.0,55.0,50.0,43.0,47.0,39.0,80.0,95.0,7,0,0,0,1,6,,,,,,,,,,,,,,,,,,1.0,1.0,1.0,,,,,2.0,,1.0,,1.0,,,,,1.0,,,,,,,,,,,,,,,,,,,,,,,,,,,,,,,,,,,,,,,,,,,,,,,,,,,,,,,,,,,,,,,,,,,,,,,,,,,,,,,,,,
1160,Tyronn Lue,,PG,SG,"6'0""",,-3.3,,,,,,,,,,,,,D<85 <6'2 no S7-9 mins,,,,,,,,,,,,,,,,,,,,,,,,,,,,2,,,,,,,,,,,,,,,,,,,,,72.0,72.0,54.0,78.0,0.0,,74.0,82.0,79.0,76.0,75.0,79.0,50.0,71.0,78.0,83.0,40.0,65.0,88.0,70.0,74.0,44.0,77.0,25.0,30.0,27.0,39.0,29.0,49.0,73.0,76.0,84.0,80.0,77.0,83.0,56.0,58.0,54.0,72.0,67.0,25.0,76.0,59.0,50.0,36.0,31.0,41.0,72.0,85.0,0,0,0,0,0,0,,,,,,,,,,,,,,,,,,,,,,,,,,,,,,,,,,,,,,,,,,,,,,,,,,,,,,,,,,,,,,,,,,,,,,,,,,,,,,,,,,,,,,,,,,,,,,,,,,,,,,,,,,,,,,,,,,,,
964,Jannero Pargo,,PG,,"6'1""",,-3.3,,,,,,,,,,,,,D<85 <6'2 no S7-9 mins,,,,,,,,,,,,,,,,,,,,,,,,,,,,2,,,,,,,,,,,,,,,,,,,,,70.0,68.0,29.0,80.0,0.0,,74.0,67.0,80.0,76.0,85.0,70.0,65.0,75.0,80.0,80.0,30.0,82.0,88.0,82.0,80.0,40.0,70.0,25.0,25.0,29.0,29.0,29.0,40.0,76.0,74.0,75.0,76.0,80.0,74.0,65.0,55.0,29.0,68.0,59.0,35.0,68.0,64.0,60.0,44.0,39.0,48.0,40.0,82.0,6,0,0,0,0,6,,,,,,,,,,,,,,,,,,1.0,1.0,,,,1.0,1.0,1.0,,,1.0,,,,,,,,,,,,,,,,,,,,,,,,,,,,,,,,,,,,,,,,,,,,,,,,,,,,,,,,,,,,,,,,,,,,,,,,,,,,,,,,,,,,,,,,
825,Antonio Burks,,PG,,"6'1""",,-3.3,,,,,,,,,,,,,D<85 <6'2 no S7-9 mins,,,,,,,,,,,,,,,,,,,,,,,,,,,,2,,,,,,,,,,,,,,,,,,,,,71.0,66.0,45.0,79.0,0.0,,69.0,73.0,78.0,63.0,67.0,85.0,50.0,68.0,79.0,72.0,46.0,50.0,72.0,75.0,83.0,45.0,73.0,25.0,25.0,30.0,30.0,43.0,57.0,75.0,73.0,73.0,73.0,79.0,73.0,67.0,51.0,45.0,66.0,63.0,47.0,54.0,44.0,40.0,38.0,37.0,38.0,85.0,82.0,3,0,0,0,1,2,,,,,,,,,,,,,,,,,,2.0,,,,1.0,,,1.0,,,,,,,,,,,,,,,,,,,,,,,,,,,,,,,,,,,,,,,,,,,,,,,,,,,,,,,,,,,,,,,,,,,,,,,,,,,,,,,,,,,,,,,,,,,
1034,Larry Drew,,PG,SG,"6'1""",,-3.3,,,,,,,,,,,,,D<85 <6'2 no S7-9 mins,,,,,,,,,,,,,,,,,,,,,,,,,,,,2,,,,,,,,,,,,,,,,,,,,,71.0,65.0,25.0,79.0,20.0,,72.0,74.0,70.0,78.0,77.0,70.0,62.0,66.0,79.0,78.0,34.0,49.0,78.0,63.0,79.0,39.0,65.0,25.0,25.0,25.0,29.0,25.0,45.0,74.0,79.0,80.0,79.0,79.0,82.0,77.0,52.0,25.0,65.0,61.0,27.0,62.0,54.0,70.0,36.0,31.0,41.0,70.0,85.0,0,0,0,0,0,0,,,,,,,,,,,,,,,,,,,,,,,,,,,,,,,,,,,,,,,,,,,,,,,,,,,,,,,,,,,,,,,,,,,,,,,,,,,,,,,,,,,,,,,,,,,,,,,,,,,,,,,,,,,,,,,,,,,,
425,Dennis Schroder,,PG,SG,"6'1""",Speedy Blow-By Ace,-3.3,,,,,,,,,,,,,D<85 <6'2 no S7-9 mins,,411.0,,,,,,,,,,,,,,,,,,,,,,,,,,2,,,,,,,,,,,,,,,,,,,,,78.0,73.0,34.0,84.0,0.0,,77.0,87.0,74.0,76.0,83.0,70.0,70.0,79.0,84.0,88.0,46.0,74.0,93.0,90.0,80.0,46.0,84.0,25.0,45.0,25.0,38.0,27.0,37.0,85.0,82.0,82.0,86.0,84.0,82.0,74.0,56.0,34.0,73.0,49.0,40.0,72.0,67.0,60.0,43.0,35.0,51.0,75.0,95.0,10,0,0,0,6,4,,,,,,,2.0,,1.0,,,,,,,,2.0,2.0,2.0,1.0,,2.0,1.0,,2.0,,,,,,,,,,,,,,,1.0,,,,,,,,,,,,,,,,,,,,,,,,,,,,,,,,,,,,,,,,,,,,,,,,,,,,,,,,,,,,,,,,,,,,,,,,,,,,
977,Jerry Sichting,,PG,SG,"6'1""",,-3.3,,,,,,,,,,,,,D<85 <6'2 no S7-9 mins,,,,,,,,,,,,,,,,,,,,,,,,,,,,2,,,,,,,,,,,,,,,,,,,,,75.0,79.0,25.0,79.0,0.0,,81.0,79.0,80.0,68.0,92.0,85.0,80.0,75.0,79.0,81.0,30.0,75.0,85.0,90.0,83.0,40.0,60.0,25.0,25.0,25.0,29.0,25.0,55.0,75.0,79.0,80.0,76.0,79.0,82.0,79.0,60.0,25.0,79.0,61.0,25.0,78.0,75.0,75.0,36.0,35.0,37.0,68.0,85.0,0,0,0,0,0,0,,,,,,,,,,,,,,,,,,,,,,,,,,,,,,,,,,,,,,,,,,,,,,,,,,,,,,,,,,,,,,,,,,,,,,,,,,,,,,,,,,,,,,,,,,,,,,,,,,,,,,,,,,,,,,,,,,,,
677,T.J. McConnell,,PG,,"6'1""",2-Way Crafty Mid-Paint Maestro,-3.5,,,,,,,,,,,,,D<85 <6'2 no S7-9 mins,,,,,,,,,,,,,,,,,,,,,,,,,,,,,,,,,,,,,,,,,,,,,,,,,80.0,82.0,49.0,76.0,50.0,,82.0,98.0,96.0,73.0,85.0,80.0,60.0,74.0,76.0,82.0,44.0,65.0,85.0,92.0,83.0,48.0,76.0,25.0,25.0,44.0,58.0,38.0,40.0,79.0,85.0,88.0,79.0,73.0,86.0,97.0,73.0,49.0,82.0,94.0,50.0,70.0,87.0,80.0,44.0,36.0,53.0,85.0,95.0,9,0,0,0,3,6,,,,,1.0,,,,,,,,,,,,,1.0,,1.0,,,,1.0,2.0,,2.0,,1.0,,,,,1.0,,,,,,2.0,,,,,,,,,,,,,,,,,,,,,,,,,,,,,,,,,,,,,,,,,,,,,,,,,,,,,,,,,,,,,,,,,,,,,,,,,,,,
352,Jason Williams,,PG,,"6'1""",,-3.5,,,,,,,,,,,,,D<85 <6'2 no S7-9 mins,,410.0,,,,,,,,,,,,,,,,,,,,,,,,,,,,,,,,,,,,,,,,,,,,,,,84.0,81.0,32.0,74.0,0.0,,81.0,82.0,80.0,81.0,84.0,85.0,75.0,73.0,74.0,85.0,35.0,70.0,92.0,73.0,79.0,48.0,79.0,25.0,25.0,25.0,40.0,26.0,70.0,93.0,90.0,92.0,98.0,80.0,94.0,88.0,57.0,32.0,81.0,61.0,30.0,72.0,60.0,60.0,36.0,27.0,45.0,98.0,89.0,6,0,0,3,1,2,,,,,,,,,,,,,,,,,2.0,,,1.0,,3.0,3.0,3.0,1.0,,,,,,,,,,,,,,,,,,,,,,,,,,,,,,,,,,,,,,,,,,,,,,,,,,,,,,,,,,,,,,,,,,,,,,,,,,,,,,,,,,,,,,,,,,,
659,Tyus Jones,,PG,,"6'1""",Crafty Table Setter,-3.5,,,,,,,,,,,,,D<85 <6'2 no S7-9 mins,,,,,,,,,,,,,,,,,,,,,,,,,,,,,,,,,,,,,,,,,,,,,,,,,73.0,67.0,30.0,71.0,0.0,,71.0,88.0,71.0,70.0,89.0,70.0,40.0,69.0,71.0,71.0,34.0,57.0,92.0,87.0,84.0,49.0,89.0,25.0,30.0,28.0,40.0,35.0,70.0,78.0,79.0,84.0,86.0,69.0,88.0,67.0,55.0,30.0,67.0,66.0,35.0,60.0,80.0,50.0,36.0,31.0,41.0,70.0,95.0,8,0,0,1,2,5,,,1.0,1.0,,,3.0,,2.0,,,,,,,,,1.0,1.0,1.0,,,,,2.0,,,,,,,,,,,,,,,,,,,,,,,,,,,,,,,,,,,,,,,,,,,,,,,,,,,,,,,,,,,,,,,,,,,,,,,,,,,,,,,,,,,,,,,,,,,
998,Jordan McLaughlin,,PG,,"6'0""",Ball-Hawking 3PT Shot Hunter,-3.5,,,,,,,,,,,,,D<85 <6'2 no S7-9 mins,,,,,,,,,,,,,,,,,,,,,,,,,,,,,,,,,,,,,,,,,,,,,,,,,72.0,73.0,25.0,72.0,0.0,,75.0,73.0,74.0,86.0,75.0,85.0,55.0,70.0,72.0,74.0,52.0,74.0,80.0,70.0,83.0,46.0,84.0,25.0,65.0,25.0,25.0,25.0,49.0,70.0,76.0,83.0,84.0,70.0,80.0,62.0,56.0,25.0,73.0,86.0,25.0,52.0,74.0,60.0,44.0,35.0,53.0,50.0,95.0,3,0,0,0,0,3,,,1.0,1.0,,,1.0,,,,,,,,,,,,,,,,,,,,,,,,,,,,,,,,,,,,,,,,,,,,,,,,,,,,,,,,,,,,,,,,,,,,,,,,,,,,,,,,,,,,,,,,,,,,,,,,,,,,,,,,,,,,,
658,Henry Bibby,,PG,SG,"6'1""",,-3.5,,,,,,,,,,,,,D<85 <6'2 no S7-9 mins,,,,,,,,,,,,,,,,,,,,,,,,,,,,,,,,,,,,,,,,,,,,,,,,,80.0,77.0,30.0,76.0,0.0,,81.0,79.0,87.0,80.0,78.0,81.0,80.0,73.0,76.0,86.0,40.0,55.0,91.0,85.0,79.0,51.0,85.0,25.0,25.0,36.0,55.0,25.0,68.0,90.0,76.0,75.0,78.0,77.0,79.0,71.0,58.0,30.0,77.0,62.0,27.0,74.0,59.0,80.0,40.0,37.0,43.0,85.0,89.0,9,0,0,5,1,3,1.0,1.0,,3.0,,,,,1.0,,,,,,,,,,2.0,,,,3.0,3.0,3.0,,,,,,,,,,,,,,3.0,,,,,,,,,,,,,,,,,,,,,,,,,,,,,,,,,,,,,,,,,,,,,,,,,,,,,,,,,,,,,,,,,,,,,,,,,,,,,
647,Payton Pritchard,,PG,,"6'1""",Crafty Mid-Paint Maestro,-3.5,,,,,,,,,,,,,D<85 <6'2 no S7-9 mins,,,,,,,,,,,,,,,,,,,,,,,,,,,,,,,,,,,,,,,,,,,,,,,,,83.0,60.0,36.0,75.0,0.0,,91.0,98.0,92.0,83.0,87.0,95.0,90.0,70.0,75.0,75.0,41.0,66.0,84.0,78.0,81.0,50.0,85.0,25.0,35.0,40.0,46.0,35.0,57.0,75.0,79.0,84.0,82.0,75.0,82.0,72.0,44.0,36.0,60.0,40.0,32.0,60.0,45.0,35.0,46.0,39.0,52.0,95.0,95.0,10,0,0,4,2,4,3.0,2.0,3.0,3.0,3.0,,1.0,,,,,,,,,,,1.0,1.0,,,,,1.0,2.0,,,,,,,,,,,,,,,,,,,,,,,,,,,,,,,,,,,,,,,,,,,,,,,,,,,,,,,,,,,,,,,,,,,,,,,,,,,,,,,,,,,,,,,,,,,
680,Aaron Holiday,,SG,PG,"6'0""",Crafty Offensive Engine,-3.5,,,,,,,,,,,,,D<85 <6'2 no S7-9 mins,,,,,,,,,,,,,,,,,,,,,,,,,,,,,,,,,,,,,,,,,,,,,,,,,73.0,68.0,34.0,76.0,0.0,,81.0,94.0,89.0,82.0,86.0,70.0,65.0,71.0,76.0,77.0,49.0,56.0,85.0,85.0,84.0,49.0,79.0,25.0,60.0,25.0,45.0,32.0,47.0,80.0,73.0,82.0,86.0,76.0,82.0,37.0,54.0,34.0,68.0,42.0,50.0,67.0,69.0,45.0,34.0,29.0,40.0,50.0,95.0,2,0,0,0,1,1,,,,2.0,,,,,,,,,,,,,,1.0,,,,,,,,,,,,,,,,,,,,,,,,,,,,,,,,,,,,,,,,,,,,,,,,,,,,,,,,,,,,,,,,,,,,,,,,,,,,,,,,,,,,,,,,,,,,,,,,,,
1147,Tony Bennett,,PG,SG,"6'0""",,-3.5,,,,,,,,,,,,,D<85 <6'2 no S7-9 mins,,,,,,,,,,,,,,,,,,,,,,,,,,,,,,,,,,,,,,,,,,,,,,,,,68.0,58.0,25.0,74.0,10.0,,70.0,70.0,70.0,80.0,73.0,60.0,65.0,66.0,74.0,74.0,25.0,42.0,80.0,86.0,79.0,41.0,60.0,25.0,25.0,25.0,40.0,25.0,48.0,76.0,74.0,75.0,75.0,73.0,79.0,70.0,47.0,25.0,58.0,63.0,25.0,55.0,45.0,55.0,37.0,33.0,40.0,67.0,82.0,1,0,0,0,0,1,,,,1.0,,,,,,,,,,,,,,,,,,,,,,,,,,,,,,,,,,,,,,,,,,,,,,,,,,,,,,,,,,,,,,,,,,,,,,,,,,,,,,,,,,,,,,,,,,,,,,,,,,,,,,,,,,,,,,,,
930,Greg Anthony,,PG,SG,"6'0""",,-3.5,,,,,,,,,,,,,D<85 <6'2 no S7-9 mins,,,,,,,,,,,,,,,,,,,,,,,,,,,,,,,,,,,,,,,,,,,,,,,,,75.0,64.0,32.0,77.0,15.0,,75.0,75.0,74.0,80.0,78.0,67.0,75.0,75.0,77.0,78.0,44.0,75.0,84.0,84.0,80.0,44.0,76.0,25.0,25.0,25.0,29.0,25.0,64.0,80.0,81.0,84.0,84.0,80.0,84.0,73.0,54.0,32.0,64.0,81.0,40.0,60.0,42.0,60.0,35.0,29.0,41.0,75.0,89.0,3,0,0,0,2,1,,,,1.0,,,,,,,,,,,,,,,,,,2.0,,,2.0,,,,,,,,,,,,,,,,,,,,,,,,,,,,,,,,,,,,,,,,,,,,,,,,,,,,,,,,,,,,,,,,,,,,,,,,,,,,,,,,,,,,,,,,,,,
1011,Keith Erickson,,SF,SG,"6'0""",,-3.5,,,,,,,,,,,,,D<85 <6'2 no S7-9 mins,,,,,,,,,,,,,,,,,,,,,,,,,,,,,,,,,,,,,,,,,,,,,,,,,74.0,60.0,54.0,73.0,55.0,,72.0,74.0,68.0,67.0,80.0,75.0,70.0,76.0,73.0,68.0,60.0,79.0,95.0,77.0,77.0,60.0,75.0,38.0,81.0,55.0,55.0,55.0,49.0,70.0,68.0,70.0,66.0,67.0,68.0,69.0,56.0,54.0,60.0,70.0,35.0,60.0,55.0,60.0,55.0,50.0,60.0,90.0,85.0,0,0,0,0,0,0,,,,,,,,,,,,,,,,,,,,,,,,,,,,,,,,,,,,,,,,,,,,,,,,,,,,,,,,,,,,,,,,,,,,,,,,,,,,,,,,,,,,,,,,,,,,,,,,,,,,,,,,,,,,,,,,,,,,
979,Jevon Carter,,PG,SG,"6'1""",Crafty Sharpshooter,-3.5,,,,,,,,,,,,,D<85 <6'2 no S7-9 mins,,,,,,,,,,,,,,,,,,,,,,,,,,,,,,,,,,,,,,,,,,,,,,,,,74.0,79.0,34.0,76.0,50.0,,79.0,78.0,89.0,82.0,82.0,80.0,65.0,75.0,76.0,83.0,60.0,71.0,85.0,76.0,81.0,44.0,75.0,25.0,35.0,32.0,34.0,30.0,40.0,80.0,69.0,75.0,79.0,76.0,70.0,45.0,66.0,34.0,79.0,76.0,55.0,72.0,75.0,70.0,42.0,36.0,48.0,60.0,95.0,2,0,0,0,0,2,,,,,,,,,,,,,,,,,,,,,,,,1.0,,,,,,,,,,1.0,,,,,,,,,,,,,,,,,,,,,,,,,,,,,,,,,,,,,,,,,,,,,,,,,,,,,,,,,,,,,,,,,,,,,,,,,,,,,,,,,,
1022,KJ Simpson,,PG,,"6'0""",Tempo Setter,-3.5,,,,,,,,,,,,,D<85 <6'2 no S7-9 mins,,,,,,,,,,,,,,,,,,,,,,,,,,,,,,,,,,,,,,,,,,,,,,,,,73.0,64.0,42.0,76.0,0.0,,71.0,76.0,53.0,74.0,81.0,75.0,65.0,76.0,76.0,83.0,52.0,82.0,85.0,80.0,80.0,48.0,78.0,25.0,50.0,28.0,40.0,37.0,50.0,80.0,78.0,78.0,87.0,76.0,78.0,71.0,54.0,42.0,64.0,86.0,25.0,59.0,59.0,40.0,48.0,38.0,57.0,70.0,95.0,4,0,0,0,0,4,,,,,,,1.0,,,,,,,,,,,,1.0,,,,,1.0,1.0,,,,,,,,,,,,,,,,,,,,,,,,,,,,,,,,,,,,,,,,,,,,,,,,,,,,,,,,,,,,,,,,,,,,,,,,,,,,,,,,,,,,,,,,,,,
